This is XeTeX, Version 3.141592653-2.6-0.999996 (TeX Live 2024) (preloaded format=xelatex 2024.9.17)  22 APR 2026 00:12
entering extended mode
 restricted \write18 enabled.
 %&-line parsing enabled.
**projectnamenotset.tex
(./projectnamenotset.tex
LaTeX2e <2023-11-01> patch level 1
L3 programming layer <2024-02-20>
(./jupyterBook.cls
Document Class: jupyterBook 2020/11/06
(/usr/local/texlive/2024/texmf-dist/tex/latex/xcolor/xcolor.sty
Package: xcolor 2023/11/15 v3.01 LaTeX color extensions (UK)

(/usr/local/texlive/2024/texmf-dist/tex/latex/graphics-cfg/color.cfg
File: color.cfg 2016/01/02 v1.6 sample color configuration
)
Package xcolor Info: Driver file: xetex.def on input line 274.

(/usr/local/texlive/2024/texmf-dist/tex/latex/graphics-def/xetex.def
File: xetex.def 2022/09/22 v5.0n Graphics/color driver for xetex
)
(/usr/local/texlive/2024/texmf-dist/tex/latex/graphics/mathcolor.ltx)
Package xcolor Info: Model `cmy' substituted by `cmy0' on input line 1350.
Package xcolor Info: Model `RGB' extended on input line 1366.
Package xcolor Info: Model `HTML' substituted by `rgb' on input line 1368.
Package xcolor Info: Model `Hsb' substituted by `hsb' on input line 1369.
Package xcolor Info: Model `tHsb' substituted by `hsb' on input line 1370.
Package xcolor Info: Model `HSB' substituted by `hsb' on input line 1371.
Package xcolor Info: Model `Gray' substituted by `gray' on input line 1372.
Package xcolor Info: Model `wave' substituted by `hsb' on input line 1373.
)
(/usr/local/texlive/2024/texmf-dist/tex/latex/base/inputenc.sty
Package: inputenc 2021/02/14 v1.3d Input encoding file
\inpenc@prehook=\toks17
\inpenc@posthook=\toks18


Package inputenc Warning: inputenc package ignored with utf8 based engines.

) (/usr/local/texlive/2024/texmf-dist/tex/latex/graphics/graphicx.sty
Package: graphicx 2021/09/16 v1.2d Enhanced LaTeX Graphics (DPC,SPQR)

(/usr/local/texlive/2024/texmf-dist/tex/latex/graphics/keyval.sty
Package: keyval 2022/05/29 v1.15 key=value parser (DPC)
\KV@toks@=\toks19
)
(/usr/local/texlive/2024/texmf-dist/tex/latex/graphics/graphics.sty
Package: graphics 2022/03/10 v1.4e Standard LaTeX Graphics (DPC,SPQR)

(/usr/local/texlive/2024/texmf-dist/tex/latex/graphics/trig.sty
Package: trig 2021/08/11 v1.11 sin cos tan (DPC)
)
(/usr/local/texlive/2024/texmf-dist/tex/latex/graphics-cfg/graphics.cfg
File: graphics.cfg 2016/06/04 v1.11 sample graphics configuration
)
Package graphics Info: Driver file: xetex.def on input line 107.
)
\Gin@req@height=\dimen140
\Gin@req@width=\dimen141
)
(/usr/local/texlive/2024/texmf-dist/tex/latex/amsmath/amsmath.sty
Package: amsmath 2023/05/13 v2.17o AMS math features
\@mathmargin=\skip48

For additional information on amsmath, use the `?' option.
(/usr/local/texlive/2024/texmf-dist/tex/latex/amsmath/amstext.sty
Package: amstext 2021/08/26 v2.01 AMS text

(/usr/local/texlive/2024/texmf-dist/tex/latex/amsmath/amsgen.sty
File: amsgen.sty 1999/11/30 v2.0 generic functions
\@emptytoks=\toks20
\ex@=\dimen142
))
(/usr/local/texlive/2024/texmf-dist/tex/latex/amsmath/amsbsy.sty
Package: amsbsy 1999/11/29 v1.2d Bold Symbols
\pmbraise@=\dimen143
)
(/usr/local/texlive/2024/texmf-dist/tex/latex/amsmath/amsopn.sty
Package: amsopn 2022/04/08 v2.04 operator names
)
\inf@bad=\count184
LaTeX Info: Redefining \frac on input line 234.
\uproot@=\count185
\leftroot@=\count186
LaTeX Info: Redefining \overline on input line 399.
LaTeX Info: Redefining \colon on input line 410.
\classnum@=\count187
\DOTSCASE@=\count188
LaTeX Info: Redefining \ldots on input line 496.
LaTeX Info: Redefining \dots on input line 499.
LaTeX Info: Redefining \cdots on input line 620.
\Mathstrutbox@=\box51
\strutbox@=\box52
LaTeX Info: Redefining \big on input line 722.
LaTeX Info: Redefining \Big on input line 723.
LaTeX Info: Redefining \bigg on input line 724.
LaTeX Info: Redefining \Bigg on input line 725.
\big@size=\dimen144
LaTeX Font Info:    Redeclaring font encoding OML on input line 743.
LaTeX Font Info:    Redeclaring font encoding OMS on input line 744.
\macc@depth=\count189
LaTeX Info: Redefining \bmod on input line 905.
LaTeX Info: Redefining \pmod on input line 910.
LaTeX Info: Redefining \smash on input line 940.
LaTeX Info: Redefining \relbar on input line 970.
LaTeX Info: Redefining \Relbar on input line 971.
\c@MaxMatrixCols=\count190
\dotsspace@=\muskip16
\c@parentequation=\count191
\dspbrk@lvl=\count192
\tag@help=\toks21
\row@=\count193
\column@=\count194
\maxfields@=\count195
\andhelp@=\toks22
\eqnshift@=\dimen145
\alignsep@=\dimen146
\tagshift@=\dimen147
\tagwidth@=\dimen148
\totwidth@=\dimen149
\lineht@=\dimen150
\@envbody=\toks23
\multlinegap=\skip49
\multlinetaggap=\skip50
\mathdisplay@stack=\toks24
LaTeX Info: Redefining \[ on input line 2953.
LaTeX Info: Redefining \] on input line 2954.
)
(/usr/local/texlive/2024/texmf-dist/tex/latex/amsfonts/amssymb.sty
Package: amssymb 2013/01/14 v3.01 AMS font symbols

(/usr/local/texlive/2024/texmf-dist/tex/latex/amsfonts/amsfonts.sty
Package: amsfonts 2013/01/14 v3.01 Basic AMSFonts support
\symAMSa=\mathgroup4
\symAMSb=\mathgroup5
LaTeX Font Info:    Redeclaring math symbol \hbar on input line 98.
LaTeX Font Info:    Overwriting math alphabet `\mathfrak' in version `bold'
(Font)                  U/euf/m/n --> U/euf/b/n on input line 106.
))
(/usr/local/texlive/2024/texmf-dist/tex/latex/amsmath/amscd.sty
Package: amscd 2017/04/14 v2.1 AMS Commutative Diagrams
\athelp@=\toks25
\minaw@=\dimen151
\bigaw@=\dimen152
\minCDarrowwidth=\dimen153
)
(/usr/local/texlive/2024/texmf-dist/tex/latex/jknapltx/mathrsfs.sty
Package: mathrsfs 1996/01/01 Math RSFS package v1.0 (jk)
\symrsfs=\mathgroup6
)
(/usr/local/texlive/2024/texmf-dist/tex/latex/pgf/frontendlayer/tikz.sty
(/usr/local/texlive/2024/texmf-dist/tex/latex/pgf/basiclayer/pgf.sty
(/usr/local/texlive/2024/texmf-dist/tex/latex/pgf/utilities/pgfrcs.sty
(/usr/local/texlive/2024/texmf-dist/tex/generic/pgf/utilities/pgfutil-common.te
x
\pgfutil@everybye=\toks26
\pgfutil@tempdima=\dimen154
\pgfutil@tempdimb=\dimen155
)
(/usr/local/texlive/2024/texmf-dist/tex/generic/pgf/utilities/pgfutil-latex.def
\pgfutil@abb=\box53
) (/usr/local/texlive/2024/texmf-dist/tex/generic/pgf/utilities/pgfrcs.code.tex
(/usr/local/texlive/2024/texmf-dist/tex/generic/pgf/pgf.revision.tex)
Package: pgfrcs 2023-01-15 v3.1.10 (3.1.10)
))
Package: pgf 2023-01-15 v3.1.10 (3.1.10)

(/usr/local/texlive/2024/texmf-dist/tex/latex/pgf/basiclayer/pgfcore.sty
(/usr/local/texlive/2024/texmf-dist/tex/latex/pgf/systemlayer/pgfsys.sty
(/usr/local/texlive/2024/texmf-dist/tex/generic/pgf/systemlayer/pgfsys.code.tex
Package: pgfsys 2023-01-15 v3.1.10 (3.1.10)
(/usr/local/texlive/2024/texmf-dist/tex/generic/pgf/utilities/pgfkeys.code.tex
\pgfkeys@pathtoks=\toks27
\pgfkeys@temptoks=\toks28

(/usr/local/texlive/2024/texmf-dist/tex/generic/pgf/utilities/pgfkeyslibraryfil
tered.code.tex
\pgfkeys@tmptoks=\toks29
))
\pgf@x=\dimen156
\pgf@y=\dimen157
\pgf@xa=\dimen158
\pgf@ya=\dimen159
\pgf@xb=\dimen160
\pgf@yb=\dimen161
\pgf@xc=\dimen162
\pgf@yc=\dimen163
\pgf@xd=\dimen164
\pgf@yd=\dimen165
\w@pgf@writea=\write3
\r@pgf@reada=\read2
\c@pgf@counta=\count196
\c@pgf@countb=\count197
\c@pgf@countc=\count198
\c@pgf@countd=\count199
\t@pgf@toka=\toks30
\t@pgf@tokb=\toks31
\t@pgf@tokc=\toks32
\pgf@sys@id@count=\count266

(/usr/local/texlive/2024/texmf-dist/tex/generic/pgf/systemlayer/pgf.cfg
File: pgf.cfg 2023-01-15 v3.1.10 (3.1.10)
)
Driver file for pgf: pgfsys-xetex.def

(/usr/local/texlive/2024/texmf-dist/tex/generic/pgf/systemlayer/pgfsys-xetex.de
f
File: pgfsys-xetex.def 2023-01-15 v3.1.10 (3.1.10)

(/usr/local/texlive/2024/texmf-dist/tex/generic/pgf/systemlayer/pgfsys-dvipdfmx
.def
File: pgfsys-dvipdfmx.def 2023-01-15 v3.1.10 (3.1.10)

(/usr/local/texlive/2024/texmf-dist/tex/generic/pgf/systemlayer/pgfsys-common-p
df.def
File: pgfsys-common-pdf.def 2023-01-15 v3.1.10 (3.1.10)
)
\pgfsys@objnum=\count267
)))
(/usr/local/texlive/2024/texmf-dist/tex/generic/pgf/systemlayer/pgfsyssoftpath.
code.tex
File: pgfsyssoftpath.code.tex 2023-01-15 v3.1.10 (3.1.10)
\pgfsyssoftpath@smallbuffer@items=\count268
\pgfsyssoftpath@bigbuffer@items=\count269
)
(/usr/local/texlive/2024/texmf-dist/tex/generic/pgf/systemlayer/pgfsysprotocol.
code.tex
File: pgfsysprotocol.code.tex 2023-01-15 v3.1.10 (3.1.10)
))
(/usr/local/texlive/2024/texmf-dist/tex/generic/pgf/basiclayer/pgfcore.code.tex
Package: pgfcore 2023-01-15 v3.1.10 (3.1.10)
(/usr/local/texlive/2024/texmf-dist/tex/generic/pgf/math/pgfmath.code.tex
(/usr/local/texlive/2024/texmf-dist/tex/generic/pgf/math/pgfmathutil.code.tex)
(/usr/local/texlive/2024/texmf-dist/tex/generic/pgf/math/pgfmathparser.code.tex
\pgfmath@dimen=\dimen166
\pgfmath@count=\count270
\pgfmath@box=\box54
\pgfmath@toks=\toks33
\pgfmath@stack@operand=\toks34
\pgfmath@stack@operation=\toks35
)
(/usr/local/texlive/2024/texmf-dist/tex/generic/pgf/math/pgfmathfunctions.code.
tex)
(/usr/local/texlive/2024/texmf-dist/tex/generic/pgf/math/pgfmathfunctions.basic
.code.tex)
(/usr/local/texlive/2024/texmf-dist/tex/generic/pgf/math/pgfmathfunctions.trigo
nometric.code.tex)
(/usr/local/texlive/2024/texmf-dist/tex/generic/pgf/math/pgfmathfunctions.rando
m.code.tex)
(/usr/local/texlive/2024/texmf-dist/tex/generic/pgf/math/pgfmathfunctions.compa
rison.code.tex)
(/usr/local/texlive/2024/texmf-dist/tex/generic/pgf/math/pgfmathfunctions.base.
code.tex)
(/usr/local/texlive/2024/texmf-dist/tex/generic/pgf/math/pgfmathfunctions.round
.code.tex)
(/usr/local/texlive/2024/texmf-dist/tex/generic/pgf/math/pgfmathfunctions.misc.
code.tex)
(/usr/local/texlive/2024/texmf-dist/tex/generic/pgf/math/pgfmathfunctions.integ
erarithmetics.code.tex)
(/usr/local/texlive/2024/texmf-dist/tex/generic/pgf/math/pgfmathcalc.code.tex)
(/usr/local/texlive/2024/texmf-dist/tex/generic/pgf/math/pgfmathfloat.code.tex
\c@pgfmathroundto@lastzeros=\count271
)) (/usr/local/texlive/2024/texmf-dist/tex/generic/pgf/math/pgfint.code.tex)
(/usr/local/texlive/2024/texmf-dist/tex/generic/pgf/basiclayer/pgfcorepoints.co
de.tex
File: pgfcorepoints.code.tex 2023-01-15 v3.1.10 (3.1.10)
\pgf@picminx=\dimen167
\pgf@picmaxx=\dimen168
\pgf@picminy=\dimen169
\pgf@picmaxy=\dimen170
\pgf@pathminx=\dimen171
\pgf@pathmaxx=\dimen172
\pgf@pathminy=\dimen173
\pgf@pathmaxy=\dimen174
\pgf@xx=\dimen175
\pgf@xy=\dimen176
\pgf@yx=\dimen177
\pgf@yy=\dimen178
\pgf@zx=\dimen179
\pgf@zy=\dimen180
)
(/usr/local/texlive/2024/texmf-dist/tex/generic/pgf/basiclayer/pgfcorepathconst
ruct.code.tex
File: pgfcorepathconstruct.code.tex 2023-01-15 v3.1.10 (3.1.10)
\pgf@path@lastx=\dimen181
\pgf@path@lasty=\dimen182
)
(/usr/local/texlive/2024/texmf-dist/tex/generic/pgf/basiclayer/pgfcorepathusage
.code.tex
File: pgfcorepathusage.code.tex 2023-01-15 v3.1.10 (3.1.10)
\pgf@shorten@end@additional=\dimen183
\pgf@shorten@start@additional=\dimen184
)
(/usr/local/texlive/2024/texmf-dist/tex/generic/pgf/basiclayer/pgfcorescopes.co
de.tex
File: pgfcorescopes.code.tex 2023-01-15 v3.1.10 (3.1.10)
\pgfpic=\box55
\pgf@hbox=\box56
\pgf@layerbox@main=\box57
\pgf@picture@serial@count=\count272
)
(/usr/local/texlive/2024/texmf-dist/tex/generic/pgf/basiclayer/pgfcoregraphicst
ate.code.tex
File: pgfcoregraphicstate.code.tex 2023-01-15 v3.1.10 (3.1.10)
\pgflinewidth=\dimen185
)
(/usr/local/texlive/2024/texmf-dist/tex/generic/pgf/basiclayer/pgfcoretransform
ations.code.tex
File: pgfcoretransformations.code.tex 2023-01-15 v3.1.10 (3.1.10)
\pgf@pt@x=\dimen186
\pgf@pt@y=\dimen187
\pgf@pt@temp=\dimen188
)
(/usr/local/texlive/2024/texmf-dist/tex/generic/pgf/basiclayer/pgfcorequick.cod
e.tex
File: pgfcorequick.code.tex 2023-01-15 v3.1.10 (3.1.10)
)
(/usr/local/texlive/2024/texmf-dist/tex/generic/pgf/basiclayer/pgfcoreobjects.c
ode.tex
File: pgfcoreobjects.code.tex 2023-01-15 v3.1.10 (3.1.10)
)
(/usr/local/texlive/2024/texmf-dist/tex/generic/pgf/basiclayer/pgfcorepathproce
ssing.code.tex
File: pgfcorepathprocessing.code.tex 2023-01-15 v3.1.10 (3.1.10)
)
(/usr/local/texlive/2024/texmf-dist/tex/generic/pgf/basiclayer/pgfcorearrows.co
de.tex
File: pgfcorearrows.code.tex 2023-01-15 v3.1.10 (3.1.10)
\pgfarrowsep=\dimen189
)
(/usr/local/texlive/2024/texmf-dist/tex/generic/pgf/basiclayer/pgfcoreshade.cod
e.tex
File: pgfcoreshade.code.tex 2023-01-15 v3.1.10 (3.1.10)
\pgf@max=\dimen190
\pgf@sys@shading@range@num=\count273
\pgf@shadingcount=\count274
)
(/usr/local/texlive/2024/texmf-dist/tex/generic/pgf/basiclayer/pgfcoreimage.cod
e.tex
File: pgfcoreimage.code.tex 2023-01-15 v3.1.10 (3.1.10)
)
(/usr/local/texlive/2024/texmf-dist/tex/generic/pgf/basiclayer/pgfcoreexternal.
code.tex
File: pgfcoreexternal.code.tex 2023-01-15 v3.1.10 (3.1.10)
\pgfexternal@startupbox=\box58
)
(/usr/local/texlive/2024/texmf-dist/tex/generic/pgf/basiclayer/pgfcorelayers.co
de.tex
File: pgfcorelayers.code.tex 2023-01-15 v3.1.10 (3.1.10)
)
(/usr/local/texlive/2024/texmf-dist/tex/generic/pgf/basiclayer/pgfcoretranspare
ncy.code.tex
File: pgfcoretransparency.code.tex 2023-01-15 v3.1.10 (3.1.10)
)
(/usr/local/texlive/2024/texmf-dist/tex/generic/pgf/basiclayer/pgfcorepatterns.
code.tex
File: pgfcorepatterns.code.tex 2023-01-15 v3.1.10 (3.1.10)
)
(/usr/local/texlive/2024/texmf-dist/tex/generic/pgf/basiclayer/pgfcorerdf.code.
tex
File: pgfcorerdf.code.tex 2023-01-15 v3.1.10 (3.1.10)
)))
(/usr/local/texlive/2024/texmf-dist/tex/generic/pgf/modules/pgfmoduleshapes.cod
e.tex
File: pgfmoduleshapes.code.tex 2023-01-15 v3.1.10 (3.1.10)
\pgfnodeparttextbox=\box59
)
(/usr/local/texlive/2024/texmf-dist/tex/generic/pgf/modules/pgfmoduleplot.code.
tex
File: pgfmoduleplot.code.tex 2023-01-15 v3.1.10 (3.1.10)
)
(/usr/local/texlive/2024/texmf-dist/tex/latex/pgf/compatibility/pgfcomp-version
-0-65.sty
Package: pgfcomp-version-0-65 2023-01-15 v3.1.10 (3.1.10)
\pgf@nodesepstart=\dimen191
\pgf@nodesepend=\dimen192
)
(/usr/local/texlive/2024/texmf-dist/tex/latex/pgf/compatibility/pgfcomp-version
-1-18.sty
Package: pgfcomp-version-1-18 2023-01-15 v3.1.10 (3.1.10)
))
(/usr/local/texlive/2024/texmf-dist/tex/latex/pgf/utilities/pgffor.sty
(/usr/local/texlive/2024/texmf-dist/tex/latex/pgf/utilities/pgfkeys.sty
(/usr/local/texlive/2024/texmf-dist/tex/generic/pgf/utilities/pgfkeys.code.tex)
) (/usr/local/texlive/2024/texmf-dist/tex/latex/pgf/math/pgfmath.sty
(/usr/local/texlive/2024/texmf-dist/tex/generic/pgf/math/pgfmath.code.tex))
(/usr/local/texlive/2024/texmf-dist/tex/generic/pgf/utilities/pgffor.code.tex
Package: pgffor 2023-01-15 v3.1.10 (3.1.10)
\pgffor@iter=\dimen193
\pgffor@skip=\dimen194
\pgffor@stack=\toks36
\pgffor@toks=\toks37
))
(/usr/local/texlive/2024/texmf-dist/tex/generic/pgf/frontendlayer/tikz/tikz.cod
e.tex
Package: tikz 2023-01-15 v3.1.10 (3.1.10)

(/usr/local/texlive/2024/texmf-dist/tex/generic/pgf/libraries/pgflibraryplothan
dlers.code.tex
File: pgflibraryplothandlers.code.tex 2023-01-15 v3.1.10 (3.1.10)
\pgf@plot@mark@count=\count275
\pgfplotmarksize=\dimen195
)
\tikz@lastx=\dimen196
\tikz@lasty=\dimen197
\tikz@lastxsaved=\dimen198
\tikz@lastysaved=\dimen199
\tikz@lastmovetox=\dimen256
\tikz@lastmovetoy=\dimen257
\tikzleveldistance=\dimen258
\tikzsiblingdistance=\dimen259
\tikz@figbox=\box60
\tikz@figbox@bg=\box61
\tikz@tempbox=\box62
\tikz@tempbox@bg=\box63
\tikztreelevel=\count276
\tikznumberofchildren=\count277
\tikznumberofcurrentchild=\count278
\tikz@fig@count=\count279

(/usr/local/texlive/2024/texmf-dist/tex/generic/pgf/modules/pgfmodulematrix.cod
e.tex
File: pgfmodulematrix.code.tex 2023-01-15 v3.1.10 (3.1.10)
\pgfmatrixcurrentrow=\count280
\pgfmatrixcurrentcolumn=\count281
\pgf@matrix@numberofcolumns=\count282
)
\tikz@expandcount=\count283

(/usr/local/texlive/2024/texmf-dist/tex/generic/pgf/frontendlayer/tikz/librarie
s/tikzlibrarytopaths.code.tex
File: tikzlibrarytopaths.code.tex 2023-01-15 v3.1.10 (3.1.10)
)))
(/usr/local/texlive/2024/texmf-dist/tex/generic/pgf/frontendlayer/tikz/librarie
s/tikzlibraryarrows.code.tex
File: tikzlibraryarrows.code.tex 2023-01-15 v3.1.10 (3.1.10)

(/usr/local/texlive/2024/texmf-dist/tex/generic/pgf/libraries/pgflibraryarrows.
code.tex
File: pgflibraryarrows.code.tex 2023-01-15 v3.1.10 (3.1.10)
\arrowsize=\dimen260
))
(/usr/local/texlive/2024/texmf-dist/tex/generic/pgf/frontendlayer/tikz/librarie
s/tikzlibrarycalc.code.tex
File: tikzlibrarycalc.code.tex 2023-01-15 v3.1.10 (3.1.10)
)
(/usr/local/texlive/2024/texmf-dist/tex/generic/pgf/frontendlayer/tikz/librarie
s/tikzlibraryintersections.code.tex
(/usr/local/texlive/2024/texmf-dist/tex/generic/pgf/libraries/pgflibraryinterse
ctions.code.tex
(/usr/local/texlive/2024/texmf-dist/tex/generic/pgf/libraries/pgflibraryfpu.cod
e.tex)
\pgf@intersect@solutions=\count284
))
(/usr/local/texlive/2024/texmf-dist/tex/generic/pgf/frontendlayer/tikz/librarie
s/tikzlibrarydecorations.code.tex
(/usr/local/texlive/2024/texmf-dist/tex/generic/pgf/modules/pgfmoduledecoration
s.code.tex
\pgfdecoratedcompleteddistance=\dimen261
\pgfdecoratedremainingdistance=\dimen262
\pgfdecoratedinputsegmentcompleteddistance=\dimen263
\pgfdecoratedinputsegmentremainingdistance=\dimen264
\pgf@decorate@distancetomove=\dimen265
\pgf@decorate@repeatstate=\count285
\pgfdecorationsegmentamplitude=\dimen266
\pgfdecorationsegmentlength=\dimen267
)
\tikz@lib@dec@box=\box64
)
(/usr/local/texlive/2024/texmf-dist/tex/latex/pgfplots/pgfplots.sty
(/usr/local/texlive/2024/texmf-dist/tex/generic/pgfplots/pgfplots.revision.tex)
Package: pgfplots 2021/05/15 v1.18.1 Data Visualization (1.18.1)
(/usr/local/texlive/2024/texmf-dist/tex/generic/pgfplots/pgfplots.code.tex
(/usr/local/texlive/2024/texmf-dist/tex/generic/pgfplots/pgfplotscore.code.tex
\t@pgfplots@toka=\toks38
\t@pgfplots@tokb=\toks39
\t@pgfplots@tokc=\toks40
\pgfplots@tmpa=\dimen268
\c@pgfplots@coordindex=\count286
\c@pgfplots@scanlineindex=\count287

(/usr/local/texlive/2024/texmf-dist/tex/generic/pgfplots/sys/pgfplotssysgeneric
.code.tex))
(/usr/local/texlive/2024/texmf-dist/tex/generic/pgfplots/libs/pgfplotslibrary.c
ode.tex)
(/usr/local/texlive/2024/texmf-dist/tex/generic/pgfplots/oldpgfcompatib/pgfplot
soldpgfsupp_loader.code.tex
Package pgfplots: loading complementary utilities for your pgf version...
\t@pgf@toka=\toks41
\t@pgf@tokb=\toks42
\t@pgf@tokc=\toks43

(/usr/local/texlive/2024/texmf-dist/tex/generic/pgfplots/oldpgfcompatib/pgfplot
soldpgfsupp_pgfutil-common-lists.tex))
(/usr/local/texlive/2024/texmf-dist/tex/generic/pgfplots/util/pgfplotsutil.code
.tex
(/usr/local/texlive/2024/texmf-dist/tex/generic/pgfplots/liststructure/pgfplots
liststructure.code.tex)
(/usr/local/texlive/2024/texmf-dist/tex/generic/pgfplots/liststructure/pgfplots
liststructureext.code.tex)
(/usr/local/texlive/2024/texmf-dist/tex/generic/pgfplots/liststructure/pgfplots
array.code.tex
\c@pgfplotsarray@tmp=\count288
)
(/usr/local/texlive/2024/texmf-dist/tex/generic/pgfplots/liststructure/pgfplots
matrix.code.tex)
(/usr/local/texlive/2024/texmf-dist/tex/generic/pgfplots/numtable/pgfplotstable
shared.code.tex
\c@pgfplotstable@counta=\count289
\t@pgfplotstable@a=\toks44
)
(/usr/local/texlive/2024/texmf-dist/tex/generic/pgfplots/liststructure/pgfplots
deque.code.tex)
(/usr/local/texlive/2024/texmf-dist/tex/generic/pgfplots/util/pgfplotsbinary.co
de.tex
(/usr/local/texlive/2024/texmf-dist/tex/generic/pgfplots/util/pgfplotsbinary.da
ta.code.tex))
(/usr/local/texlive/2024/texmf-dist/tex/generic/pgfplots/util/pgfplotsutil.verb
.code.tex)
(/usr/local/texlive/2024/texmf-dist/tex/generic/pgfplots/libs/pgflibrarypgfplot
s.surfshading.code.tex
\c@pgfplotslibrarysurf@no=\count290

(/usr/local/texlive/2024/texmf-dist/tex/generic/pgfplots/sys/pgflibrarypgfplots
.surfshading.pgfsys-xetex.def
(/usr/local/texlive/2024/texmf-dist/tex/generic/pgfplots/sys/pgflibrarypgfplots
.surfshading.pgfsys-dvipdfmx.def
\c@pgfplotslibrarysurf@streamlen=\count291
))))
(/usr/local/texlive/2024/texmf-dist/tex/generic/pgfplots/util/pgfplotscolormap.
code.tex
(/usr/local/texlive/2024/texmf-dist/tex/generic/pgfplots/util/pgfplotscolor.cod
e.tex))
(/usr/local/texlive/2024/texmf-dist/tex/generic/pgfplots/pgfplotsstackedplots.c
ode.tex)
(/usr/local/texlive/2024/texmf-dist/tex/generic/pgfplots/pgfplotsplothandlers.c
ode.tex
(/usr/local/texlive/2024/texmf-dist/tex/generic/pgfplots/pgfplotsmeshplothandle
r.code.tex
(/usr/local/texlive/2024/texmf-dist/tex/generic/pgfplots/pgfplotsmeshplotimage.
code.tex)))
(/usr/local/texlive/2024/texmf-dist/tex/generic/pgfplots/pgfplots.scaling.code.
tex)
(/usr/local/texlive/2024/texmf-dist/tex/generic/pgfplots/pgfplotscoordprocessin
g.code.tex)
(/usr/local/texlive/2024/texmf-dist/tex/generic/pgfplots/pgfplots.errorbars.cod
e.tex)
(/usr/local/texlive/2024/texmf-dist/tex/generic/pgfplots/pgfplots.markers.code.
tex)
(/usr/local/texlive/2024/texmf-dist/tex/generic/pgfplots/pgfplotsticks.code.tex
)
(/usr/local/texlive/2024/texmf-dist/tex/generic/pgfplots/pgfplots.paths.code.te
x)
(/usr/local/texlive/2024/texmf-dist/tex/generic/pgf/frontendlayer/tikz/librarie
s/tikzlibrarydecorations.pathmorphing.code.tex
(/usr/local/texlive/2024/texmf-dist/tex/generic/pgf/libraries/decorations/pgfli
brarydecorations.pathmorphing.code.tex))
(/usr/local/texlive/2024/texmf-dist/tex/generic/pgf/frontendlayer/tikz/librarie
s/tikzlibrarydecorations.pathreplacing.code.tex
(/usr/local/texlive/2024/texmf-dist/tex/generic/pgf/libraries/decorations/pgfli
brarydecorations.pathreplacing.code.tex))
(/usr/local/texlive/2024/texmf-dist/tex/generic/pgfplots/libs/tikzlibrarypgfplo
ts.contourlua.code.tex)
\pgfplots@numplots=\count292
\pgfplots@xmin@reg=\dimen269
\pgfplots@xmax@reg=\dimen270
\pgfplots@ymin@reg=\dimen271
\pgfplots@ymax@reg=\dimen272
\pgfplots@zmin@reg=\dimen273
\pgfplots@zmax@reg=\dimen274
)
(/usr/local/texlive/2024/texmf-dist/tex/generic/pgf/frontendlayer/tikz/librarie
s/tikzlibraryplotmarks.code.tex
File: tikzlibraryplotmarks.code.tex 2023-01-15 v3.1.10 (3.1.10)

(/usr/local/texlive/2024/texmf-dist/tex/generic/pgf/libraries/pgflibraryplotmar
ks.code.tex
File: pgflibraryplotmarks.code.tex 2023-01-15 v3.1.10 (3.1.10)
))) (/usr/local/texlive/2024/texmf-dist/tex/latex/bbm-macros/bbm.sty
Package: bbm 1999/03/15 V 1.2 provides fonts for set symbols - TH
LaTeX Font Info:    Overwriting math alphabet `\mathbbm' in version `bold'
(Font)                  U/bbm/m/n --> U/bbm/bx/n on input line 33.
LaTeX Font Info:    Overwriting math alphabet `\mathbbmss' in version `bold'
(Font)                  U/bbmss/m/n --> U/bbmss/bx/n on input line 35.
) (./sphinxmanual.cls
Document Class: sphinxmanual 2019/12/01 v2.3.0 Document class (Sphinx manual)
(/usr/local/texlive/2024/texmf-dist/tex/latex/base/report.cls
Document Class: report 2023/05/17 v1.4n Standard LaTeX document class
(/usr/local/texlive/2024/texmf-dist/tex/latex/base/size10.clo
File: size10.clo 2023/05/17 v1.4n Standard LaTeX file (size option)
)
\c@part=\count293
\c@chapter=\count294
\c@section=\count295
\c@subsection=\count296
\c@subsubsection=\count297
\c@paragraph=\count298
\c@subparagraph=\count299
\c@figure=\count300
\c@table=\count301
\abovecaptionskip=\skip51
\belowcaptionskip=\skip52
\bibindent=\dimen275
)
LaTeX Info: Redefining \and on input line 35.
)
(/usr/local/texlive/2024/texmf-dist/tex/latex/changepage/changepage.sty
Package: changepage 2009/10/20 v1.0c check page and change page layout
\c@cp@cntr=\count302
\cp@tempcnt=\count303
))
\sphinxpxdimen=\dimen276

(/usr/local/texlive/2024/texmf-dist/tex/latex/cmap/cmap.sty
Package: cmap 2021/02/06 v1.0j CMap support: searchable PDF


Package cmap Warning: pdftex not detected - exiting.

) (/usr/local/texlive/2024/texmf-dist/tex/latex/fontspec/fontspec.sty
(/usr/local/texlive/2024/texmf-dist/tex/latex/l3packages/xparse/xparse.sty
(/usr/local/texlive/2024/texmf-dist/tex/latex/l3kernel/expl3.sty
Package: expl3 2024-02-20 L3 programming layer (loader) 

(/usr/local/texlive/2024/texmf-dist/tex/latex/l3backend/l3backend-xetex.def
File: l3backend-xetex.def 2024-02-20 L3 backend support: XeTeX
\g__graphics_track_int=\count304
\l__pdf_internal_box=\box65
\g__pdf_backend_object_int=\count305
\g__pdf_backend_annotation_int=\count306
\g__pdf_backend_link_int=\count307
))
Package: xparse 2024-02-18 L3 Experimental document command parser
)
Package: fontspec 2024/02/13 v2.9a Font selection for XeLaTeX and LuaLaTeX

(/usr/local/texlive/2024/texmf-dist/tex/latex/fontspec/fontspec-xetex.sty
Package: fontspec-xetex 2024/02/13 v2.9a Font selection for XeLaTeX and LuaLaTe
X
\l__fontspec_script_int=\count308
\l__fontspec_language_int=\count309
\l__fontspec_strnum_int=\count310
\l__fontspec_tmp_int=\count311
\l__fontspec_tmpa_int=\count312
\l__fontspec_tmpb_int=\count313
\l__fontspec_tmpc_int=\count314
\l__fontspec_em_int=\count315
\l__fontspec_emdef_int=\count316
\l__fontspec_strong_int=\count317
\l__fontspec_strongdef_int=\count318
\l__fontspec_tmpa_dim=\dimen277
\l__fontspec_tmpb_dim=\dimen278
\l__fontspec_tmpc_dim=\dimen279

(/usr/local/texlive/2024/texmf-dist/tex/latex/base/fontenc.sty
Package: fontenc 2021/04/29 v2.0v Standard LaTeX package
)
(/usr/local/texlive/2024/texmf-dist/tex/latex/fontspec/fontspec.cfg)))
(/usr/local/texlive/2024/texmf-dist/tex/latex/polyglossia/polyglossia.sty
Package: polyglossia 2024/03/07 v2.1 Modern multilingual typesetting with XeLaT
eX and LuaLaTeX

(/usr/local/texlive/2024/texmf-dist/tex/latex/etoolbox/etoolbox.sty
Package: etoolbox 2020/10/05 v2.5k e-TeX tools for LaTeX (JAW)
\etb@tempcnta=\count319
)
(/usr/local/texlive/2024/texmf-dist/tex/latex/xkeyval/xkeyval.sty
Package: xkeyval 2022/06/16 v2.9 package option processing (HA)

(/usr/local/texlive/2024/texmf-dist/tex/generic/xkeyval/xkeyval.tex
(/usr/local/texlive/2024/texmf-dist/tex/generic/xkeyval/xkvutils.tex
\XKV@toks=\toks45
\XKV@tempa@toks=\toks46
)
\XKV@depth=\count320
File: xkeyval.tex 2014/12/03 v2.7a key=value parser (HA)
))
(/usr/local/texlive/2024/texmf-dist/tex/generic/iftex/iftex.sty
Package: iftex 2022/02/03 v1.0f TeX engine tests
)
(/usr/local/texlive/2024/texmf-dist/tex/latex/polyglossia/gloss-latex.ldf
File: gloss-latex.ldf polyglossia: module for default language
)
Package polyglossia Info: Default language is latex.
)
(/usr/local/texlive/2024/texmf-dist/tex/latex/polyglossia/gloss-english.ldf
File: gloss-english.ldf polyglossia: module for English
Package polyglossia Info: Option: English, variant=american.
)
Package polyglossia Info: Default language is english.

Package fontspec Info: Font family 'FreeSerif(0)' created for font 'FreeSerif'
(fontspec)             with options [Extension = .otf,UprightFont =
(fontspec)             *,ItalicFont = *Italic,BoldFont = *Bold,BoldItalicFont
(fontspec)             = *BoldItalic].
(fontspec)              
(fontspec)              This font family consists of the following NFSS
(fontspec)             series/shapes:
(fontspec)              
(fontspec)             - 'normal' (m/n) with NFSS spec.:
(fontspec)             <->"[FreeSerif.otf]/OT:script=latn;language=dflt;"
(fontspec)             - 'small caps'  (m/sc) with NFSS spec.:
(fontspec)             <->"[FreeSerif.otf]/OT:script=latn;language=dflt;+smcp;"

(fontspec)             - 'bold' (b/n) with NFSS spec.:
(fontspec)             <->"[FreeSerifBold.otf]/OT:script=latn;language=dflt;"
(fontspec)             - 'bold small caps'  (b/sc) with NFSS spec.:
(fontspec)             <->"[FreeSerifBold.otf]/OT:script=latn;language=dflt;+sm
cp;"
(fontspec)             - 'italic' (m/it) with NFSS spec.:
(fontspec)             <->"[FreeSerifItalic.otf]/OT:script=latn;language=dflt;"

(fontspec)             - 'italic small caps'  (m/scit) with NFSS spec.: 
(fontspec)             - 'bold italic' (b/it) with NFSS spec.:
(fontspec)             <->"[FreeSerifBoldItalic.otf]/OT:script=latn;language=df
lt;"
(fontspec)             - 'bold italic small caps'  (b/scit) with NFSS spec.: 


Package fontspec Info: Font family 'FreeSans(0)' created for font 'FreeSans'
(fontspec)             with options [Extension = .otf,UprightFont =
(fontspec)             *,ItalicFont = *Oblique,BoldFont = *Bold,BoldItalicFont
(fontspec)             = *BoldOblique].
(fontspec)              
(fontspec)              This font family consists of the following NFSS
(fontspec)             series/shapes:
(fontspec)              
(fontspec)             - 'normal' (m/n) with NFSS spec.:
(fontspec)             <->"[FreeSans.otf]/OT:script=latn;language=dflt;"
(fontspec)             - 'small caps'  (m/sc) with NFSS spec.:
(fontspec)             <->"[FreeSans.otf]/OT:script=latn;language=dflt;+smcp;"
(fontspec)             - 'bold' (b/n) with NFSS spec.:
(fontspec)             <->"[FreeSansBold.otf]/OT:script=latn;language=dflt;"
(fontspec)             - 'bold small caps'  (b/sc) with NFSS spec.:
(fontspec)             <->"[FreeSansBold.otf]/OT:script=latn;language=dflt;+smc
p;"
(fontspec)             - 'italic' (m/it) with NFSS spec.:
(fontspec)             <->"[FreeSansOblique.otf]/OT:script=latn;language=dflt;"

(fontspec)             - 'italic small caps'  (m/scit) with NFSS spec.: 
(fontspec)             - 'bold italic' (b/it) with NFSS spec.:
(fontspec)             <->"[FreeSansBoldOblique.otf]/OT:script=latn;language=df
lt;"
(fontspec)             - 'bold italic small caps'  (b/scit) with NFSS spec.: 


Package fontspec Info: Font family 'FreeMono(0)' created for font 'FreeMono'
(fontspec)             with options [Extension = .otf,UprightFont =
(fontspec)             *,ItalicFont = *Oblique,BoldFont = *Bold,BoldItalicFont
(fontspec)             = *BoldOblique].
(fontspec)              
(fontspec)              This font family consists of the following NFSS
(fontspec)             series/shapes:
(fontspec)              
(fontspec)             - 'normal' (m/n) with NFSS spec.:
(fontspec)             <->"[FreeMono.otf]/OT:script=latn;language=dflt;"
(fontspec)             - 'small caps'  (m/sc) with NFSS spec.: 
(fontspec)             - 'bold' (b/n) with NFSS spec.:
(fontspec)             <->"[FreeMonoBold.otf]/OT:script=latn;language=dflt;"
(fontspec)             - 'bold small caps'  (b/sc) with NFSS spec.: 
(fontspec)             - 'italic' (m/it) with NFSS spec.:
(fontspec)             <->"[FreeMonoOblique.otf]/OT:script=latn;language=dflt;"

(fontspec)             - 'italic small caps'  (m/scit) with NFSS spec.: 
(fontspec)             - 'bold italic' (b/it) with NFSS spec.:
(fontspec)             <->"[FreeMonoBoldOblique.otf]/OT:script=latn;language=df
lt;"
(fontspec)             - 'bold italic small caps'  (b/scit) with NFSS spec.: 


(/usr/local/texlive/2024/texmf-dist/tex/latex/fncychap/fncychap.sty
Package: fncychap 2007/07/30 v1.34 LaTeX package (Revised chapters)
\RW=\skip53
\mylen=\skip54
\myhi=\skip55
\px=\skip56
\py=\skip57
\pyy=\skip58
\pxx=\skip59
\c@AlphaCnt=\count321
\c@AlphaDecCnt=\count322
)
(./sphinx.sty
Package: sphinx 2024/07/01 v7.4.0 Sphinx LaTeX package (sphinx-doc)

(/usr/local/texlive/2024/texmf-dist/tex/generic/ltxcmds/ltxcmds.sty
Package: ltxcmds 2023-12-04 v1.26 LaTeX kernel commands for general use (HO)
)
(/usr/local/texlive/2024/texmf-dist/tex/latex/kvoptions/kvoptions.sty
Package: kvoptions 2022-06-15 v3.15 Key value format for package options (HO)

(/usr/local/texlive/2024/texmf-dist/tex/latex/kvsetkeys/kvsetkeys.sty
Package: kvsetkeys 2022-10-05 v1.19 Key value parser (HO)
))
(./sphinxoptionshyperref.sty
File: sphinxoptionshyperref.sty 2021/01/27 hyperref
) (./sphinxoptionsgeometry.sty
File: sphinxoptionsgeometry.sty 2021/01/27 geometry
)
(/usr/local/texlive/2024/texmf-dist/tex/latex/base/textcomp.sty
Package: textcomp 2020/02/02 v2.0n Standard LaTeX package
)
(/usr/local/texlive/2024/texmf-dist/tex/latex/float/float.sty
Package: float 2001/11/08 v1.3d Float enhancements (AL)
\c@float@type=\count323
\float@exts=\toks47
\float@box=\box66
\@float@everytoks=\toks48
\@floatcapt=\box67
)
(/usr/local/texlive/2024/texmf-dist/tex/latex/wrapfig/wrapfig.sty
\wrapoverhang=\dimen280
\WF@size=\dimen281
\c@WF@wrappedlines=\count324
\WF@box=\box68
\WF@everypar=\toks49
Package: wrapfig 2003/01/31  v 3.6
)
(/usr/local/texlive/2024/texmf-dist/tex/latex/capt-of/capt-of.sty
Package: capt-of 2009/12/29 v0.2 standard captions outside of floats
)
(/usr/local/texlive/2024/texmf-dist/tex/latex/tools/multicol.sty
Package: multicol 2023/03/30 v1.9f multicolumn formatting (FMi)
\c@tracingmulticols=\count325
\mult@box=\box69
\multicol@leftmargin=\dimen282
\c@unbalance=\count326
\c@collectmore=\count327
\doublecol@number=\count328
\multicoltolerance=\count329
\multicolpretolerance=\count330
\full@width=\dimen283
\page@free=\dimen284
\premulticols=\dimen285
\postmulticols=\dimen286
\multicolsep=\skip60
\multicolbaselineskip=\skip61
\partial@page=\box70
\last@line=\box71
\mc@boxedresult=\box72
\maxbalancingoverflow=\dimen287
\mult@rightbox=\box73
\mult@grightbox=\box74
\mult@firstbox=\box75
\mult@gfirstbox=\box76
\@tempa=\box77
\@tempa=\box78
\@tempa=\box79
\@tempa=\box80
\@tempa=\box81
\@tempa=\box82
\@tempa=\box83
\@tempa=\box84
\@tempa=\box85
\@tempa=\box86
\@tempa=\box87
\@tempa=\box88
\@tempa=\box89
\@tempa=\box90
\@tempa=\box91
\@tempa=\box92
\@tempa=\box93
\@tempa=\box94
\@tempa=\box95
\@tempa=\box96
\@tempa=\box97
\@tempa=\box98
\@tempa=\box99
\@tempa=\box100
\@tempa=\box101
\@tempa=\box102
\@tempa=\box103
\@tempa=\box104
\@tempa=\box105
\@tempa=\box106
\@tempa=\box107
\@tempa=\box108
\@tempa=\box109
\@tempa=\box110
\@tempa=\box111
\@tempa=\box112
\c@minrows=\count331
\c@columnbadness=\count332
\c@finalcolumnbadness=\count333
\last@try=\dimen288
\multicolovershoot=\dimen289
\multicolundershoot=\dimen290
\mult@nat@firstbox=\box113
\colbreak@box=\box114
\mc@col@check@num=\count334
)
(./sphinxlatexgraphics.sty
File: sphinxlatexgraphics.sty 2021/01/27 graphics
\spx@image@maxheight=\dimen291
\spx@image@box=\box115
) (./sphinxpackageboxes.sty
Package: sphinxpackageboxes 2024/07/01 v7.4.0 advanced colored boxes

(/usr/local/texlive/2024/texmf-dist/tex/latex/pict2e/pict2e.sty
Package: pict2e 2020/09/30 v0.4b Improved picture commands (HjG,RN,JT)

(/usr/local/texlive/2024/texmf-dist/tex/latex/pict2e/pict2e.cfg
File: pict2e.cfg 2016/02/05 v0.1u pict2e configuration for teTeX/TeXLive
)
Package pict2e Info: Driver file: xetex.def on input line 112.
Package pict2e Info: Driver file for pict2e: p2e-xetex.def on input line 114.

(/usr/local/texlive/2024/texmf-dist/tex/latex/pict2e/p2e-xetex.def
File: p2e-xetex.def 2016/02/05 v0.1u Driver-dependant file (RN,HjG,JT)
)
\pIIe@GRAPH=\toks50
\@arclen=\dimen292
\@arcrad=\dimen293
\pIIe@tempdima=\dimen294
\pIIe@tempdimb=\dimen295
\pIIe@tempdimc=\dimen296
\pIIe@tempdimd=\dimen297
\pIIe@tempdime=\dimen298
\pIIe@tempdimf=\dimen299
)
(/usr/local/texlive/2024/texmf-dist/tex/latex/ellipse/ellipse.sty
Package: ellipse 2004/11/05 v1.0 .dtx ellipse file
)
\@tempdimd=\dimen300
\spx@tempboxa=\box116
\spx@tempboxb=\box117
\spx@boxes@border@top=\dimen301
\spx@boxes@border@right=\dimen302
\spx@boxes@border@bottom=\dimen303
\spx@boxes@border@left=\dimen304
\spx@boxes@padding@top=\dimen305
\spx@boxes@padding@right=\dimen306
\spx@boxes@padding@bottom=\dimen307
\spx@boxes@padding@left=\dimen308
\spx@boxes@shadow@xoffset=\dimen309
\spx@boxes@shadow@yoffset=\dimen310
\spx@boxes@radius@topleft@x=\dimen311
\spx@boxes@radius@topright@x=\dimen312
\spx@boxes@radius@bottomright@x=\dimen313
\spx@boxes@radius@bottomleft@x=\dimen314
\spx@boxes@radius@topleft@y=\dimen315
\spx@boxes@radius@topright@y=\dimen316
\spx@boxes@radius@bottomright@y=\dimen317
\spx@boxes@radius@bottomleft@y=\dimen318
)
(./sphinxlatexadmonitions.sty
File: sphinxlatexadmonitions.sty 2024/07/01 v7.4.0 admonitions

(/usr/local/texlive/2024/texmf-dist/tex/latex/framed/framed.sty
Package: framed 2011/10/22 v 0.96: framed or shaded text with page breaks
\OuterFrameSep=\skip62
\fb@frw=\dimen319
\fb@frh=\dimen320
\FrameRule=\dimen321
\FrameSep=\dimen322
)
\spx@notice@border=\dimen323
\c@sphinxtodo=\count335
)
(./sphinxlatexliterals.sty
File: sphinxlatexliterals.sty 2024/07/01 v7.4.0 code-blocks and parsed literals


(/usr/local/texlive/2024/texmf-dist/tex/latex/fancyvrb/fancyvrb.sty
Package: fancyvrb 2024/01/20 4.5c verbatim text (tvz,hv)
\FV@CodeLineNo=\count336
\FV@InFile=\read3
\FV@TabBox=\box118
\c@FancyVerbLine=\count337
\FV@StepNumber=\count338
\FV@OutFile=\write4
)
(/usr/local/texlive/2024/texmf-dist/tex/latex/base/alltt.sty
Package: alltt 2021/01/29 v2.0g defines alltt environment
)
(/usr/local/texlive/2024/texmf-dist/tex/latex/upquote/upquote.sty
Package: upquote 2012/04/19 v1.3 upright-quote and grave-accent glyphs in verba
tim
)
(/usr/local/texlive/2024/texmf-dist/tex/latex/needspace/needspace.sty
Package: needspace 2010/09/12 v1.3d reserve vertical space
)
\sphinxcontinuationbox=\box119
\sphinxvisiblespacebox=\box120
\sphinxVerbatim@TitleBox=\box121
\sphinxVerbatim@ContentsBox=\box122
)
(./sphinxlatexshadowbox.sty
File: sphinxlatexshadowbox.sty 2023/03/19 sphinxShadowBox
) (./sphinxlatexcontainers.sty
File: sphinxlatexcontainers.sty 2021/05/03 containers
)
(./sphinxhighlight.sty
Package: sphinxhighlight 2022/06/30 stylesheet for highlighting with pygments
) (./sphinxlatextables.sty
File: sphinxlatextables.sty 2024/07/01 v7.4.0 tables

(/usr/local/texlive/2024/texmf-dist/tex/latex/tabulary/tabulary.sty
Package: tabulary 2014/06/11 v0.10 tabulary package (DPC)

(/usr/local/texlive/2024/texmf-dist/tex/latex/tools/array.sty
Package: array 2023/10/16 v2.5g Tabular extension package (FMi)
\col@sep=\dimen324
\ar@mcellbox=\box123
\extrarowheight=\dimen325
\NC@list=\toks51
\extratabsurround=\skip63
\backup@length=\skip64
\ar@cellbox=\box124
)
\TY@count=\count339
\TY@linewidth=\dimen326
\tymin=\dimen327
\tymax=\dimen328
\TY@tablewidth=\dimen329
)
(/usr/local/texlive/2024/texmf-dist/tex/latex/tools/longtable.sty
Package: longtable 2023-11-01 v4.19 Multi-page Table package (DPC)
\LTleft=\skip65
\LTright=\skip66
\LTpre=\skip67
\LTpost=\skip68
\LTchunksize=\count340
\LTcapwidth=\dimen330
\LT@head=\box125
\LT@firsthead=\box126
\LT@foot=\box127
\LT@lastfoot=\box128
\LT@gbox=\box129
\LT@cols=\count341
\LT@rows=\count342
\c@LT@tables=\count343
\c@LT@chunks=\count344
\LT@p@ftn=\toks52
)
(/usr/local/texlive/2024/texmf-dist/tex/latex/varwidth/varwidth.sty
Package: varwidth 2009/03/30 ver 0.92;  Variable-width minipages
\@vwid@box=\box130
\sift@deathcycles=\count345
\@vwid@loff=\dimen331
\@vwid@roff=\dimen332
)
\sphinx@TY@tablewidth=\dimen333

(/usr/local/texlive/2024/texmf-dist/tex/latex/colortbl/colortbl.sty
Package: colortbl 2024/02/20 v1.0g Color table columns (DPC)
\everycr=\toks53
\minrowclearance=\skip69
\rownum=\count346
)
(/usr/local/texlive/2024/texmf-dist/tex/latex/booktabs/booktabs.sty
Package: booktabs 2020/01/12 v1.61803398 Publication quality tables
\heavyrulewidth=\dimen334
\lightrulewidth=\dimen335
\cmidrulewidth=\dimen336
\belowrulesep=\dimen337
\belowbottomsep=\dimen338
\aboverulesep=\dimen339
\abovetopsep=\dimen340
\cmidrulesep=\dimen341
\cmidrulekern=\dimen342
\defaultaddspace=\dimen343
\@cmidla=\count347
\@cmidlb=\count348
\@aboverulesep=\dimen344
\@belowrulesep=\dimen345
\@thisruleclass=\count349
\@lastruleclass=\count350
\@thisrulewidth=\dimen346
))
(./sphinxlatexnumfig.sty
File: sphinxlatexnumfig.sty 2021/01/27 numbering
) (./sphinxlatexlists.sty
File: sphinxlatexlists.sty 2021/12/20 lists
\spx@lineitemlabel=\toks54
)
\c@sphinxscope=\count351
 (./sphinxpackagefootnote.sty
Package: sphinxpackagefootnote 2024/05/17 v7.3.x Sphinx custom footnotehyper pa
ckage (Sphinx team)
\FNH@notes=\box131
\FNH@toks=\toks55
\FNH@width=\dimen347
\c@sphinxfootnotemark=\count352
) (./sphinxlatexindbibtoc.sty
File: sphinxlatexindbibtoc.sty 2021/01/27 index, bib., toc

(/usr/local/texlive/2024/texmf-dist/tex/latex/base/makeidx.sty
Package: makeidx 2021/10/04 v1.0m Standard LaTeX package
))
(./sphinxlatexstylepage.sty
File: sphinxlatexstylepage.sty 2021/01/27 page styling

(/usr/local/texlive/2024/texmf-dist/tex/latex/parskip/parskip.sty
Rollback for package 'parskip' requested -> version 'v1'.
         This corresponds to the release introduced on 2001-04-09.

(/usr/local/texlive/2024/texmf-dist/tex/latex/parskip/parskip-2001-04-09.sty
Package: parskip 2001/04/09 non-zero parskip adjustments
))
(/usr/local/texlive/2024/texmf-dist/tex/latex/fancyhdr/fancyhdr.sty
Package: fancyhdr 2022/11/09 v4.1 Extensive control of page headers and footers

\f@nch@headwidth=\skip70
\f@nch@O@elh=\skip71
\f@nch@O@erh=\skip72
\f@nch@O@olh=\skip73
\f@nch@O@orh=\skip74
\f@nch@O@elf=\skip75
\f@nch@O@erf=\skip76
\f@nch@O@olf=\skip77
\f@nch@O@orf=\skip78
))
(./sphinxlatexstyleheadings.sty
File: sphinxlatexstyleheadings.sty 2023/02/11 headings

(/usr/local/texlive/2024/texmf-dist/tex/latex/titlesec/titlesec.sty
Package: titlesec 2023/10/27 v2.16 Sectioning titles
\ttl@box=\box132
\beforetitleunit=\skip79
\aftertitleunit=\skip80
\ttl@plus=\dimen348
\ttl@minus=\dimen349
\ttl@toksa=\toks56
\titlewidth=\dimen350
\titlewidthlast=\dimen351
\titlewidthfirst=\dimen352
))
(./sphinxlatexstyletext.sty
File: sphinxlatexstyletext.sty 2024/07/01 v7.4.0 text styling
) (./sphinxlatexobjects.sty
File: sphinxlatexobjects.sty 2023/07/23 documentation environments
\sphinxsignaturesep=\skip81
\sphinxsignaturelistskip=\skip82
\py@argswidth=\skip83
\lineblockindentation=\skip84
\DUlineblockindent=\skip85
))
(/usr/local/texlive/2024/texmf-dist/tex/latex/geometry/geometry.sty
Package: geometry 2020/01/02 v5.9 Page Geometry

(/usr/local/texlive/2024/texmf-dist/tex/generic/iftex/ifvtex.sty
Package: ifvtex 2019/10/25 v1.7 ifvtex legacy package. Use iftex instead.
)
\Gm@cnth=\count353
\Gm@cntv=\count354
\c@Gm@tempcnt=\count355
\Gm@bindingoffset=\dimen353
\Gm@wd@mp=\dimen354
\Gm@odd@mp=\dimen355
\Gm@even@mp=\dimen356
\Gm@layoutwidth=\dimen357
\Gm@layoutheight=\dimen358
\Gm@layouthoffset=\dimen359
\Gm@layoutvoffset=\dimen360
\Gm@dimlist=\toks57
)
(/usr/local/texlive/2024/texmf-dist/tex/latex/hyperref/hyperref.sty
Package: hyperref 2024-01-20 v7.01h Hypertext links for LaTeX

(/usr/local/texlive/2024/texmf-dist/tex/generic/kvdefinekeys/kvdefinekeys.sty
Package: kvdefinekeys 2019-12-19 v1.6 Define keys (HO)
)
(/usr/local/texlive/2024/texmf-dist/tex/generic/pdfescape/pdfescape.sty
Package: pdfescape 2019/12/09 v1.15 Implements pdfTeX's escape features (HO)

(/usr/local/texlive/2024/texmf-dist/tex/generic/pdftexcmds/pdftexcmds.sty
Package: pdftexcmds 2020-06-27 v0.33 Utility functions of pdfTeX for LuaTeX (HO
)

(/usr/local/texlive/2024/texmf-dist/tex/generic/infwarerr/infwarerr.sty
Package: infwarerr 2019/12/03 v1.5 Providing info/warning/error messages (HO)
)
Package pdftexcmds Info: \pdf@primitive is available.
Package pdftexcmds Info: \pdf@ifprimitive is available.
Package pdftexcmds Info: \pdfdraftmode not found.
))
(/usr/local/texlive/2024/texmf-dist/tex/latex/hycolor/hycolor.sty
Package: hycolor 2020-01-27 v1.10 Color options for hyperref/bookmark (HO)
)
(/usr/local/texlive/2024/texmf-dist/tex/latex/auxhook/auxhook.sty
Package: auxhook 2019-12-17 v1.6 Hooks for auxiliary files (HO)
)
(/usr/local/texlive/2024/texmf-dist/tex/latex/hyperref/nameref.sty
Package: nameref 2023-11-26 v2.56 Cross-referencing by name of section

(/usr/local/texlive/2024/texmf-dist/tex/latex/refcount/refcount.sty
Package: refcount 2019/12/15 v3.6 Data extraction from label references (HO)
)
(/usr/local/texlive/2024/texmf-dist/tex/generic/gettitlestring/gettitlestring.s
ty
Package: gettitlestring 2019/12/15 v1.6 Cleanup title references (HO)
)
\c@section@level=\count356
)
\@linkdim=\dimen361
\Hy@linkcounter=\count357
\Hy@pagecounter=\count358
 (/usr/local/texlive/2024/texmf-dist/tex/latex/hyperref/pd1enc.def
File: pd1enc.def 2024-01-20 v7.01h Hyperref: PDFDocEncoding definition (HO)
)
(/usr/local/texlive/2024/texmf-dist/tex/generic/intcalc/intcalc.sty
Package: intcalc 2019/12/15 v1.3 Expandable calculations with integers (HO)
)
\Hy@SavedSpaceFactor=\count359

(/usr/local/texlive/2024/texmf-dist/tex/latex/hyperref/puenc.def
File: puenc.def 2024-01-20 v7.01h Hyperref: PDF Unicode definition (HO)
)
Package hyperref Info: Option `hyperindex' set `false' on input line 4062.
Package hyperref Info: Option `unicode' set `true' on input line 4062.
Package hyperref Info: Option `colorlinks' set `true' on input line 4062.
Package hyperref Info: Option `breaklinks' set `true' on input line 4062.
Package hyperref Info: Hyper figures OFF on input line 4179.
Package hyperref Info: Link nesting OFF on input line 4184.
Package hyperref Info: Hyper index OFF on input line 4189.
Package hyperref Info: Plain pages OFF on input line 4194.
Package hyperref Info: Backreferencing OFF on input line 4199.
Package hyperref Info: Implicit mode ON; LaTeX internals redefined.
Package hyperref Info: Bookmarks ON on input line 4446.
\c@Hy@tempcnt=\count360

(/usr/local/texlive/2024/texmf-dist/tex/latex/url/url.sty
\Urlmuskip=\muskip17
Package: url 2013/09/16  ver 3.4  Verb mode for urls, etc.
)
LaTeX Info: Redefining \url on input line 4784.
\XeTeXLinkMargin=\dimen362

(/usr/local/texlive/2024/texmf-dist/tex/generic/bitset/bitset.sty
Package: bitset 2019/12/09 v1.3 Handle bit-vector datatype (HO)

(/usr/local/texlive/2024/texmf-dist/tex/generic/bigintcalc/bigintcalc.sty
Package: bigintcalc 2019/12/15 v1.5 Expandable calculations on big integers (HO
)
))
\Fld@menulength=\count361
\Field@Width=\dimen363
\Fld@charsize=\dimen364
Package hyperref Info: Hyper figures OFF on input line 6063.
Package hyperref Info: Link nesting OFF on input line 6068.
Package hyperref Info: Hyper index OFF on input line 6073.
Package hyperref Info: backreferencing OFF on input line 6078.
Package hyperref Info: Link coloring ON on input line 6081.
Package hyperref Info: Link coloring with OCG OFF on input line 6088.
Package hyperref Info: PDF/A mode OFF on input line 6093.

(/usr/local/texlive/2024/texmf-dist/tex/latex/base/atbegshi-ltx.sty
Package: atbegshi-ltx 2021/01/10 v1.0c Emulation of the original atbegshi
package with kernel methods
)
\Hy@abspage=\count362
\c@Item=\count363
\c@Hfootnote=\count364
)
Package hyperref Info: Driver (autodetected): hxetex.

(/usr/local/texlive/2024/texmf-dist/tex/latex/hyperref/hxetex.def
File: hxetex.def 2024-01-20 v7.01h Hyperref driver for XeTeX

(/usr/local/texlive/2024/texmf-dist/tex/generic/stringenc/stringenc.sty
Package: stringenc 2019/11/29 v1.12 Convert strings between diff. encodings (HO
)
)
\pdfm@box=\box133
\c@Hy@AnnotLevel=\count365
\HyField@AnnotCount=\count366
\Fld@listcount=\count367
\c@bookmark@seq@number=\count368

(/usr/local/texlive/2024/texmf-dist/tex/latex/rerunfilecheck/rerunfilecheck.sty
Package: rerunfilecheck 2022-07-10 v1.10 Rerun checks for auxiliary files (HO)
(/usr/local/texlive/2024/texmf-dist/tex/latex/base/atveryend-ltx.sty
Package: atveryend-ltx 2020/08/19 v1.0a Emulation of the original atveryend pac
kage
with kernel methods
)
(/usr/local/texlive/2024/texmf-dist/tex/generic/uniquecounter/uniquecounter.sty
Package: uniquecounter 2019/12/15 v1.4 Provide unlimited unique counter (HO)
)
Package uniquecounter Info: New unique counter `rerunfilecheck' on input line 2
85.
)
\Hy@SectionHShift=\skip86
) (/usr/local/texlive/2024/texmf-dist/tex/latex/oberdiek/hypcap.sty
Package: hypcap 2016/05/16 v1.12 Adjusting the anchors of captions (HO)

(/usr/local/texlive/2024/texmf-dist/tex/latex/letltxmacro/letltxmacro.sty
Package: letltxmacro 2019/12/03 v1.6 Let assignment for LaTeX macros (HO)
))
(./sphinxmessages.sty
Package: sphinxmessages 2019/01/04 v2.0 Localized LaTeX macros (Sphinx team)
)
(/usr/local/texlive/2024/texmf-dist/tex/xelatex/ucharclasses/ucharclasses.sty
Package: ucharclasses 2022/10/20 v2.6.0 Unicode block character classes for XeL
aTeX

(/usr/local/texlive/2024/texmf-dist/tex/generic/iftex/ifxetex.sty
Package: ifxetex 2019/10/25 v0.7 ifxetex legacy package. Use iftex instead.
)
\AlphabeticPresentationFormsClass=\XeTeXcharclass1
\BasicLatinClass=\XeTeXcharclass2
\CopticClass=\XeTeXcharclass3
\GreekAndCopticClass=\XeTeXcharclass4
\GreekExtendedClass=\XeTeXcharclass5
\LatinExtendedAdditionalClass=\XeTeXcharclass6
\LatinExtendedAClass=\XeTeXcharclass7
\LatinExtendedBClass=\XeTeXcharclass8
\LatinExtendedCClass=\XeTeXcharclass9
\LatinExtendedDClass=\XeTeXcharclass10
\LatinSupplementClass=\XeTeXcharclass11
\CopticEpactNumbersClass=\XeTeXcharclass12
\LatinExtendedEClass=\XeTeXcharclass13
\LatinExtendedFClass=\XeTeXcharclass14
\LatinExtendedGClass=\XeTeXcharclass15
)
(/usr/local/texlive/2024/texmf-dist/tex/latex/unicode-math/unicode-math.sty
Package: unicode-math 2023/08/13 v0.8r Unicode maths in XeLaTeX and LuaLaTeX

(/usr/local/texlive/2024/texmf-dist/tex/latex/unicode-math/unicode-math-xetex.s
ty
Package: unicode-math-xetex 2023/08/13 v0.8r Unicode maths in XeLaTeX and LuaLa
TeX

(/usr/local/texlive/2024/texmf-dist/tex/latex/l3packages/l3keys2e/l3keys2e.sty
Package: l3keys2e 2024-02-18 LaTeX2e option processing using LaTeX3 keys
) (/usr/local/texlive/2024/texmf-dist/tex/latex/base/fix-cm.sty
Package: fix-cm 2020/11/24 v1.1t fixes to LaTeX

(/usr/local/texlive/2024/texmf-dist/tex/latex/base/ts1enc.def
File: ts1enc.def 2001/06/05 v3.0e (jk/car/fm) Standard LaTeX file
LaTeX Font Info:    Redeclaring font encoding TS1 on input line 47.
))
\g__um_fam_int=\count369
\g__um_fonts_used_int=\count370
\l__um_primecount_int=\count371
\g__um_primekern_muskip=\muskip18

(/usr/local/texlive/2024/texmf-dist/tex/latex/unicode-math/unicode-math-table.t
ex)))
Package hyperref Info: Option `psdextra' set `true' on input line 85.
 (/usr/local/texlive/2024/texmf-dist/tex/latex/hyperref/psdextra.def
File: psdextra.def 2024-01-20 v7.01h Hyperref: Additions to PDF string support
)
\@indexfile=\write5
\openout5 = `projectnamenotset.idx'.


Writing index file projectnamenotset.idx
(./projectnamenotset.aux)
\openout1 = `projectnamenotset.aux'.

LaTeX Font Info:    Checking defaults for OML/cmm/m/it on input line 96.
LaTeX Font Info:    ... okay on input line 96.
LaTeX Font Info:    Checking defaults for OMS/cmsy/m/n on input line 96.
LaTeX Font Info:    ... okay on input line 96.
LaTeX Font Info:    Checking defaults for OT1/cmr/m/n on input line 96.
LaTeX Font Info:    ... okay on input line 96.
LaTeX Font Info:    Checking defaults for T1/cmr/m/n on input line 96.
LaTeX Font Info:    ... okay on input line 96.
LaTeX Font Info:    Checking defaults for TS1/cmr/m/n on input line 96.
LaTeX Font Info:    ... okay on input line 96.
LaTeX Font Info:    Checking defaults for TU/lmr/m/n on input line 96.
LaTeX Font Info:    ... okay on input line 96.
LaTeX Font Info:    Checking defaults for OMX/cmex/m/n on input line 96.
LaTeX Font Info:    ... okay on input line 96.
LaTeX Font Info:    Checking defaults for U/cmr/m/n on input line 96.
LaTeX Font Info:    ... okay on input line 96.
LaTeX Font Info:    Checking defaults for PD1/pdf/m/n on input line 96.
LaTeX Font Info:    ... okay on input line 96.
LaTeX Font Info:    Checking defaults for PU/pdf/m/n on input line 96.
LaTeX Font Info:    ... okay on input line 96.


Package pgfplots Warning: running in backwards compatibility mode (unsuitable t
ick labels; missing features). Consider writing \pgfplotsset{compat=1.18} into 
your preamble.
 on input line 96.

(/usr/local/texlive/2024/texmf-dist/tex/latex/fontawesome5/fontawesome5.sty
Package: fontawesome5 2022/05/02 v5.15.4 Font Awesome 5

(/usr/local/texlive/2024/texmf-dist/tex/latex/fontawesome5/fontawesome5-utex-he
lper.sty
Package: fontawesome5-utex-helper 2022/05/02 v5.15.4 uTeX helper for fontawesom
e5
LaTeX Font Info:    Trying to load font information for TU+fontawesomefree on i
nput line 69.

(/usr/local/texlive/2024/texmf-dist/tex/latex/fontawesome5/tufontawesomefree.fd
)
LaTeX Font Info:    Trying to load font information for TU+fontawesomebrands on
 input line 70.

(/usr/local/texlive/2024/texmf-dist/tex/latex/fontawesome5/tufontawesomebrands.
fd)))
\c@literalblock=\count372

*geometry* driver: auto-detecting
*geometry* detected driver: xetex
*geometry* verbose mode - [ preamble ] result:
* driver: xetex
* paper: letterpaper
* layout: <same size as paper>
* layoutoffset:(h,v)=(0.0pt,0.0pt)
* modes: twoside 
* h-part:(L,W,R)=(72.26999pt, 469.75502pt, 72.26999pt)
* v-part:(T,H,B)=(72.26999pt, 650.43001pt, 72.26999pt)
* \paperwidth=614.295pt
* \paperheight=794.96999pt
* \textwidth=469.75502pt
* \textheight=650.43001pt
* \oddsidemargin=0.0pt
* \evensidemargin=0.0pt
* \topmargin=-37.0pt
* \headheight=12.0pt
* \headsep=25.0pt
* \topskip=10.0pt
* \footskip=30.0pt
* \marginparwidth=36.135pt
* \marginparsep=11.0pt
* \columnsep=10.0pt
* \skip\footins=9.0pt plus 4.0pt minus 2.0pt
* \hoffset=0.0pt
* \voffset=0.0pt
* \mag=1000
* \@twocolumnfalse
* \@twosidetrue
* \@mparswitchtrue
* \@reversemarginfalse
* (1in=72.27pt=25.4mm, 1cm=28.453pt)

Package hyperref Info: Link coloring ON on input line 96.
\@outlinefile=\write6
\openout6 = `projectnamenotset.out'.


Package hyperref Warning: Rerun to get /PageLabels entry.

LaTeX Font Info:    Overwriting math alphabet `\mathrm' in version `normal'
(Font)                  OT1/cmr/m/n --> TU/FreeSerif(0)/m/n on input line 96.
LaTeX Font Info:    Overwriting math alphabet `\mathit' in version `normal'
(Font)                  OT1/cmr/m/it --> TU/FreeSerif(0)/m/it on input line 96.

LaTeX Font Info:    Overwriting math alphabet `\mathbf' in version `normal'
(Font)                  OT1/cmr/bx/n --> TU/FreeSerif(0)/b/n on input line 96.
LaTeX Font Info:    Overwriting math alphabet `\mathsf' in version `normal'
(Font)                  OT1/cmss/m/n --> TU/FreeSans(0)/m/n on input line 96.
LaTeX Font Info:    Overwriting math alphabet `\mathsf' in version `bold'
(Font)                  OT1/cmss/bx/n --> TU/FreeSans(0)/b/n on input line 96.
LaTeX Font Info:    Overwriting math alphabet `\mathtt' in version `normal'
(Font)                  OT1/cmtt/m/n --> TU/FreeMono(0)/m/n on input line 96.
LaTeX Font Info:    Overwriting math alphabet `\mathtt' in version `bold'
(Font)                  OT1/cmtt/m/n --> TU/FreeMono(0)/b/n on input line 96.

Package fontspec Info: Font family 'latinmodern-math.otf(0)' created for font
(fontspec)             'latinmodern-math.otf' with options
(fontspec)             [BoldItalicFont={},ItalicFont={},SmallCapsFont={},Script
=Math,BoldFont={latinmodern-math.otf}].
(fontspec)              
(fontspec)              This font family consists of the following NFSS
(fontspec)             series/shapes:
(fontspec)              
(fontspec)             - 'normal' (m/n) with NFSS spec.:
(fontspec)             <->"[latinmodern-math.otf]/OT:script=math;language=dflt;
"
(fontspec)             - 'small caps'  (m/sc) with NFSS spec.: 
(fontspec)             - 'bold' (b/n) with NFSS spec.:
(fontspec)             <->"[latinmodern-math.otf]/OT:script=math;language=dflt;
"
(fontspec)             - 'bold small caps'  (b/sc) with NFSS spec.: 


Package fontspec Info: Font family 'latinmodern-math.otf(1)' created for font
(fontspec)             'latinmodern-math.otf' with options
(fontspec)             [BoldItalicFont={},ItalicFont={},SmallCapsFont={},Script
=Math,SizeFeatures={{Size=8.5-},{Size=6-8.5,Font=latinmodern-math.otf,Style=Mat
hScript},{Size=-6,Font=latinmodern-math.otf,Style=MathScriptScript}},BoldFont={
latinmodern-math.otf}].
(fontspec)              
(fontspec)              This font family consists of the following NFSS
(fontspec)             series/shapes:
(fontspec)              
(fontspec)             - 'normal' (m/n) with NFSS spec.:
(fontspec)             <8.5->"[latinmodern-math.otf]/OT:script=math;language=df
lt;"<6-8.5>"[latinmodern-math.otf]/OT:script=math;language=dflt;+ssty=0;"<-6>"[
latinmodern-math.otf]/OT:script=math;language=dflt;+ssty=1;"
(fontspec)             - 'small caps'  (m/sc) with NFSS spec.: 
(fontspec)             - 'bold' (b/n) with NFSS spec.:
(fontspec)             <->"[latinmodern-math.otf]/OT:script=math;language=dflt;
"
(fontspec)             - 'bold small caps'  (b/sc) with NFSS spec.: 

LaTeX Font Info:    Encoding `OT1' has changed to `TU' for symbol font
(Font)              `operators' in the math version `normal' on input line 96.
LaTeX Font Info:    Overwriting symbol font `operators' in version `normal'
(Font)                  OT1/cmr/m/n --> TU/latinmodern-math.otf(1)/m/n on input
 line 96.
LaTeX Font Info:    Encoding `OT1' has changed to `TU' for symbol font
(Font)              `operators' in the math version `bold' on input line 96.
LaTeX Font Info:    Overwriting symbol font `operators' in version `bold'
(Font)                  OT1/cmr/bx/n --> TU/latinmodern-math.otf(1)/b/n on inpu
t line 96.

Package fontspec Info: latinmodern-math scale = 1.0001.


Package fontspec Info: latinmodern-math scale = 1.0001.


Package fontspec Info: latinmodern-math scale = 1.0001.


Package fontspec Info: latinmodern-math scale = 1.0001.


Package fontspec Info: latinmodern-math scale = 1.0001.


Package fontspec Info: Font family 'latinmodern-math.otf(2)' created for font
(fontspec)             'latinmodern-math.otf' with options
(fontspec)             [BoldItalicFont={},ItalicFont={},SmallCapsFont={},Script
=Math,SizeFeatures={{Size=8.5-},{Size=6-8.5,Font=latinmodern-math.otf,Style=Mat
hScript},{Size=-6,Font=latinmodern-math.otf,Style=MathScriptScript}},BoldFont={
latinmodern-math.otf},ScaleAgain=1.0001,FontAdjustment={\fontdimen
(fontspec)             8\font =6.77pt\relax \fontdimen 9\font =3.94pt\relax
(fontspec)             \fontdimen 10\font =4.44pt\relax \fontdimen 11\font
(fontspec)             =6.86pt\relax \fontdimen 12\font =3.45pt\relax
(fontspec)             \fontdimen 13\font =3.63pt\relax \fontdimen 14\font
(fontspec)             =3.63pt\relax \fontdimen 15\font =2.89pt\relax
(fontspec)             \fontdimen 16\font =2.47pt\relax \fontdimen 17\font
(fontspec)             =2.47pt\relax \fontdimen 18\font =2.5pt\relax
(fontspec)             \fontdimen 19\font =2.0pt\relax \fontdimen 22\font
(fontspec)             =2.5pt\relax \fontdimen 20\font =0pt\relax \fontdimen
(fontspec)             21\font =0pt\relax }].
(fontspec)              
(fontspec)              This font family consists of the following NFSS
(fontspec)             series/shapes:
(fontspec)              
(fontspec)             - 'normal' (m/n) with NFSS spec.:
(fontspec)             <8.5->s*[1.0001]"[latinmodern-math.otf]/OT:script=math;l
anguage=dflt;"<6-8.5>s*[1.0001]"[latinmodern-math.otf]/OT:script=math;language=
dflt;+ssty=0;"<-6>s*[1.0001]"[latinmodern-math.otf]/OT:script=math;language=dfl
t;+ssty=1;"
(fontspec)             - 'small caps'  (m/sc) with NFSS spec.: 
(fontspec)             and font adjustment code:
(fontspec)             \fontdimen 8\font =6.77pt\relax \fontdimen 9\font
(fontspec)             =3.94pt\relax \fontdimen 10\font =4.44pt\relax
(fontspec)             \fontdimen 11\font =6.86pt\relax \fontdimen 12\font
(fontspec)             =3.45pt\relax \fontdimen 13\font =3.63pt\relax
(fontspec)             \fontdimen 14\font =3.63pt\relax \fontdimen 15\font
(fontspec)             =2.89pt\relax \fontdimen 16\font =2.47pt\relax
(fontspec)             \fontdimen 17\font =2.47pt\relax \fontdimen 18\font
(fontspec)             =2.5pt\relax \fontdimen 19\font =2.0pt\relax \fontdimen
(fontspec)             22\font =2.5pt\relax \fontdimen 20\font =0pt\relax
(fontspec)             \fontdimen 21\font =0pt\relax 
(fontspec)             - 'bold' (b/n) with NFSS spec.:
(fontspec)             <->s*[1.0001]"[latinmodern-math.otf]/OT:script=math;lang
uage=dflt;"
(fontspec)             - 'bold small caps'  (b/sc) with NFSS spec.: 
(fontspec)             and font adjustment code:
(fontspec)             \fontdimen 8\font =6.77pt\relax \fontdimen 9\font
(fontspec)             =3.94pt\relax \fontdimen 10\font =4.44pt\relax
(fontspec)             \fontdimen 11\font =6.86pt\relax \fontdimen 12\font
(fontspec)             =3.45pt\relax \fontdimen 13\font =3.63pt\relax
(fontspec)             \fontdimen 14\font =3.63pt\relax \fontdimen 15\font
(fontspec)             =2.89pt\relax \fontdimen 16\font =2.47pt\relax
(fontspec)             \fontdimen 17\font =2.47pt\relax \fontdimen 18\font
(fontspec)             =2.5pt\relax \fontdimen 19\font =2.0pt\relax \fontdimen
(fontspec)             22\font =2.5pt\relax \fontdimen 20\font =0pt\relax
(fontspec)             \fontdimen 21\font =0pt\relax 

LaTeX Font Info:    Encoding `OMS' has changed to `TU' for symbol font
(Font)              `symbols' in the math version `normal' on input line 96.
LaTeX Font Info:    Overwriting symbol font `symbols' in version `normal'
(Font)                  OMS/cmsy/m/n --> TU/latinmodern-math.otf(2)/m/n on inpu
t line 96.
LaTeX Font Info:    Encoding `OMS' has changed to `TU' for symbol font
(Font)              `symbols' in the math version `bold' on input line 96.
LaTeX Font Info:    Overwriting symbol font `symbols' in version `bold'
(Font)                  OMS/cmsy/b/n --> TU/latinmodern-math.otf(2)/b/n on inpu
t line 96.

Package fontspec Info: latinmodern-math scale = 0.9999.


Package fontspec Info: latinmodern-math scale = 0.9999.


Package fontspec Info: latinmodern-math scale = 0.9999.


Package fontspec Info: latinmodern-math scale = 0.9999.


Package fontspec Info: latinmodern-math scale = 0.9999.


Package fontspec Info: Font family 'latinmodern-math.otf(3)' created for font
(fontspec)             'latinmodern-math.otf' with options
(fontspec)             [BoldItalicFont={},ItalicFont={},SmallCapsFont={},Script
=Math,SizeFeatures={{Size=8.5-},{Size=6-8.5,Font=latinmodern-math.otf,Style=Mat
hScript},{Size=-6,Font=latinmodern-math.otf,Style=MathScriptScript}},BoldFont={
latinmodern-math.otf},ScaleAgain=0.9999,FontAdjustment={\fontdimen
(fontspec)             8\font =0.4pt\relax \fontdimen 9\font =2.0pt\relax
(fontspec)             \fontdimen 10\font =1.67pt\relax \fontdimen 11\font
(fontspec)             =1.11pt\relax \fontdimen 12\font =6.0pt\relax
(fontspec)             \fontdimen 13\font =0pt\relax }].
(fontspec)              
(fontspec)              This font family consists of the following NFSS
(fontspec)             series/shapes:
(fontspec)              
(fontspec)             - 'normal' (m/n) with NFSS spec.:
(fontspec)             <8.5->s*[0.9999]"[latinmodern-math.otf]/OT:script=math;l
anguage=dflt;"<6-8.5>s*[0.9999]"[latinmodern-math.otf]/OT:script=math;language=
dflt;+ssty=0;"<-6>s*[0.9999]"[latinmodern-math.otf]/OT:script=math;language=dfl
t;+ssty=1;"
(fontspec)             - 'small caps'  (m/sc) with NFSS spec.: 
(fontspec)             and font adjustment code:
(fontspec)             \fontdimen 8\font =0.4pt\relax \fontdimen 9\font
(fontspec)             =2.0pt\relax \fontdimen 10\font =1.67pt\relax
(fontspec)             \fontdimen 11\font =1.11pt\relax \fontdimen 12\font
(fontspec)             =6.0pt\relax \fontdimen 13\font =0pt\relax 
(fontspec)             - 'bold' (b/n) with NFSS spec.:
(fontspec)             <->s*[0.9999]"[latinmodern-math.otf]/OT:script=math;lang
uage=dflt;"
(fontspec)             - 'bold small caps'  (b/sc) with NFSS spec.: 
(fontspec)             and font adjustment code:
(fontspec)             \fontdimen 8\font =0.4pt\relax \fontdimen 9\font
(fontspec)             =2.0pt\relax \fontdimen 10\font =1.67pt\relax
(fontspec)             \fontdimen 11\font =1.11pt\relax \fontdimen 12\font
(fontspec)             =6.0pt\relax \fontdimen 13\font =0pt\relax 

LaTeX Font Info:    Encoding `OMX' has changed to `TU' for symbol font
(Font)              `largesymbols' in the math version `normal' on input line 9
6.
LaTeX Font Info:    Overwriting symbol font `largesymbols' in version `normal'
(Font)                  OMX/cmex/m/n --> TU/latinmodern-math.otf(3)/m/n on inpu
t line 96.
LaTeX Font Info:    Encoding `OMX' has changed to `TU' for symbol font
(Font)              `largesymbols' in the math version `bold' on input line 96.

LaTeX Font Info:    Overwriting symbol font `largesymbols' in version `bold'
(Font)                  OMX/cmex/m/n --> TU/latinmodern-math.otf(3)/b/n on inpu
t line 96.
LaTeX Info: Redefining \rmfamily on input line 96.
LaTeX Info: Redefining \sffamily on input line 96.
LaTeX Info: Redefining \ttfamily on input line 96.
Package hyperref Info: Option `pageanchor' set `false' on input line 99.
(/usr/local/texlive/2024/texmf-dist/tex/generic/stringenc/se-ascii-print.def
File: se-ascii-print.def 2019/11/29 v1.12 stringenc: Printable ASCII characters

)
LaTeX Font Info:    Font shape `TU/latinmodern-math.otf(2)/m/n' will be
(Font)              scaled to size 17.28183pt on input line 99.
LaTeX Font Info:    Font shape `TU/latinmodern-math.otf(2)/m/n' will be
(Font)              scaled to size 12.00128pt on input line 99.
LaTeX Font Info:    Font shape `TU/latinmodern-math.otf(2)/m/n' will be
(Font)              scaled to size 10.00107pt on input line 99.
LaTeX Font Info:    Font shape `TU/latinmodern-math.otf(3)/m/n' will be
(Font)              scaled to size 17.27815pt on input line 99.
LaTeX Font Info:    Font shape `TU/latinmodern-math.otf(3)/m/n' will be
(Font)              scaled to size 11.99872pt on input line 99.
LaTeX Font Info:    Font shape `TU/latinmodern-math.otf(3)/m/n' will be
(Font)              scaled to size 9.99893pt on input line 99.
LaTeX Font Info:    Trying to load font information for U+msa on input line 99.


(/usr/local/texlive/2024/texmf-dist/tex/latex/amsfonts/umsa.fd
File: umsa.fd 2013/01/14 v3.01 AMS symbols A
)
LaTeX Font Info:    Trying to load font information for U+msb on input line 99.


(/usr/local/texlive/2024/texmf-dist/tex/latex/amsfonts/umsb.fd
File: umsb.fd 2013/01/14 v3.01 AMS symbols B
)
LaTeX Font Info:    Trying to load font information for U+rsfs on input line 99
.

(/usr/local/texlive/2024/texmf-dist/tex/latex/jknapltx/ursfs.fd
File: ursfs.fd 1998/03/24 rsfs font definition file (jk)
) [1

] [2


]
No file projectnamenotset.toc.
\tf@toc=\write7
\openout7 = `projectnamenotset.toc'.

[1

] [2

]
Missing character: There is no ️ (U+FE0F) in font [FreeSerif.otf]/OT:script=lat
n;language=dflt;!
Missing character: There is no ️ (U+FE0F) in font [FreeSerif.otf]/OT:script=lat
n;language=dflt;!
Missing character: There is no ️ (U+FE0F) in font [FreeSerif.otf]/OT:script=lat
n;language=dflt;!
Missing character: There is no ️ (U+FE0F) in font [FreeSerif.otf]/OT:script=lat
n;language=dflt;!
Missing character: There is no 📜 (U+1F4DC) in font [FreeSerif.otf]/OT:script=la
tn;language=dflt;!

LaTeX Warning: Hyper reference `introduction::doc' on page 1 undefined on input
 line 146.


LaTeX Warning: Hyper reference `notation::doc' on page 1 undefined on input lin
e 150.


LaTeX Warning: Hyper reference `01::doc' on page 1 undefined on input line 154.



LaTeX Warning: Hyper reference `02::doc' on page 1 undefined on input line 158.



LaTeX Warning: Hyper reference `03::doc' on page 1 undefined on input line 162.



LaTeX Warning: Hyper reference `04::doc' on page 1 undefined on input line 166.



LaTeX Warning: Hyper reference `05::doc' on page 1 undefined on input line 170.



LaTeX Warning: Hyper reference `06::doc' on page 1 undefined on input line 174.



LaTeX Warning: Hyper reference `conclusion::doc' on page 1 undefined on input l
ine 178.


LaTeX Warning: Hyper reference `bibliography::doc' on page 1 undefined on input
 line 182.

[1] [2

]
Chapter 1.
[3] [4] [5] [6]
Chapter 2.
LaTeX Font Info:    Font shape `TU/latinmodern-math.otf(2)/m/n' will be
(Font)              scaled to size 7.00075pt on input line 512.
LaTeX Font Info:    Font shape `TU/latinmodern-math.otf(2)/m/n' will be
(Font)              scaled to size 5.00053pt on input line 512.
LaTeX Font Info:    Font shape `TU/latinmodern-math.otf(3)/m/n' will be
(Font)              scaled to size 6.99925pt on input line 512.
LaTeX Font Info:    Font shape `TU/latinmodern-math.otf(3)/m/n' will be
(Font)              scaled to size 4.99947pt on input line 512.
Missing character: There is no 𝛩 (U+1D6E9) in font [FreeSerifBold.otf]/OT:scrip
t=latn;language=dflt;!
[7

] [8

]
Chapter 3.
[9]

! Package array Error: Empty preamble: `l' used.

See the array package documentation for explanation.
Type  H <return>  for immediate help.
 ...                                              
                                                  
l.688 \right]\end{split}
                        
? 
! Extra alignment tab has been changed to \cr.
<template> \endtemplate 
                        
l.688 \right]\end{split}
                        
? 
! Extra alignment tab has been changed to \cr.
<template> \endtemplate 
                        
l.688 \right]\end{split}
                        
? 

! Package array Error: Empty preamble: `l' used.

See the array package documentation for explanation.
Type  H <return>  for immediate help.
 ...                                              
                                                  
l.688 \right]\end{split}
                        
? 
! Extra alignment tab has been changed to \cr.
<template> \endtemplate 
                        
l.688 \right]\end{split}
                        
? 
! Extra alignment tab has been changed to \cr.
<template> \endtemplate 
                        
l.688 \right]\end{split}
                        
? 

! Package array Error: Empty preamble: `l' used.

See the array package documentation for explanation.
Type  H <return>  for immediate help.
 ...                                              
                                                  
l.694 \right]\end{split}
                        
? 
! Extra alignment tab has been changed to \cr.
<template> \endtemplate 
                        
l.694 \right]\end{split}
                        
? 
! Extra alignment tab has been changed to \cr.
<template> \endtemplate 
                        
l.694 \right]\end{split}
                        
? 
! Extra alignment tab has been changed to \cr.
<template> \endtemplate 
                        
l.694 \right]\end{split}
                        
? 
! Extra alignment tab has been changed to \cr.
<template> \endtemplate 
                        
l.694 \right]\end{split}
                        
? 
! Extra alignment tab has been changed to \cr.
<template> \endtemplate 
                        
l.694 \right]\end{split}
                        
? 
! Extra alignment tab has been changed to \cr.
<template> \endtemplate 
                        
l.694 \right]\end{split}
                        
? 
! Extra alignment tab has been changed to \cr.
<template> \endtemplate 
                        
l.694 \right]\end{split}
                        
? 

! Package array Error: Empty preamble: `l' used.

See the array package documentation for explanation.
Type  H <return>  for immediate help.
 ...                                              
                                                  
l.694 \right]\end{split}
                        
? 
! Extra alignment tab has been changed to \cr.
<template> \endtemplate 
                        
l.694 \right]\end{split}
                        
? 
! Extra alignment tab has been changed to \cr.
<template> \endtemplate 
                        
l.694 \right]\end{split}
                        
? 
! Extra alignment tab has been changed to \cr.
<template> \endtemplate 
                        
l.694 \right]\end{split}
                        
? 
! Extra alignment tab has been changed to \cr.
<template> \endtemplate 
                        
l.694 \right]\end{split}
                        
? 
! Extra alignment tab has been changed to \cr.
<template> \endtemplate 
                        
l.694 \right]\end{split}
                        
? 
! Extra alignment tab has been changed to \cr.
<template> \endtemplate 
                        
l.694 \right]\end{split}
                        
? 
! Extra alignment tab has been changed to \cr.
<template> \endtemplate 
                        
l.694 \right]\end{split}
                        
? 
[10]

! Package array Error: Empty preamble: `l' used.

See the array package documentation for explanation.
Type  H <return>  for immediate help.
 ...                                              
                                                  
l.700 \right]\end{split}
                        
? 
! Extra alignment tab has been changed to \cr.
<template> \endtemplate 
                        
l.700 \right]\end{split}
                        
? 
! Extra alignment tab has been changed to \cr.
<template> \endtemplate 
                        
l.700 \right]\end{split}
                        
? 
! Extra alignment tab has been changed to \cr.
<template> \endtemplate 
                        
l.700 \right]\end{split}
                        
? 
! Extra alignment tab has been changed to \cr.
<template> \endtemplate 
                        
l.700 \right]\end{split}
                        
? 
! Extra alignment tab has been changed to \cr.
<template> \endtemplate 
                        
l.700 \right]\end{split}
                        
? 
! Extra alignment tab has been changed to \cr.
<template> \endtemplate 
                        
l.700 \right]\end{split}
                        
? 
! Extra alignment tab has been changed to \cr.
<template> \endtemplate 
                        
l.700 \right]\end{split}
                        
? 
! Extra alignment tab has been changed to \cr.
<template> \endtemplate 
                        
l.700 \right]\end{split}
                        
? 
! Extra alignment tab has been changed to \cr.
<template> \endtemplate 
                        
l.700 \right]\end{split}
                        
? 

! Package array Error: Empty preamble: `l' used.

See the array package documentation for explanation.
Type  H <return>  for immediate help.
 ...                                              
                                                  
l.700 \right]\end{split}
                        
? 
! Extra alignment tab has been changed to \cr.
<template> \endtemplate 
                        
l.700 \right]\end{split}
                        
? 
! Extra alignment tab has been changed to \cr.
<template> \endtemplate 
                        
l.700 \right]\end{split}
                        
? 
! Extra alignment tab has been changed to \cr.
<template> \endtemplate 
                        
l.700 \right]\end{split}
                        
? 
! Extra alignment tab has been changed to \cr.
<template> \endtemplate 
                        
l.700 \right]\end{split}
                        
? 
! Extra alignment tab has been changed to \cr.
<template> \endtemplate 
                        
l.700 \right]\end{split}
                        
? 
! Extra alignment tab has been changed to \cr.
<template> \endtemplate 
                        
l.700 \right]\end{split}
                        
? 
! Extra alignment tab has been changed to \cr.
<template> \endtemplate 
                        
l.700 \right]\end{split}
                        
? 
! Extra alignment tab has been changed to \cr.
<template> \endtemplate 
                        
l.700 \right]\end{split}
                        
? 
! Extra alignment tab has been changed to \cr.
<template> \endtemplate 
                        
l.700 \right]\end{split}
                        
? 

! Package array Error: Empty preamble: `l' used.

See the array package documentation for explanation.
Type  H <return>  for immediate help.
 ...                                              
                                                  
l.706 \right]\end{split}
                        
? 
! Extra alignment tab has been changed to \cr.
<template> \endtemplate 
                        
l.706 \right]\end{split}
                        
? 
! Extra alignment tab has been changed to \cr.
<template> \endtemplate 
                        
l.706 \right]\end{split}
                        
? 
! Extra alignment tab has been changed to \cr.
<template> \endtemplate 
                        
l.706 \right]\end{split}
                        
? 
! Extra alignment tab has been changed to \cr.
<template> \endtemplate 
                        
l.706 \right]\end{split}
                        
? 
! Extra alignment tab has been changed to \cr.
<template> \endtemplate 
                        
l.706 \right]\end{split}
                        
? 
! Extra alignment tab has been changed to \cr.
<template> \endtemplate 
                        
l.706 \right]\end{split}
                        
? 
! Extra alignment tab has been changed to \cr.
<template> \endtemplate 
                        
l.706 \right]\end{split}
                        
? 
! Extra alignment tab has been changed to \cr.
<template> \endtemplate 
                        
l.706 \right]\end{split}
                        
? 
! Extra alignment tab has been changed to \cr.
<template> \endtemplate 
                        
l.706 \right]\end{split}
                        
? 

! Package array Error: Empty preamble: `l' used.

See the array package documentation for explanation.
Type  H <return>  for immediate help.
 ...                                              
                                                  
l.706 \right]\end{split}
                        
? 
! Extra alignment tab has been changed to \cr.
<template> \endtemplate 
                        
l.706 \right]\end{split}
                        
? 
! Extra alignment tab has been changed to \cr.
<template> \endtemplate 
                        
l.706 \right]\end{split}
                        
? 
! Extra alignment tab has been changed to \cr.
<template> \endtemplate 
                        
l.706 \right]\end{split}
                        
? 
! Extra alignment tab has been changed to \cr.
<template> \endtemplate 
                        
l.706 \right]\end{split}
                        
? 
! Extra alignment tab has been changed to \cr.
<template> \endtemplate 
                        
l.706 \right]\end{split}
                        
? 
! Extra alignment tab has been changed to \cr.
<template> \endtemplate 
                        
l.706 \right]\end{split}
                        
? 
! Extra alignment tab has been changed to \cr.
<template> \endtemplate 
                        
l.706 \right]\end{split}
                        
? 
! Extra alignment tab has been changed to \cr.
<template> \endtemplate 
                        
l.706 \right]\end{split}
                        
? 
! Extra alignment tab has been changed to \cr.
<template> \endtemplate 
                        
l.706 \right]\end{split}
                        
? 

! Package array Error: Empty preamble: `l' used.

See the array package documentation for explanation.
Type  H <return>  for immediate help.
 ...                                              
                                                  
l.714 \right]\end{split}
                        
? 
! Extra alignment tab has been changed to \cr.
<template> \endtemplate 
                        
l.714 \right]\end{split}
                        
? 
! Extra alignment tab has been changed to \cr.
<template> \endtemplate 
                        
l.714 \right]\end{split}
                        
? 
! Extra alignment tab has been changed to \cr.
<template> \endtemplate 
                        
l.714 \right]\end{split}
                        
? 
! Extra alignment tab has been changed to \cr.
<template> \endtemplate 
                        
l.714 \right]\end{split}
                        
? 
! Extra alignment tab has been changed to \cr.
<template> \endtemplate 
                        
l.714 \right]\end{split}
                        
? 
! Extra alignment tab has been changed to \cr.
<template> \endtemplate 
                        
l.714 \right]\end{split}
                        
? 

! Package array Error: Empty preamble: `l' used.

See the array package documentation for explanation.
Type  H <return>  for immediate help.
 ...                                              
                                                  
l.714 \right]\end{split}
                        
? 
! Extra alignment tab has been changed to \cr.
<template> \endtemplate 
                        
l.714 \right]\end{split}
                        
? 
! Extra alignment tab has been changed to \cr.
<template> \endtemplate 
                        
l.714 \right]\end{split}
                        
? 
! Extra alignment tab has been changed to \cr.
<template> \endtemplate 
                        
l.714 \right]\end{split}
                        
? 
! Extra alignment tab has been changed to \cr.
<template> \endtemplate 
                        
l.714 \right]\end{split}
                        
? 
! Extra alignment tab has been changed to \cr.
<template> \endtemplate 
                        
l.714 \right]\end{split}
                        
? 
! Extra alignment tab has been changed to \cr.
<template> \endtemplate 
                        
l.714 \right]\end{split}
                        
? 
[11] [12]

! Package array Error: Empty preamble: `l' used.

See the array package documentation for explanation.
Type  H <return>  for immediate help.
 ...                                              
                                                  
l.878 \right]\end{split}
                        
? 
! Extra alignment tab has been changed to \cr.
<template> \endtemplate 
                        
l.878 \right]\end{split}
                        
? 
! Extra alignment tab has been changed to \cr.
<template> \endtemplate 
                        
l.878 \right]\end{split}
                        
? 
! Extra alignment tab has been changed to \cr.
<template> \endtemplate 
                        
l.878 \right]\end{split}
                        
? 
! Extra alignment tab has been changed to \cr.
<template> \endtemplate 
                        
l.878 \right]\end{split}
                        
? 

! Package array Error: Empty preamble: `l' used.

See the array package documentation for explanation.
Type  H <return>  for immediate help.
 ...                                              
                                                  
l.878 \right]\end{split}
                        
? 
! Extra alignment tab has been changed to \cr.
<template> \endtemplate 
                        
l.878 \right]\end{split}
                        
? 
! Extra alignment tab has been changed to \cr.
<template> \endtemplate 
                        
l.878 \right]\end{split}
                        
? 
! Extra alignment tab has been changed to \cr.
<template> \endtemplate 
                        
l.878 \right]\end{split}
                        
? 
! Extra alignment tab has been changed to \cr.
<template> \endtemplate 
                        
l.878 \right]\end{split}
                        
? 

! Package array Error: Empty preamble: `l' used.

See the array package documentation for explanation.
Type  H <return>  for immediate help.
 ...                                              
                                                  
l.884 \right]\end{split}
                        
? 
! Extra alignment tab has been changed to \cr.
<template> \endtemplate 
                        
l.884 \right]\end{split}
                        
? 
! Extra alignment tab has been changed to \cr.
<template> \endtemplate 
                        
l.884 \right]\end{split}
                        
? 
! Extra alignment tab has been changed to \cr.
<template> \endtemplate 
                        
l.884 \right]\end{split}
                        
? 
! Extra alignment tab has been changed to \cr.
<template> \endtemplate 
                        
l.884 \right]\end{split}
                        
? 

! Package array Error: Empty preamble: `l' used.

See the array package documentation for explanation.
Type  H <return>  for immediate help.
 ...                                              
                                                  
l.884 \right]\end{split}
                        
? 
! Extra alignment tab has been changed to \cr.
<template> \endtemplate 
                        
l.884 \right]\end{split}
                        
? 
! Extra alignment tab has been changed to \cr.
<template> \endtemplate 
                        
l.884 \right]\end{split}
                        
? 
! Extra alignment tab has been changed to \cr.
<template> \endtemplate 
                        
l.884 \right]\end{split}
                        
? 
! Extra alignment tab has been changed to \cr.
<template> \endtemplate 
                        
l.884 \right]\end{split}
                        
? 

! Package array Error: Empty preamble: `l' used.

See the array package documentation for explanation.
Type  H <return>  for immediate help.
 ...                                              
                                                  
l.890 \right]\end{split}
                        
? 
! Extra alignment tab has been changed to \cr.
<template> \endtemplate 
                        
l.890 \right]\end{split}
                        
? 
! Extra alignment tab has been changed to \cr.
<template> \endtemplate 
                        
l.890 \right]\end{split}
                        
? 
! Extra alignment tab has been changed to \cr.
<template> \endtemplate 
                        
l.890 \right]\end{split}
                        
? 
! Extra alignment tab has been changed to \cr.
<template> \endtemplate 
                        
l.890 \right]\end{split}
                        
? 

! Package array Error: Empty preamble: `l' used.

See the array package documentation for explanation.
Type  H <return>  for immediate help.
 ...                                              
                                                  
l.890 \right]\end{split}
                        
? 
! Extra alignment tab has been changed to \cr.
<template> \endtemplate 
                        
l.890 \right]\end{split}
                        
? 
! Extra alignment tab has been changed to \cr.
<template> \endtemplate 
                        
l.890 \right]\end{split}
                        
? 
! Extra alignment tab has been changed to \cr.
<template> \endtemplate 
                        
l.890 \right]\end{split}
                        
? 
! Extra alignment tab has been changed to \cr.
<template> \endtemplate 
                        
l.890 \right]\end{split}
                        
? 
[13]

! Package array Error: Empty preamble: `l' used.

See the array package documentation for explanation.
Type  H <return>  for immediate help.
 ...                                              
                                                  
l.944 \right]\end{split}
                        
? 
! Extra alignment tab has been changed to \cr.
<template> \endtemplate 
                        
l.944 \right]\end{split}
                        
? 
! Extra alignment tab has been changed to \cr.
<template> \endtemplate 
                        
l.944 \right]\end{split}
                        
? 
! Extra alignment tab has been changed to \cr.
<template> \endtemplate 
                        
l.944 \right]\end{split}
                        
? 
! Extra alignment tab has been changed to \cr.
<template> \endtemplate 
                        
l.944 \right]\end{split}
                        
? 
! Extra alignment tab has been changed to \cr.
<template> \endtemplate 
                        
l.944 \right]\end{split}
                        
? 
! Extra alignment tab has been changed to \cr.
<template> \endtemplate 
                        
l.944 \right]\end{split}
                        
? 

! Package array Error: Empty preamble: `l' used.

See the array package documentation for explanation.
Type  H <return>  for immediate help.
 ...                                              
                                                  
l.944 \right]\end{split}
                        
? 
! Extra alignment tab has been changed to \cr.
<template> \endtemplate 
                        
l.944 \right]\end{split}
                        
? 
! Extra alignment tab has been changed to \cr.
<template> \endtemplate 
                        
l.944 \right]\end{split}
                        
? 
! Extra alignment tab has been changed to \cr.
<template> \endtemplate 
                        
l.944 \right]\end{split}
                        
? 
! Extra alignment tab has been changed to \cr.
<template> \endtemplate 
                        
l.944 \right]\end{split}
                        
? 
! Extra alignment tab has been changed to \cr.
<template> \endtemplate 
                        
l.944 \right]\end{split}
                        
? 
! Extra alignment tab has been changed to \cr.
<template> \endtemplate 
                        
l.944 \right]\end{split}
                        
? 
[14]
LaTeX Font Info:    Font shape `TU/latinmodern-math.otf(2)/m/n' will be
(Font)              scaled to size 8.00085pt on input line 1038.
LaTeX Font Info:    Font shape `TU/latinmodern-math.otf(2)/m/n' will be
(Font)              scaled to size 6.00064pt on input line 1038.
LaTeX Font Info:    Font shape `TU/latinmodern-math.otf(3)/m/n' will be
(Font)              scaled to size 7.99915pt on input line 1038.
LaTeX Font Info:    Font shape `TU/latinmodern-math.otf(3)/m/n' will be
(Font)              scaled to size 5.99936pt on input line 1038.


Package hyperref Warning: Token not allowed in a PDF string (Unicode):
(hyperref)                removing `math shift' on input line 1038.


Package hyperref Warning: Token not allowed in a PDF string (Unicode):
(hyperref)                removing `\symcal' on input line 1038.


! Package array Error: Empty preamble: `l' used.

See the array package documentation for explanation.
Type  H <return>  for immediate help.
 ...                                              
                                                  
l.1066 \right]\end{split}
                         
? 
! Extra alignment tab has been changed to \cr.
<template> \endtemplate 
                        
l.1066 \right]\end{split}
                         
? 
! Extra alignment tab has been changed to \cr.
<template> \endtemplate 
                        
l.1066 \right]\end{split}
                         
? 

! Package array Error: Empty preamble: `l' used.

See the array package documentation for explanation.
Type  H <return>  for immediate help.
 ...                                              
                                                  
l.1066 \right]\end{split}
                         
? 
! Extra alignment tab has been changed to \cr.
<template> \endtemplate 
                        
l.1066 \right]\end{split}
                         
? 
! Extra alignment tab has been changed to \cr.
<template> \endtemplate 
                        
l.1066 \right]\end{split}
                         
? 
File: e3bffc1096629c33e798ef269766466ea312c099599482ecf8fb4c9c0022ff23.png Grap
hic file (type bmp)
<e3bffc1096629c33e798ef269766466ea312c099599482ecf8fb4c9c0022ff23.png>
[15] [16]
File: 690371191b09a23c57e70759aa1fec8d5bc60ba2c3c4b10ce8c96aa908bed799.png Grap
hic file (type bmp)
<690371191b09a23c57e70759aa1fec8d5bc60ba2c3c4b10ce8c96aa908bed799.png>
 [17] [18]
File: 7eb2897da362ed5cecc0e6887f5300dcf80448ed8616de01974317225123cc00.png Grap
hic file (type bmp)
<7eb2897da362ed5cecc0e6887f5300dcf80448ed8616de01974317225123cc00.png>
 [19] [20] [21] [22] [23] [24]
! Misplaced \omit.
\math@cr@@@ ...@ \@ne \add@amps \maxfields@ \omit 
                                                  \kern -\alignsep@ \iftag@ ...
l.1619 \end{align}\end{split}
                             
? 
! Misplaced \omit.
\math@cr@@@ ...@ \@ne \add@amps \maxfields@ \omit 
                                                  \kern -\alignsep@ \iftag@ ...
l.1619 \end{align}\end{split}
                             
? 
! Misplaced \omit.
\math@cr@@@ ...@ \@ne \add@amps \maxfields@ \omit 
                                                  \kern -\alignsep@ \iftag@ ...
l.1619 \end{align}\end{split}
                             
? 
! Misplaced \omit.
\math@cr@@@ ...@ \@ne \add@amps \maxfields@ \omit 
                                                  \kern -\alignsep@ \iftag@ ...
l.1619 \end{align}\end{split}
                             
? 
! Misplaced \omit.
\math@cr@@@ ...@ \@ne \add@amps \maxfields@ \omit 
                                                  \kern -\alignsep@ \iftag@ ...
l.1619 \end{align}\end{split}
                             
? 
! Misplaced \omit.
\math@cr@@@ ...@ \@ne \add@amps \maxfields@ \omit 
                                                  \kern -\alignsep@ \iftag@ ...
l.1619 \end{align}\end{split}
                             
? 
[25]
File: 83943a838ea1d6fd5050d070bc4ea6b965b9d1dc728a673264b3bb3bda2c7b72.png Grap
hic file (type bmp)
<83943a838ea1d6fd5050d070bc4ea6b965b9d1dc728a673264b3bb3bda2c7b72.png>


! Package array Error: Empty preamble: `l' used.

See the array package documentation for explanation.
Type  H <return>  for immediate help.
 ...                                              
                                                  
l.1732 \right]\end{split}
                         
? 
! Extra alignment tab has been changed to \cr.
<template> \endtemplate 
                        
l.1732 \right]\end{split}
                         
? 

! Package array Error: Empty preamble: `l' used.

See the array package documentation for explanation.
Type  H <return>  for immediate help.
 ...                                              
                                                  
l.1732 \right]\end{split}
                         
? 
! Extra alignment tab has been changed to \cr.
<template> \endtemplate 
                        
l.1732 \right]\end{split}
                         
? 

! Package array Error: Empty preamble: `l' used.

See the array package documentation for explanation.
Type  H <return>  for immediate help.
 ...                                              
                                                  
l.1738 \right]\end{split}
                         
? 
! Extra alignment tab has been changed to \cr.
<template> \endtemplate 
                        
l.1738 \right]\end{split}
                         
? 

! Package array Error: Empty preamble: `l' used.

See the array package documentation for explanation.
Type  H <return>  for immediate help.
 ...                                              
                                                  
l.1738 \right]\end{split}
                         
? 
! Extra alignment tab has been changed to \cr.
<template> \endtemplate 
                        
l.1738 \right]\end{split}
                         
? 
[26]

! Package array Error: Empty preamble: `l' used.

See the array package documentation for explanation.
Type  H <return>  for immediate help.
 ...                                              
                                                  
l.1745 \right]\end{split}
                         
? 
! Extra alignment tab has been changed to \cr.
<template> \endtemplate 
                        
l.1745 \right]\end{split}
                         
? 
! Extra alignment tab has been changed to \cr.
<template> \endtemplate 
                        
l.1745 \right]\end{split}
                         
? 

! Package array Error: Empty preamble: `l' used.

See the array package documentation for explanation.
Type  H <return>  for immediate help.
 ...                                              
                                                  
l.1745 \right]\end{split}
                         
? 
! Extra alignment tab has been changed to \cr.
<template> \endtemplate 
                        
l.1745 \right]\end{split}
                         
? 
! Extra alignment tab has been changed to \cr.
<template> \endtemplate 
                        
l.1745 \right]\end{split}
                         
? 

! Package array Error: Empty preamble: `l' used.

See the array package documentation for explanation.
Type  H <return>  for immediate help.
 ...                                              
                                                  
l.1752 \right]\end{split}
                         
? 
! Extra alignment tab has been changed to \cr.
<template> \endtemplate 
                        
l.1752 \right]\end{split}
                         
? 
! Extra alignment tab has been changed to \cr.
<template> \endtemplate 
                        
l.1752 \right]\end{split}
                         
? 

! Package array Error: Empty preamble: `l' used.

See the array package documentation for explanation.
Type  H <return>  for immediate help.
 ...                                              
                                                  
l.1752 \right]\end{split}
                         
? 
! Extra alignment tab has been changed to \cr.
<template> \endtemplate 
                        
l.1752 \right]\end{split}
                         
? 
! Extra alignment tab has been changed to \cr.
<template> \endtemplate 
                        
l.1752 \right]\end{split}
                         
? 
[27]
File: e79ac2f638b863cf9720c99b0248b6841c2b12297ac8602da0a190f78211b0d0.png Grap
hic file (type bmp)
<e79ac2f638b863cf9720c99b0248b6841c2b12297ac8602da0a190f78211b0d0.png>
 [28] [29]

! Package array Error: Empty preamble: `l' used.

See the array package documentation for explanation.
Type  H <return>  for immediate help.
 ...                                              
                                                  
l.1898 \right]\end{split}
                         
? 
! Extra alignment tab has been changed to \cr.
<template> \endtemplate 
                        
l.1898 \right]\end{split}
                         
? 
! Extra alignment tab has been changed to \cr.
<template> \endtemplate 
                        
l.1898 \right]\end{split}
                         
? 
! Extra alignment tab has been changed to \cr.
<template> \endtemplate 
                        
l.1898 \right]\end{split}
                         
? 
! Extra alignment tab has been changed to \cr.
<template> \endtemplate 
                        
l.1898 \right]\end{split}
                         
? 
! Extra alignment tab has been changed to \cr.
<template> \endtemplate 
                        
l.1898 \right]\end{split}
                         
? 
! Extra alignment tab has been changed to \cr.
<template> \endtemplate 
                        
l.1898 \right]\end{split}
                         
? 

! Package array Error: Empty preamble: `l' used.

See the array package documentation for explanation.
Type  H <return>  for immediate help.
 ...                                              
                                                  
l.1898 \right]\end{split}
                         
? 
! Extra alignment tab has been changed to \cr.
<template> \endtemplate 
                        
l.1898 \right]\end{split}
                         
? 
! Extra alignment tab has been changed to \cr.
<template> \endtemplate 
                        
l.1898 \right]\end{split}
                         
? 
! Extra alignment tab has been changed to \cr.
<template> \endtemplate 
                        
l.1898 \right]\end{split}
                         
? 
! Extra alignment tab has been changed to \cr.
<template> \endtemplate 
                        
l.1898 \right]\end{split}
                         
? 
! Extra alignment tab has been changed to \cr.
<template> \endtemplate 
                        
l.1898 \right]\end{split}
                         
? 
! Extra alignment tab has been changed to \cr.
<template> \endtemplate 
                        
l.1898 \right]\end{split}
                         
? 

! Package array Error: Empty preamble: `l' used.

See the array package documentation for explanation.
Type  H <return>  for immediate help.
 ...                                              
                                                  
l.1906 \right]\end{split}
                         
? 
! Extra alignment tab has been changed to \cr.
<template> \endtemplate 
                        
l.1906 \right]\end{split}
                         
? 
! Extra alignment tab has been changed to \cr.
<template> \endtemplate 
                        
l.1906 \right]\end{split}
                         
? 
! Extra alignment tab has been changed to \cr.
<template> \endtemplate 
                        
l.1906 \right]\end{split}
                         
? 
! Extra alignment tab has been changed to \cr.
<template> \endtemplate 
                        
l.1906 \right]\end{split}
                         
? 
! Extra alignment tab has been changed to \cr.
<template> \endtemplate 
                        
l.1906 \right]\end{split}
                         
? 
! Extra alignment tab has been changed to \cr.
<template> \endtemplate 
                        
l.1906 \right]\end{split}
                         
? 

! Package array Error: Empty preamble: `l' used.

See the array package documentation for explanation.
Type  H <return>  for immediate help.
 ...                                              
                                                  
l.1906 \right]\end{split}
                         
? 
! Extra alignment tab has been changed to \cr.
<template> \endtemplate 
                        
l.1906 \right]\end{split}
                         
? 
! Extra alignment tab has been changed to \cr.
<template> \endtemplate 
                        
l.1906 \right]\end{split}
                         
? 
! Extra alignment tab has been changed to \cr.
<template> \endtemplate 
                        
l.1906 \right]\end{split}
                         
? 
! Extra alignment tab has been changed to \cr.
<template> \endtemplate 
                        
l.1906 \right]\end{split}
                         
? 
! Extra alignment tab has been changed to \cr.
<template> \endtemplate 
                        
l.1906 \right]\end{split}
                         
? 
! Extra alignment tab has been changed to \cr.
<template> \endtemplate 
                        
l.1906 \right]\end{split}
                         
? 
File: 933ab21320b7a0fdcb93bd0e28df608e17e0401ad1dc8bf888cfdd3d67f7d9c3.png Grap
hic file (type bmp)
<933ab21320b7a0fdcb93bd0e28df608e17e0401ad1dc8bf888cfdd3d67f7d9c3.png>
[30] [31] [32]
File: 3d14cdbc4b7b580a67331030db5443aca881cf9211e810dbc34c8e25f7f033de.png Grap
hic file (type bmp)
<3d14cdbc4b7b580a67331030db5443aca881cf9211e810dbc34c8e25f7f033de.png>
 [33] [34]
File: 2c4324b4c46cf07089db85912dfce9da25bc1ae10d79df12a645a6edf21df8c5.png Grap
hic file (type bmp)
<2c4324b4c46cf07089db85912dfce9da25bc1ae10d79df12a645a6edf21df8c5.png>
 [35] [36]
Chapter 4.
[37

] [38]
File: 70bc734c4f3e4d8833c342020e5b51682635e0b08976682b2ea701413d46bc43.png Grap
hic file (type bmp)
<70bc734c4f3e4d8833c342020e5b51682635e0b08976682b2ea701413d46bc43.png>
 [39] [40]

! Package array Error: Empty preamble: `l' used.

See the array package documentation for explanation.
Type  H <return>  for immediate help.
 ...                                              
                                                  
l.2386 \right]\end{split}
                         
? 
! Extra alignment tab has been changed to \cr.
<template> \endtemplate 
                        
l.2386 \right]\end{split}
                         
? 
! Extra alignment tab has been changed to \cr.
<template> \endtemplate 
                        
l.2386 \right]\end{split}
                         
? 
! Extra alignment tab has been changed to \cr.
<template> \endtemplate 
                        
l.2386 \right]\end{split}
                         
? 

! Package array Error: Empty preamble: `l' used.

See the array package documentation for explanation.
Type  H <return>  for immediate help.
 ...                                              
                                                  
l.2386 \right]\end{split}
                         
? 
! Extra alignment tab has been changed to \cr.
<template> \endtemplate 
                        
l.2386 \right]\end{split}
                         
? 
! Extra alignment tab has been changed to \cr.
<template> \endtemplate 
                        
l.2386 \right]\end{split}
                         
? 
! Extra alignment tab has been changed to \cr.
<template> \endtemplate 
                        
l.2386 \right]\end{split}
                         
? 

! Package array Error: Empty preamble: `l' used.

See the array package documentation for explanation.
Type  H <return>  for immediate help.
 ...                                              
                                                  
l.2392 \right]\end{split}
                         
? 
! Extra alignment tab has been changed to \cr.
<template> \endtemplate 
                        
l.2392 \right]\end{split}
                         
? 
! Extra alignment tab has been changed to \cr.
<template> \endtemplate 
                        
l.2392 \right]\end{split}
                         
? 
! Extra alignment tab has been changed to \cr.
<template> \endtemplate 
                        
l.2392 \right]\end{split}
                         
? 

! Package array Error: Empty preamble: `l' used.

See the array package documentation for explanation.
Type  H <return>  for immediate help.
 ...                                              
                                                  
l.2392 \right]\end{split}
                         
? 
! Extra alignment tab has been changed to \cr.
<template> \endtemplate 
                        
l.2392 \right]\end{split}
                         
? 
! Extra alignment tab has been changed to \cr.
<template> \endtemplate 
                        
l.2392 \right]\end{split}
                         
? 
! Extra alignment tab has been changed to \cr.
<template> \endtemplate 
                        
l.2392 \right]\end{split}
                         
? 
[41] [42]
File: bf81a7380465bfc11274af488ad9eef293fa9c5bf3a8d25259c54c763228d567.png Grap
hic file (type bmp)
<bf81a7380465bfc11274af488ad9eef293fa9c5bf3a8d25259c54c763228d567.png>
 [43]
File: e893fe952514d9e5843967428058424d205faa395fdc56ace0fd45d763791ffe.png Grap
hic file (type bmp)
<e893fe952514d9e5843967428058424d205faa395fdc56ace0fd45d763791ffe.png>
 [44] [45] [46]

! Package array Error: Empty preamble: `l' used.

See the array package documentation for explanation.
Type  H <return>  for immediate help.
 ...                                              
                                                  
l.2815 \right]\end{split}
                         
? 
! Extra alignment tab has been changed to \cr.
<template> \endtemplate 
                        
l.2815 \right]\end{split}
                         
? 
! Extra alignment tab has been changed to \cr.
<template> \endtemplate 
                        
l.2815 \right]\end{split}
                         
? 
! Extra alignment tab has been changed to \cr.
<template> \endtemplate 
                        
l.2815 \right]\end{split}
                         
? 
! Extra alignment tab has been changed to \cr.
<template> \endtemplate 
                        
l.2815 \right]\end{split}
                         
? 
! Extra alignment tab has been changed to \cr.
<template> \endtemplate 
                        
l.2815 \right]\end{split}
                         
? 
! Extra alignment tab has been changed to \cr.
<template> \endtemplate 
                        
l.2815 \right]\end{split}
                         
? 
! Extra alignment tab has been changed to \cr.
<template> \endtemplate 
                        
l.2815 \right]\end{split}
                         
? 
! Extra alignment tab has been changed to \cr.
<template> \endtemplate 
                        
l.2815 \right]\end{split}
                         
? 
! Extra alignment tab has been changed to \cr.
<template> \endtemplate 
                        
l.2815 \right]\end{split}
                         
? 

! Package array Error: Empty preamble: `l' used.

See the array package documentation for explanation.
Type  H <return>  for immediate help.
 ...                                              
                                                  
l.2815 \right]\end{split}
                         
? 
! Extra alignment tab has been changed to \cr.
<template> \endtemplate 
                        
l.2815 \right]\end{split}
                         
? 
! Extra alignment tab has been changed to \cr.
<template> \endtemplate 
                        
l.2815 \right]\end{split}
                         
? 
! Extra alignment tab has been changed to \cr.
<template> \endtemplate 
                        
l.2815 \right]\end{split}
                         
? 
! Extra alignment tab has been changed to \cr.
<template> \endtemplate 
                        
l.2815 \right]\end{split}
                         
? 
! Extra alignment tab has been changed to \cr.
<template> \endtemplate 
                        
l.2815 \right]\end{split}
                         
? 
! Extra alignment tab has been changed to \cr.
<template> \endtemplate 
                        
l.2815 \right]\end{split}
                         
? 
! Extra alignment tab has been changed to \cr.
<template> \endtemplate 
                        
l.2815 \right]\end{split}
                         
? 
! Extra alignment tab has been changed to \cr.
<template> \endtemplate 
                        
l.2815 \right]\end{split}
                         
? 
! Extra alignment tab has been changed to \cr.
<template> \endtemplate 
                        
l.2815 \right]\end{split}
                         
? 

! Package array Error: Empty preamble: `l' used.

See the array package documentation for explanation.
Type  H <return>  for immediate help.
 ...                                              
                                                  
l.2844 \right]\end{split}
                         
? 
! Extra alignment tab has been changed to \cr.
<template> \endtemplate 
                        
l.2844 \right]\end{split}
                         
? 
! Extra alignment tab has been changed to \cr.
<template> \endtemplate 
                        
l.2844 \right]\end{split}
                         
? 
! Extra alignment tab has been changed to \cr.
<template> \endtemplate 
                        
l.2844 \right]\end{split}
                         
? 
! Extra alignment tab has been changed to \cr.
<template> \endtemplate 
                        
l.2844 \right]\end{split}
                         
? 
! Extra alignment tab has been changed to \cr.
<template> \endtemplate 
                        
l.2844 \right]\end{split}
                         
? 
! Extra alignment tab has been changed to \cr.
<template> \endtemplate 
                        
l.2844 \right]\end{split}
                         
? 
! Extra alignment tab has been changed to \cr.
<template> \endtemplate 
                        
l.2844 \right]\end{split}
                         
? 
! Extra alignment tab has been changed to \cr.
<template> \endtemplate 
                        
l.2844 \right]\end{split}
                         
? 
! Extra alignment tab has been changed to \cr.
<template> \endtemplate 
                        
l.2844 \right]\end{split}
                         
? 

! Package array Error: Empty preamble: `l' used.

See the array package documentation for explanation.
Type  H <return>  for immediate help.
 ...                                              
                                                  
l.2844 \right]\end{split}
                         
? 
! Extra alignment tab has been changed to \cr.
<template> \endtemplate 
                        
l.2844 \right]\end{split}
                         
? 
! Extra alignment tab has been changed to \cr.
<template> \endtemplate 
                        
l.2844 \right]\end{split}
                         
? 
! Extra alignment tab has been changed to \cr.
<template> \endtemplate 
                        
l.2844 \right]\end{split}
                         
? 
! Extra alignment tab has been changed to \cr.
<template> \endtemplate 
                        
l.2844 \right]\end{split}
                         
? 
! Extra alignment tab has been changed to \cr.
<template> \endtemplate 
                        
l.2844 \right]\end{split}
                         
? 
! Extra alignment tab has been changed to \cr.
<template> \endtemplate 
                        
l.2844 \right]\end{split}
                         
? 
! Extra alignment tab has been changed to \cr.
<template> \endtemplate 
                        
l.2844 \right]\end{split}
                         
? 
! Extra alignment tab has been changed to \cr.
<template> \endtemplate 
                        
l.2844 \right]\end{split}
                         
? 
! Extra alignment tab has been changed to \cr.
<template> \endtemplate 
                        
l.2844 \right]\end{split}
                         
? 
[47]

! Package array Error: Empty preamble: `l' used.

See the array package documentation for explanation.
Type  H <return>  for immediate help.
 ...                                              
                                                  
l.2850 \right]\end{split}
                         
? 
! Extra alignment tab has been changed to \cr.
<template> \endtemplate 
                        
l.2850 \right]\end{split}
                         
? 
! Extra alignment tab has been changed to \cr.
<template> \endtemplate 
                        
l.2850 \right]\end{split}
                         
? 
! Extra alignment tab has been changed to \cr.
<template> \endtemplate 
                        
l.2850 \right]\end{split}
                         
? 
! Extra alignment tab has been changed to \cr.
<template> \endtemplate 
                        
l.2850 \right]\end{split}
                         
? 
! Extra alignment tab has been changed to \cr.
<template> \endtemplate 
                        
l.2850 \right]\end{split}
                         
? 
! Extra alignment tab has been changed to \cr.
<template> \endtemplate 
                        
l.2850 \right]\end{split}
                         
? 
! Extra alignment tab has been changed to \cr.
<template> \endtemplate 
                        
l.2850 \right]\end{split}
                         
? 
! Extra alignment tab has been changed to \cr.
<template> \endtemplate 
                        
l.2850 \right]\end{split}
                         
? 
! Extra alignment tab has been changed to \cr.
<template> \endtemplate 
                        
l.2850 \right]\end{split}
                         
? 

! Package array Error: Empty preamble: `l' used.

See the array package documentation for explanation.
Type  H <return>  for immediate help.
 ...                                              
                                                  
l.2850 \right]\end{split}
                         
? 
! Extra alignment tab has been changed to \cr.
<template> \endtemplate 
                        
l.2850 \right]\end{split}
                         
? 
! Extra alignment tab has been changed to \cr.
<template> \endtemplate 
                        
l.2850 \right]\end{split}
                         
? 
! Extra alignment tab has been changed to \cr.
<template> \endtemplate 
                        
l.2850 \right]\end{split}
                         
? 
! Extra alignment tab has been changed to \cr.
<template> \endtemplate 
                        
l.2850 \right]\end{split}
                         
? 
! Extra alignment tab has been changed to \cr.
<template> \endtemplate 
                        
l.2850 \right]\end{split}
                         
? 
! Extra alignment tab has been changed to \cr.
<template> \endtemplate 
                        
l.2850 \right]\end{split}
                         
? 
! Extra alignment tab has been changed to \cr.
<template> \endtemplate 
                        
l.2850 \right]\end{split}
                         
? 
! Extra alignment tab has been changed to \cr.
<template> \endtemplate 
                        
l.2850 \right]\end{split}
                         
? 
! Extra alignment tab has been changed to \cr.
<template> \endtemplate 
                        
l.2850 \right]\end{split}
                         
? 
[48]
File: 52b2242f9e2b843baacb6c490006ca4eac20723177b17b56256e3bceddda453c.png Grap
hic file (type bmp)
<52b2242f9e2b843baacb6c490006ca4eac20723177b17b56256e3bceddda453c.png>
File: 9815c486ef473dad3b262f5a50609b4bf3c352a9fc7a9bff4e5e942add838de9.png Grap
hic file (type bmp)
<9815c486ef473dad3b262f5a50609b4bf3c352a9fc7a9bff4e5e942add838de9.png>
 [49] [50] [51]
Underfull \vbox (badness 10000) detected at line 3122
 []


Underfull \vbox (badness 10000) detected at line 3122
 []

[52]
File: 3b612899e7110fa664f00b3498274937c126623a4ddaab0e93583654d95f3b66.png Grap
hic file (type bmp)
<3b612899e7110fa664f00b3498274937c126623a4ddaab0e93583654d95f3b66.png>
 [53]

! Package array Error: Empty preamble: `l' used.

See the array package documentation for explanation.
Type  H <return>  for immediate help.
 ...                                              
                                                  
l.3210 \right]\end{split}
                         
? 
! Extra alignment tab has been changed to \cr.
<template> \endtemplate 
                        
l.3210 \right]\end{split}
                         
? 
! Extra alignment tab has been changed to \cr.
<template> \endtemplate 
                        
l.3210 \right]\end{split}
                         
? 
! Extra alignment tab has been changed to \cr.
<template> \endtemplate 
                        
l.3210 \right]\end{split}
                         
? 
! Extra alignment tab has been changed to \cr.
<template> \endtemplate 
                        
l.3210 \right]\end{split}
                         
? 
! Extra alignment tab has been changed to \cr.
<template> \endtemplate 
                        
l.3210 \right]\end{split}
                         
? 
! Extra alignment tab has been changed to \cr.
<template> \endtemplate 
                        
l.3210 \right]\end{split}
                         
? 
! Extra alignment tab has been changed to \cr.
<template> \endtemplate 
                        
l.3210 \right]\end{split}
                         
? 
! Extra alignment tab has been changed to \cr.
<template> \endtemplate 
                        
l.3210 \right]\end{split}
                         
? 
! Extra alignment tab has been changed to \cr.
<template> \endtemplate 
                        
l.3210 \right]\end{split}
                         
? 

! Package array Error: Empty preamble: `l' used.

See the array package documentation for explanation.
Type  H <return>  for immediate help.
 ...                                              
                                                  
l.3210 \right]\end{split}
                         
? 
! Extra alignment tab has been changed to \cr.
<template> \endtemplate 
                        
l.3210 \right]\end{split}
                         
? 
! Extra alignment tab has been changed to \cr.
<template> \endtemplate 
                        
l.3210 \right]\end{split}
                         
? 
! Extra alignment tab has been changed to \cr.
<template> \endtemplate 
                        
l.3210 \right]\end{split}
                         
? 
! Extra alignment tab has been changed to \cr.
<template> \endtemplate 
                        
l.3210 \right]\end{split}
                         
? 
! Extra alignment tab has been changed to \cr.
<template> \endtemplate 
                        
l.3210 \right]\end{split}
                         
? 
! Extra alignment tab has been changed to \cr.
<template> \endtemplate 
                        
l.3210 \right]\end{split}
                         
? 
! Extra alignment tab has been changed to \cr.
<template> \endtemplate 
                        
l.3210 \right]\end{split}
                         
? 
! Extra alignment tab has been changed to \cr.
<template> \endtemplate 
                        
l.3210 \right]\end{split}
                         
? 
! Extra alignment tab has been changed to \cr.
<template> \endtemplate 
                        
l.3210 \right]\end{split}
                         
? 
[54]

! Package array Error: Empty preamble: `l' used.

See the array package documentation for explanation.
Type  H <return>  for immediate help.
 ...                                              
                                                  
l.3240 \right]\end{split}
                         
? 
! Extra alignment tab has been changed to \cr.
<template> \endtemplate 
                        
l.3240 \right]\end{split}
                         
? 
! Extra alignment tab has been changed to \cr.
<template> \endtemplate 
                        
l.3240 \right]\end{split}
                         
? 
! Extra alignment tab has been changed to \cr.
<template> \endtemplate 
                        
l.3240 \right]\end{split}
                         
? 
! Extra alignment tab has been changed to \cr.
<template> \endtemplate 
                        
l.3240 \right]\end{split}
                         
? 
! Extra alignment tab has been changed to \cr.
<template> \endtemplate 
                        
l.3240 \right]\end{split}
                         
? 
! Extra alignment tab has been changed to \cr.
<template> \endtemplate 
                        
l.3240 \right]\end{split}
                         
? 
! Extra alignment tab has been changed to \cr.
<template> \endtemplate 
                        
l.3240 \right]\end{split}
                         
? 
! Extra alignment tab has been changed to \cr.
<template> \endtemplate 
                        
l.3240 \right]\end{split}
                         
? 
! Extra alignment tab has been changed to \cr.
<template> \endtemplate 
                        
l.3240 \right]\end{split}
                         
? 

! Package array Error: Empty preamble: `l' used.

See the array package documentation for explanation.
Type  H <return>  for immediate help.
 ...                                              
                                                  
l.3240 \right]\end{split}
                         
? 
! Extra alignment tab has been changed to \cr.
<template> \endtemplate 
                        
l.3240 \right]\end{split}
                         
? 
! Extra alignment tab has been changed to \cr.
<template> \endtemplate 
                        
l.3240 \right]\end{split}
                         
? 
! Extra alignment tab has been changed to \cr.
<template> \endtemplate 
                        
l.3240 \right]\end{split}
                         
? 
! Extra alignment tab has been changed to \cr.
<template> \endtemplate 
                        
l.3240 \right]\end{split}
                         
? 
! Extra alignment tab has been changed to \cr.
<template> \endtemplate 
                        
l.3240 \right]\end{split}
                         
? 
! Extra alignment tab has been changed to \cr.
<template> \endtemplate 
                        
l.3240 \right]\end{split}
                         
? 
! Extra alignment tab has been changed to \cr.
<template> \endtemplate 
                        
l.3240 \right]\end{split}
                         
? 
! Extra alignment tab has been changed to \cr.
<template> \endtemplate 
                        
l.3240 \right]\end{split}
                         
? 
! Extra alignment tab has been changed to \cr.
<template> \endtemplate 
                        
l.3240 \right]\end{split}
                         
? 

! Package array Error: Empty preamble: `l' used.

See the array package documentation for explanation.
Type  H <return>  for immediate help.
 ...                                              
                                                  
l.3246 \right]\end{split}
                         
? 
! Extra alignment tab has been changed to \cr.
<template> \endtemplate 
                        
l.3246 \right]\end{split}
                         
? 
! Extra alignment tab has been changed to \cr.
<template> \endtemplate 
                        
l.3246 \right]\end{split}
                         
? 
! Extra alignment tab has been changed to \cr.
<template> \endtemplate 
                        
l.3246 \right]\end{split}
                         
? 
! Extra alignment tab has been changed to \cr.
<template> \endtemplate 
                        
l.3246 \right]\end{split}
                         
? 
! Extra alignment tab has been changed to \cr.
<template> \endtemplate 
                        
l.3246 \right]\end{split}
                         
? 
! Extra alignment tab has been changed to \cr.
<template> \endtemplate 
                        
l.3246 \right]\end{split}
                         
? 
! Extra alignment tab has been changed to \cr.
<template> \endtemplate 
                        
l.3246 \right]\end{split}
                         
? 
! Extra alignment tab has been changed to \cr.
<template> \endtemplate 
                        
l.3246 \right]\end{split}
                         
? 
! Extra alignment tab has been changed to \cr.
<template> \endtemplate 
                        
l.3246 \right]\end{split}
                         
? 

! Package array Error: Empty preamble: `l' used.

See the array package documentation for explanation.
Type  H <return>  for immediate help.
 ...                                              
                                                  
l.3246 \right]\end{split}
                         
? 
! Extra alignment tab has been changed to \cr.
<template> \endtemplate 
                        
l.3246 \right]\end{split}
                         
? 
! Extra alignment tab has been changed to \cr.
<template> \endtemplate 
                        
l.3246 \right]\end{split}
                         
? 
! Extra alignment tab has been changed to \cr.
<template> \endtemplate 
                        
l.3246 \right]\end{split}
                         
? 
! Extra alignment tab has been changed to \cr.
<template> \endtemplate 
                        
l.3246 \right]\end{split}
                         
? 
! Extra alignment tab has been changed to \cr.
<template> \endtemplate 
                        
l.3246 \right]\end{split}
                         
? 
! Extra alignment tab has been changed to \cr.
<template> \endtemplate 
                        
l.3246 \right]\end{split}
                         
? 
! Extra alignment tab has been changed to \cr.
<template> \endtemplate 
                        
l.3246 \right]\end{split}
                         
? 
! Extra alignment tab has been changed to \cr.
<template> \endtemplate 
                        
l.3246 \right]\end{split}
                         
? 
! Extra alignment tab has been changed to \cr.
<template> \endtemplate 
                        
l.3246 \right]\end{split}
                         
? 
[55]
File: 2ca56dd7e941cfc276cf2654632b48bd76893b7d9cef9f260b2260a79350931b.png Grap
hic file (type bmp)
<2ca56dd7e941cfc276cf2654632b48bd76893b7d9cef9f260b2260a79350931b.png>
 [56] [57] [58

]
Chapter 5.
[59]
Missing character: There is no 💡 (U+1F4A1) in font [FreeSerif.otf]/OT:script=la
tn;language=dflt;!
[60] [61] [62] [63]
Underfull \hbox (badness 10000) in paragraph at lines 3751--3753
[]\TU/FreeSerif(0)/m/n/10 For this exercise, we will use the California Housing
 dataset from \TU/FreeMono(0)/m/n/10 sklearn.datasets.
 []

[64] [65] [66] [67] [68]
File: bbed9dd1e116e659998c231446f13ad61c45a057c5f84ec786d29ba54754148d.png Grap
hic file (type bmp)
<bbed9dd1e116e659998c231446f13ad61c45a057c5f84ec786d29ba54754148d.png>
 [69] [70]
File: f4a41898f943c9802d55f557eade9d09aedaece5a96c83ff2fe067d7de229607.png Grap
hic file (type bmp)
<f4a41898f943c9802d55f557eade9d09aedaece5a96c83ff2fe067d7de229607.png>
 [71]
File: 5bf3a44ee8241aad8aee7813e4be7cc316d1c8733bfbc0727ae5ca48fe3d82aa.png Grap
hic file (type bmp)
<5bf3a44ee8241aad8aee7813e4be7cc316d1c8733bfbc0727ae5ca48fe3d82aa.png>
 [72] [73]
File: e32e8212445cf622e235650b8479b4f91221106e92cd8729ef76eb65b4e7bc8f.png Grap
hic file (type bmp)
<e32e8212445cf622e235650b8479b4f91221106e92cd8729ef76eb65b4e7bc8f.png>
 [74] [75]
Overfull \vbox (2.033pt too high) detected at line 4600
 []

[76] [77] [78

]
Chapter 6.
[79] [80]
File: mlp_example.jpg Graphic file (type bmp)
<mlp_example.jpg>
 [81] [82]
File: cnn_example.jpg Graphic file (type bmp)
<cnn_example.jpg>
 [83] [84] [85] [86]
Underfull \vbox (badness 10000) detected at line 5204
 []


Overfull \vbox (1.98598pt too high) detected at line 5204
 []

[87] [88] [89]

! Package array Error: Empty preamble: `l' used.

See the array package documentation for explanation.
Type  H <return>  for immediate help.
 ...                                              
                                                  
l.5326 \right]\end{split}
                         
? 
! Extra alignment tab has been changed to \cr.
<template> \endtemplate 
                        
l.5326 \right]\end{split}
                         
? 
! Extra alignment tab has been changed to \cr.
<template> \endtemplate 
                        
l.5326 \right]\end{split}
                         
? 
! Extra alignment tab has been changed to \cr.
<template> \endtemplate 
                        
l.5326 \right]\end{split}
                         
? 
! Extra alignment tab has been changed to \cr.
<template> \endtemplate 
                        
l.5326 \right]\end{split}
                         
? 

! Package array Error: Empty preamble: `l' used.

See the array package documentation for explanation.
Type  H <return>  for immediate help.
 ...                                              
                                                  
l.5326 \right]\end{split}
                         
? 
! Extra alignment tab has been changed to \cr.
<template> \endtemplate 
                        
l.5326 \right]\end{split}
                         
? 
! Extra alignment tab has been changed to \cr.
<template> \endtemplate 
                        
l.5326 \right]\end{split}
                         
? 
! Extra alignment tab has been changed to \cr.
<template> \endtemplate 
                        
l.5326 \right]\end{split}
                         
? 
! Extra alignment tab has been changed to \cr.
<template> \endtemplate 
                        
l.5326 \right]\end{split}
                         
? 

! Package array Error: Empty preamble: `l' used.

See the array package documentation for explanation.
Type  H <return>  for immediate help.
 ...                                              
                                                  
l.5333 \right]\end{split}
                         
? 
! Extra alignment tab has been changed to \cr.
<template> \endtemplate 
                        
l.5333 \right]\end{split}
                         
? 
! Extra alignment tab has been changed to \cr.
<template> \endtemplate 
                        
l.5333 \right]\end{split}
                         
? 
! Extra alignment tab has been changed to \cr.
<template> \endtemplate 
                        
l.5333 \right]\end{split}
                         
? 
! Extra alignment tab has been changed to \cr.
<template> \endtemplate 
                        
l.5333 \right]\end{split}
                         
? 

! Package array Error: Empty preamble: `l' used.

See the array package documentation for explanation.
Type  H <return>  for immediate help.
 ...                                              
                                                  
l.5333 \right]\end{split}
                         
? 
! Extra alignment tab has been changed to \cr.
<template> \endtemplate 
                        
l.5333 \right]\end{split}
                         
? 
! Extra alignment tab has been changed to \cr.
<template> \endtemplate 
                        
l.5333 \right]\end{split}
                         
? 
! Extra alignment tab has been changed to \cr.
<template> \endtemplate 
                        
l.5333 \right]\end{split}
                         
? 
! Extra alignment tab has been changed to \cr.
<template> \endtemplate 
                        
l.5333 \right]\end{split}
                         
? 

! Package array Error: Empty preamble: `l' used.

See the array package documentation for explanation.
Type  H <return>  for immediate help.
 ...                                              
                                                  
l.5340 \right]\end{split}
                         
? 
! Extra alignment tab has been changed to \cr.
<template> \endtemplate 
                        
l.5340 \right]\end{split}
                         
? 
! Extra alignment tab has been changed to \cr.
<template> \endtemplate 
                        
l.5340 \right]\end{split}
                         
? 
! Extra alignment tab has been changed to \cr.
<template> \endtemplate 
                        
l.5340 \right]\end{split}
                         
? 
! Extra alignment tab has been changed to \cr.
<template> \endtemplate 
                        
l.5340 \right]\end{split}
                         
? 

! Package array Error: Empty preamble: `l' used.

See the array package documentation for explanation.
Type  H <return>  for immediate help.
 ...                                              
                                                  
l.5340 \right]\end{split}
                         
? 
! Extra alignment tab has been changed to \cr.
<template> \endtemplate 
                        
l.5340 \right]\end{split}
                         
? 
! Extra alignment tab has been changed to \cr.
<template> \endtemplate 
                        
l.5340 \right]\end{split}
                         
? 
! Extra alignment tab has been changed to \cr.
<template> \endtemplate 
                        
l.5340 \right]\end{split}
                         
? 
! Extra alignment tab has been changed to \cr.
<template> \endtemplate 
                        
l.5340 \right]\end{split}
                         
? 

! Package array Error: Empty preamble: `l' used.

See the array package documentation for explanation.
Type  H <return>  for immediate help.
 ...                                              
                                                  
l.5347 \right]\end{split}
                         
? 
! Extra alignment tab has been changed to \cr.
<template> \endtemplate 
                        
l.5347 \right]\end{split}
                         
? 
! Extra alignment tab has been changed to \cr.
<template> \endtemplate 
                        
l.5347 \right]\end{split}
                         
? 
! Extra alignment tab has been changed to \cr.
<template> \endtemplate 
                        
l.5347 \right]\end{split}
                         
? 
! Extra alignment tab has been changed to \cr.
<template> \endtemplate 
                        
l.5347 \right]\end{split}
                         
? 

! Package array Error: Empty preamble: `l' used.

See the array package documentation for explanation.
Type  H <return>  for immediate help.
 ...                                              
                                                  
l.5347 \right]\end{split}
                         
? 
! Extra alignment tab has been changed to \cr.
<template> \endtemplate 
                        
l.5347 \right]\end{split}
                         
? 
! Extra alignment tab has been changed to \cr.
<template> \endtemplate 
                        
l.5347 \right]\end{split}
                         
? 
! Extra alignment tab has been changed to \cr.
<template> \endtemplate 
                        
l.5347 \right]\end{split}
                         
? 
! Extra alignment tab has been changed to \cr.
<template> \endtemplate 
                        
l.5347 \right]\end{split}
                         
? 

! Package array Error: Empty preamble: `l' used.

See the array package documentation for explanation.
Type  H <return>  for immediate help.
 ...                                              
                                                  
l.5354 \right]\end{split}
                         
? 
! Extra alignment tab has been changed to \cr.
<template> \endtemplate 
                        
l.5354 \right]\end{split}
                         
? 
! Extra alignment tab has been changed to \cr.
<template> \endtemplate 
                        
l.5354 \right]\end{split}
                         
? 
! Extra alignment tab has been changed to \cr.
<template> \endtemplate 
                        
l.5354 \right]\end{split}
                         
? 
! Extra alignment tab has been changed to \cr.
<template> \endtemplate 
                        
l.5354 \right]\end{split}
                         
? 

! Package array Error: Empty preamble: `l' used.

See the array package documentation for explanation.
Type  H <return>  for immediate help.
 ...                                              
                                                  
l.5354 \right]\end{split}
                         
? 
! Extra alignment tab has been changed to \cr.
<template> \endtemplate 
                        
l.5354 \right]\end{split}
                         
? 
! Extra alignment tab has been changed to \cr.
<template> \endtemplate 
                        
l.5354 \right]\end{split}
                         
? 
! Extra alignment tab has been changed to \cr.
<template> \endtemplate 
                        
l.5354 \right]\end{split}
                         
? 
! Extra alignment tab has been changed to \cr.
<template> \endtemplate 
                        
l.5354 \right]\end{split}
                         
? 

! Package array Error: Empty preamble: `l' used.

See the array package documentation for explanation.
Type  H <return>  for immediate help.
 ...                                              
                                                  
l.5361 \right]\end{split}
                         
? 
! Extra alignment tab has been changed to \cr.
<template> \endtemplate 
                        
l.5361 \right]\end{split}
                         
? 
! Extra alignment tab has been changed to \cr.
<template> \endtemplate 
                        
l.5361 \right]\end{split}
                         
? 
! Extra alignment tab has been changed to \cr.
<template> \endtemplate 
                        
l.5361 \right]\end{split}
                         
? 
! Extra alignment tab has been changed to \cr.
<template> \endtemplate 
                        
l.5361 \right]\end{split}
                         
? 

! Package array Error: Empty preamble: `l' used.

See the array package documentation for explanation.
Type  H <return>  for immediate help.
 ...                                              
                                                  
l.5361 \right]\end{split}
                         
? 
! Extra alignment tab has been changed to \cr.
<template> \endtemplate 
                        
l.5361 \right]\end{split}
                         
? 
! Extra alignment tab has been changed to \cr.
<template> \endtemplate 
                        
l.5361 \right]\end{split}
                         
? 
! Extra alignment tab has been changed to \cr.
<template> \endtemplate 
                        
l.5361 \right]\end{split}
                         
? 
! Extra alignment tab has been changed to \cr.
<template> \endtemplate 
                        
l.5361 \right]\end{split}
                         
? 

! Package array Error: Empty preamble: `l' used.

See the array package documentation for explanation.
Type  H <return>  for immediate help.
 ...                                              
                                                  
l.5368 \right]\end{split}
                         
? 
! Extra alignment tab has been changed to \cr.
<template> \endtemplate 
                        
l.5368 \right]\end{split}
                         
? 
! Extra alignment tab has been changed to \cr.
<template> \endtemplate 
                        
l.5368 \right]\end{split}
                         
? 
! Extra alignment tab has been changed to \cr.
<template> \endtemplate 
                        
l.5368 \right]\end{split}
                         
? 
! Extra alignment tab has been changed to \cr.
<template> \endtemplate 
                        
l.5368 \right]\end{split}
                         
? 

! Package array Error: Empty preamble: `l' used.

See the array package documentation for explanation.
Type  H <return>  for immediate help.
 ...                                              
                                                  
l.5368 \right]\end{split}
                         
? 
! Extra alignment tab has been changed to \cr.
<template> \endtemplate 
                        
l.5368 \right]\end{split}
                         
? 
! Extra alignment tab has been changed to \cr.
<template> \endtemplate 
                        
l.5368 \right]\end{split}
                         
? 
! Extra alignment tab has been changed to \cr.
<template> \endtemplate 
                        
l.5368 \right]\end{split}
                         
? 
! Extra alignment tab has been changed to \cr.
<template> \endtemplate 
                        
l.5368 \right]\end{split}
                         
? 

! Package array Error: Empty preamble: `l' used.

See the array package documentation for explanation.
Type  H <return>  for immediate help.
 ...                                              
                                                  
l.5375 \right]\end{split}
                         
? 
! Extra alignment tab has been changed to \cr.
<template> \endtemplate 
                        
l.5375 \right]\end{split}
                         
? 
! Extra alignment tab has been changed to \cr.
<template> \endtemplate 
                        
l.5375 \right]\end{split}
                         
? 
! Extra alignment tab has been changed to \cr.
<template> \endtemplate 
                        
l.5375 \right]\end{split}
                         
? 
! Extra alignment tab has been changed to \cr.
<template> \endtemplate 
                        
l.5375 \right]\end{split}
                         
? 

! Package array Error: Empty preamble: `l' used.

See the array package documentation for explanation.
Type  H <return>  for immediate help.
 ...                                              
                                                  
l.5375 \right]\end{split}
                         
? 
! Extra alignment tab has been changed to \cr.
<template> \endtemplate 
                        
l.5375 \right]\end{split}
                         
? 
! Extra alignment tab has been changed to \cr.
<template> \endtemplate 
                        
l.5375 \right]\end{split}
                         
? 
! Extra alignment tab has been changed to \cr.
<template> \endtemplate 
                        
l.5375 \right]\end{split}
                         
? 
! Extra alignment tab has been changed to \cr.
<template> \endtemplate 
                        
l.5375 \right]\end{split}
                         
? 
[90]

! Package array Error: Empty preamble: `l' used.

See the array package documentation for explanation.
Type  H <return>  for immediate help.
 ...                                              
                                                  
l.5422 \right]\end{split}
                         
? 
! Extra alignment tab has been changed to \cr.
<template> \endtemplate 
                        
l.5422 \right]\end{split}
                         
? 
! Extra alignment tab has been changed to \cr.
<template> \endtemplate 
                        
l.5422 \right]\end{split}
                         
? 

! Package array Error: Empty preamble: `l' used.

See the array package documentation for explanation.
Type  H <return>  for immediate help.
 ...                                              
                                                  
l.5422 \right]\end{split}
                         
? 
! Extra alignment tab has been changed to \cr.
<template> \endtemplate 
                        
l.5422 \right]\end{split}
                         
? 
! Extra alignment tab has been changed to \cr.
<template> \endtemplate 
                        
l.5422 \right]\end{split}
                         
? 

! Package array Error: Empty preamble: `l' used.

See the array package documentation for explanation.
Type  H <return>  for immediate help.
 ...                                              
                                                  
l.5428 \right]\end{split}
                         
? 
! Extra alignment tab has been changed to \cr.
<template> \endtemplate 
                        
l.5428 \right]\end{split}
                         
? 
! Extra alignment tab has been changed to \cr.
<template> \endtemplate 
                        
l.5428 \right]\end{split}
                         
? 

! Package array Error: Empty preamble: `l' used.

See the array package documentation for explanation.
Type  H <return>  for immediate help.
 ...                                              
                                                  
l.5428 \right]\end{split}
                         
? 
! Extra alignment tab has been changed to \cr.
<template> \endtemplate 
                        
l.5428 \right]\end{split}
                         
? 
! Extra alignment tab has been changed to \cr.
<template> \endtemplate 
                        
l.5428 \right]\end{split}
                         
? 

! Package array Error: Empty preamble: `l' used.

See the array package documentation for explanation.
Type  H <return>  for immediate help.
 ...                                              
                                                  
l.5434 \right]\end{split}
                         
? 
! Extra alignment tab has been changed to \cr.
<template> \endtemplate 
                        
l.5434 \right]\end{split}
                         
? 
! Extra alignment tab has been changed to \cr.
<template> \endtemplate 
                        
l.5434 \right]\end{split}
                         
? 

! Package array Error: Empty preamble: `l' used.

See the array package documentation for explanation.
Type  H <return>  for immediate help.
 ...                                              
                                                  
l.5434 \right]\end{split}
                         
? 
! Extra alignment tab has been changed to \cr.
<template> \endtemplate 
                        
l.5434 \right]\end{split}
                         
? 
! Extra alignment tab has been changed to \cr.
<template> \endtemplate 
                        
l.5434 \right]\end{split}
                         
? 

! Package array Error: Empty preamble: `l' used.

See the array package documentation for explanation.
Type  H <return>  for immediate help.
 ...                                              
                                                  
l.5440 \right]\end{split}
                         
? 
! Extra alignment tab has been changed to \cr.
<template> \endtemplate 
                        
l.5440 \right]\end{split}
                         
? 
! Extra alignment tab has been changed to \cr.
<template> \endtemplate 
                        
l.5440 \right]\end{split}
                         
? 

! Package array Error: Empty preamble: `l' used.

See the array package documentation for explanation.
Type  H <return>  for immediate help.
 ...                                              
                                                  
l.5440 \right]\end{split}
                         
? 
! Extra alignment tab has been changed to \cr.
<template> \endtemplate 
                        
l.5440 \right]\end{split}
                         
? 
! Extra alignment tab has been changed to \cr.
<template> \endtemplate 
                        
l.5440 \right]\end{split}
                         
? 

! Package array Error: Empty preamble: `l' used.

See the array package documentation for explanation.
Type  H <return>  for immediate help.
 ...                                              
                                                  
l.5446 \right]\end{split}
                         
? 
! Extra alignment tab has been changed to \cr.
<template> \endtemplate 
                        
l.5446 \right]\end{split}
                         
? 
! Extra alignment tab has been changed to \cr.
<template> \endtemplate 
                        
l.5446 \right]\end{split}
                         
? 

! Package array Error: Empty preamble: `l' used.

See the array package documentation for explanation.
Type  H <return>  for immediate help.
 ...                                              
                                                  
l.5446 \right]\end{split}
                         
? 
! Extra alignment tab has been changed to \cr.
<template> \endtemplate 
                        
l.5446 \right]\end{split}
                         
? 
! Extra alignment tab has been changed to \cr.
<template> \endtemplate 
                        
l.5446 \right]\end{split}
                         
? 

! Package array Error: Empty preamble: `l' used.

See the array package documentation for explanation.
Type  H <return>  for immediate help.
 ...                                              
                                                  
l.5452 \right]\end{split}
                         
? 
! Extra alignment tab has been changed to \cr.
<template> \endtemplate 
                        
l.5452 \right]\end{split}
                         
? 
! Extra alignment tab has been changed to \cr.
<template> \endtemplate 
                        
l.5452 \right]\end{split}
                         
? 

! Package array Error: Empty preamble: `l' used.

See the array package documentation for explanation.
Type  H <return>  for immediate help.
 ...                                              
                                                  
l.5452 \right]\end{split}
                         
? 
! Extra alignment tab has been changed to \cr.
<template> \endtemplate 
                        
l.5452 \right]\end{split}
                         
? 
! Extra alignment tab has been changed to \cr.
<template> \endtemplate 
                        
l.5452 \right]\end{split}
                         
? 
[91]

! Package array Error: Empty preamble: `l' used.

See the array package documentation for explanation.
Type  H <return>  for immediate help.
 ...                                              
                                                  
l.5501 \right]\end{split}
                         
? 
! Extra alignment tab has been changed to \cr.
<template> \endtemplate 
                        
l.5501 \right]\end{split}
                         
? 
! Extra alignment tab has been changed to \cr.
<template> \endtemplate 
                        
l.5501 \right]\end{split}
                         
? 

! Package array Error: Empty preamble: `l' used.

See the array package documentation for explanation.
Type  H <return>  for immediate help.
 ...                                              
                                                  
l.5501 \right]\end{split}
                         
? 
! Extra alignment tab has been changed to \cr.
<template> \endtemplate 
                        
l.5501 \right]\end{split}
                         
? 
! Extra alignment tab has been changed to \cr.
<template> \endtemplate 
                        
l.5501 \right]\end{split}
                         
? 

! Package array Error: Empty preamble: `l' used.

See the array package documentation for explanation.
Type  H <return>  for immediate help.
 ...                                              
                                                  
l.5508 \right]\end{split}
                         
? 
! Extra alignment tab has been changed to \cr.
<template> \endtemplate 
                        
l.5508 \right]\end{split}
                         
? 
! Extra alignment tab has been changed to \cr.
<template> \endtemplate 
                        
l.5508 \right]\end{split}
                         
? 

! Package array Error: Empty preamble: `l' used.

See the array package documentation for explanation.
Type  H <return>  for immediate help.
 ...                                              
                                                  
l.5508 \right]\end{split}
                         
? 
! Extra alignment tab has been changed to \cr.
<template> \endtemplate 
                        
l.5508 \right]\end{split}
                         
? 
! Extra alignment tab has been changed to \cr.
<template> \endtemplate 
                        
l.5508 \right]\end{split}
                         
? 

! Package array Error: Empty preamble: `l' used.

See the array package documentation for explanation.
Type  H <return>  for immediate help.
 ...                                              
                                                  
l.5515 \right]\end{split}
                         
? 
! Extra alignment tab has been changed to \cr.
<template> \endtemplate 
                        
l.5515 \right]\end{split}
                         
? 
! Extra alignment tab has been changed to \cr.
<template> \endtemplate 
                        
l.5515 \right]\end{split}
                         
? 

! Package array Error: Empty preamble: `l' used.

See the array package documentation for explanation.
Type  H <return>  for immediate help.
 ...                                              
                                                  
l.5515 \right]\end{split}
                         
? 
! Extra alignment tab has been changed to \cr.
<template> \endtemplate 
                        
l.5515 \right]\end{split}
                         
? 
! Extra alignment tab has been changed to \cr.
<template> \endtemplate 
                        
l.5515 \right]\end{split}
                         
? 

! Package array Error: Empty preamble: `l' used.

See the array package documentation for explanation.
Type  H <return>  for immediate help.
 ...                                              
                                                  
l.5522 \right]\end{split}
                         
? 
! Extra alignment tab has been changed to \cr.
<template> \endtemplate 
                        
l.5522 \right]\end{split}
                         
? 
! Extra alignment tab has been changed to \cr.
<template> \endtemplate 
                        
l.5522 \right]\end{split}
                         
? 

! Package array Error: Empty preamble: `l' used.

See the array package documentation for explanation.
Type  H <return>  for immediate help.
 ...                                              
                                                  
l.5522 \right]\end{split}
                         
? 
! Extra alignment tab has been changed to \cr.
<template> \endtemplate 
                        
l.5522 \right]\end{split}
                         
? 
! Extra alignment tab has been changed to \cr.
<template> \endtemplate 
                        
l.5522 \right]\end{split}
                         
? 
[92]

! Package array Error: Empty preamble: `l' used.

See the array package documentation for explanation.
Type  H <return>  for immediate help.
 ...                                              
                                                  
l.5573 \right]\end{split}
                         
? 
! Extra alignment tab has been changed to \cr.
<template> \endtemplate 
                        
l.5573 \right]\end{split}
                         
? 
! Extra alignment tab has been changed to \cr.
<template> \endtemplate 
                        
l.5573 \right]\end{split}
                         
? 
! Extra alignment tab has been changed to \cr.
<template> \endtemplate 
                        
l.5573 \right]\end{split}
                         
? 
! Extra alignment tab has been changed to \cr.
<template> \endtemplate 
                        
l.5573 \right]\end{split}
                         
? 
! Extra alignment tab has been changed to \cr.
<template> \endtemplate 
                        
l.5573 \right]\end{split}
                         
? 
! Extra alignment tab has been changed to \cr.
<template> \endtemplate 
                        
l.5573 \right]\end{split}
                         
? 

! Package array Error: Empty preamble: `l' used.

See the array package documentation for explanation.
Type  H <return>  for immediate help.
 ...                                              
                                                  
l.5573 \right]\end{split}
                         
? 
! Extra alignment tab has been changed to \cr.
<template> \endtemplate 
                        
l.5573 \right]\end{split}
                         
? 
! Extra alignment tab has been changed to \cr.
<template> \endtemplate 
                        
l.5573 \right]\end{split}
                         
? 
! Extra alignment tab has been changed to \cr.
<template> \endtemplate 
                        
l.5573 \right]\end{split}
                         
? 
! Extra alignment tab has been changed to \cr.
<template> \endtemplate 
                        
l.5573 \right]\end{split}
                         
? 
! Extra alignment tab has been changed to \cr.
<template> \endtemplate 
                        
l.5573 \right]\end{split}
                         
? 
! Extra alignment tab has been changed to \cr.
<template> \endtemplate 
                        
l.5573 \right]\end{split}
                         
? 

! Package array Error: Empty preamble: `l' used.

See the array package documentation for explanation.
Type  H <return>  for immediate help.
 ...                                              
                                                  
l.5581 \right]\end{split}
                         
? 
! Extra alignment tab has been changed to \cr.
<template> \endtemplate 
                        
l.5581 \right]\end{split}
                         
? 
! Extra alignment tab has been changed to \cr.
<template> \endtemplate 
                        
l.5581 \right]\end{split}
                         
? 

! Package array Error: Empty preamble: `l' used.

See the array package documentation for explanation.
Type  H <return>  for immediate help.
 ...                                              
                                                  
l.5581 \right]\end{split}
                         
? 
! Extra alignment tab has been changed to \cr.
<template> \endtemplate 
                        
l.5581 \right]\end{split}
                         
? 
! Extra alignment tab has been changed to \cr.
<template> \endtemplate 
                        
l.5581 \right]\end{split}
                         
? 

! Package array Error: Empty preamble: `l' used.

See the array package documentation for explanation.
Type  H <return>  for immediate help.
 ...                                              
                                                  
l.5587 \right]\end{split}
                         
? 
! Extra alignment tab has been changed to \cr.
<template> \endtemplate 
                        
l.5587 \right]\end{split}
                         
? 
! Extra alignment tab has been changed to \cr.
<template> \endtemplate 
                        
l.5587 \right]\end{split}
                         
? 

! Package array Error: Empty preamble: `l' used.

See the array package documentation for explanation.
Type  H <return>  for immediate help.
 ...                                              
                                                  
l.5587 \right]\end{split}
                         
? 
! Extra alignment tab has been changed to \cr.
<template> \endtemplate 
                        
l.5587 \right]\end{split}
                         
? 
! Extra alignment tab has been changed to \cr.
<template> \endtemplate 
                        
l.5587 \right]\end{split}
                         
? 

! Package array Error: Empty preamble: `l' used.

See the array package documentation for explanation.
Type  H <return>  for immediate help.
 ...                                              
                                                  
l.5594 \right]\end{split}
                         
? 
! Extra alignment tab has been changed to \cr.
<template> \endtemplate 
                        
l.5594 \right]\end{split}
                         
? 
! Extra alignment tab has been changed to \cr.
<template> \endtemplate 
                        
l.5594 \right]\end{split}
                         
? 

! Package array Error: Empty preamble: `l' used.

See the array package documentation for explanation.
Type  H <return>  for immediate help.
 ...                                              
                                                  
l.5594 \right]\end{split}
                         
? 
! Extra alignment tab has been changed to \cr.
<template> \endtemplate 
                        
l.5594 \right]\end{split}
                         
? 
! Extra alignment tab has been changed to \cr.
<template> \endtemplate 
                        
l.5594 \right]\end{split}
                         
? 

! Package array Error: Empty preamble: `l' used.

See the array package documentation for explanation.
Type  H <return>  for immediate help.
 ...                                              
                                                  
l.5602 \right]\end{split}
                         
? 
! Extra alignment tab has been changed to \cr.
<template> \endtemplate 
                        
l.5602 \right]\end{split}
                         
? 
! Extra alignment tab has been changed to \cr.
<template> \endtemplate 
                        
l.5602 \right]\end{split}
                         
? 
! Extra alignment tab has been changed to \cr.
<template> \endtemplate 
                        
l.5602 \right]\end{split}
                         
? 
! Extra alignment tab has been changed to \cr.
<template> \endtemplate 
                        
l.5602 \right]\end{split}
                         
? 
! Extra alignment tab has been changed to \cr.
<template> \endtemplate 
                        
l.5602 \right]\end{split}
                         
? 
! Extra alignment tab has been changed to \cr.
<template> \endtemplate 
                        
l.5602 \right]\end{split}
                         
? 

! Package array Error: Empty preamble: `l' used.

See the array package documentation for explanation.
Type  H <return>  for immediate help.
 ...                                              
                                                  
l.5602 \right]\end{split}
                         
? 
! Extra alignment tab has been changed to \cr.
<template> \endtemplate 
                        
l.5602 \right]\end{split}
                         
? 
! Extra alignment tab has been changed to \cr.
<template> \endtemplate 
                        
l.5602 \right]\end{split}
                         
? 
! Extra alignment tab has been changed to \cr.
<template> \endtemplate 
                        
l.5602 \right]\end{split}
                         
? 
! Extra alignment tab has been changed to \cr.
<template> \endtemplate 
                        
l.5602 \right]\end{split}
                         
? 
! Extra alignment tab has been changed to \cr.
<template> \endtemplate 
                        
l.5602 \right]\end{split}
                         
? 
! Extra alignment tab has been changed to \cr.
<template> \endtemplate 
                        
l.5602 \right]\end{split}
                         
? 
[93]

! Package array Error: Empty preamble: `l' used.

See the array package documentation for explanation.
Type  H <return>  for immediate help.
 ...                                              
                                                  
l.5667 \right]\end{split}
                         
? 
! Extra alignment tab has been changed to \cr.
<template> \endtemplate 
                        
l.5667 \right]\end{split}
                         
? 
! Extra alignment tab has been changed to \cr.
<template> \endtemplate 
                        
l.5667 \right]\end{split}
                         
? 
! Extra alignment tab has been changed to \cr.
<template> \endtemplate 
                        
l.5667 \right]\end{split}
                         
? 
! Extra alignment tab has been changed to \cr.
<template> \endtemplate 
                        
l.5667 \right]\end{split}
                         
? 
! Extra alignment tab has been changed to \cr.
<template> \endtemplate 
                        
l.5667 \right]\end{split}
                         
? 
! Extra alignment tab has been changed to \cr.
<template> \endtemplate 
                        
l.5667 \right]\end{split}
                         
? 
! Extra alignment tab has been changed to \cr.
<template> \endtemplate 
                        
l.5667 \right]\end{split}
                         
? 
! Extra alignment tab has been changed to \cr.
<template> \endtemplate 
                        
l.5667 \right]\end{split}
                         
? 
! Extra alignment tab has been changed to \cr.
<template> \endtemplate 
                        
l.5667 \right]\end{split}
                         
? 
! Extra alignment tab has been changed to \cr.
<template> \endtemplate 
                        
l.5667 \right]\end{split}
                         
? 
! Extra alignment tab has been changed to \cr.
<template> \endtemplate 
                        
l.5667 \right]\end{split}
                         
? 
! Extra alignment tab has been changed to \cr.
<template> \endtemplate 
                        
l.5667 \right]\end{split}
                         
? 
! Extra alignment tab has been changed to \cr.
<template> \endtemplate 
                        
l.5667 \right]\end{split}
                         
? 
! Extra alignment tab has been changed to \cr.
<template> \endtemplate 
                        
l.5667 \right]\end{split}
                         
? 
! Extra alignment tab has been changed to \cr.
<template> \endtemplate 
                        
l.5667 \right]\end{split}
                         
? 

! Package array Error: Empty preamble: `l' used.

See the array package documentation for explanation.
Type  H <return>  for immediate help.
 ...                                              
                                                  
l.5667 \right]\end{split}
                         
? 
! Extra alignment tab has been changed to \cr.
<template> \endtemplate 
                        
l.5667 \right]\end{split}
                         
? 
! Extra alignment tab has been changed to \cr.
<template> \endtemplate 
                        
l.5667 \right]\end{split}
                         
? 
! Extra alignment tab has been changed to \cr.
<template> \endtemplate 
                        
l.5667 \right]\end{split}
                         
? 
! Extra alignment tab has been changed to \cr.
<template> \endtemplate 
                        
l.5667 \right]\end{split}
                         
? 
! Extra alignment tab has been changed to \cr.
<template> \endtemplate 
                        
l.5667 \right]\end{split}
                         
? 
! Extra alignment tab has been changed to \cr.
<template> \endtemplate 
                        
l.5667 \right]\end{split}
                         
? 
! Extra alignment tab has been changed to \cr.
<template> \endtemplate 
                        
l.5667 \right]\end{split}
                         
? 
! Extra alignment tab has been changed to \cr.
<template> \endtemplate 
                        
l.5667 \right]\end{split}
                         
? 
! Extra alignment tab has been changed to \cr.
<template> \endtemplate 
                        
l.5667 \right]\end{split}
                         
? 
! Extra alignment tab has been changed to \cr.
<template> \endtemplate 
                        
l.5667 \right]\end{split}
                         
? 
! Extra alignment tab has been changed to \cr.
<template> \endtemplate 
                        
l.5667 \right]\end{split}
                         
? 
! Extra alignment tab has been changed to \cr.
<template> \endtemplate 
                        
l.5667 \right]\end{split}
                         
? 
! Extra alignment tab has been changed to \cr.
<template> \endtemplate 
                        
l.5667 \right]\end{split}
                         
? 
! Extra alignment tab has been changed to \cr.
<template> \endtemplate 
                        
l.5667 \right]\end{split}
                         
? 
! Extra alignment tab has been changed to \cr.
<template> \endtemplate 
                        
l.5667 \right]\end{split}
                         
? 
[94]

! Package array Error: Empty preamble: `l' used.

See the array package documentation for explanation.
Type  H <return>  for immediate help.
 ...                                              
                                                  
l.5676 \right]\end{split}
                         
? 
! Extra alignment tab has been changed to \cr.
<template> \endtemplate 
                        
l.5676 \right]\end{split}
                         
? 
! Extra alignment tab has been changed to \cr.
<template> \endtemplate 
                        
l.5676 \right]\end{split}
                         
? 
! Extra alignment tab has been changed to \cr.
<template> \endtemplate 
                        
l.5676 \right]\end{split}
                         
? 
! Extra alignment tab has been changed to \cr.
<template> \endtemplate 
                        
l.5676 \right]\end{split}
                         
? 
! Extra alignment tab has been changed to \cr.
<template> \endtemplate 
                        
l.5676 \right]\end{split}
                         
? 
! Extra alignment tab has been changed to \cr.
<template> \endtemplate 
                        
l.5676 \right]\end{split}
                         
? 
! Extra alignment tab has been changed to \cr.
<template> \endtemplate 
                        
l.5676 \right]\end{split}
                         
? 
! Extra alignment tab has been changed to \cr.
<template> \endtemplate 
                        
l.5676 \right]\end{split}
                         
? 
! Extra alignment tab has been changed to \cr.
<template> \endtemplate 
                        
l.5676 \right]\end{split}
                         
? 
! Extra alignment tab has been changed to \cr.
<template> \endtemplate 
                        
l.5676 \right]\end{split}
                         
? 
! Extra alignment tab has been changed to \cr.
<template> \endtemplate 
                        
l.5676 \right]\end{split}
                         
? 
! Extra alignment tab has been changed to \cr.
<template> \endtemplate 
                        
l.5676 \right]\end{split}
                         
? 

! Package array Error: Empty preamble: `l' used.

See the array package documentation for explanation.
Type  H <return>  for immediate help.
 ...                                              
                                                  
l.5676 \right]\end{split}
                         
? 
! Extra alignment tab has been changed to \cr.
<template> \endtemplate 
                        
l.5676 \right]\end{split}
                         
? 
! Extra alignment tab has been changed to \cr.
<template> \endtemplate 
                        
l.5676 \right]\end{split}
                         
? 
! Extra alignment tab has been changed to \cr.
<template> \endtemplate 
                        
l.5676 \right]\end{split}
                         
? 
! Extra alignment tab has been changed to \cr.
<template> \endtemplate 
                        
l.5676 \right]\end{split}
                         
? 
! Extra alignment tab has been changed to \cr.
<template> \endtemplate 
                        
l.5676 \right]\end{split}
                         
? 
! Extra alignment tab has been changed to \cr.
<template> \endtemplate 
                        
l.5676 \right]\end{split}
                         
? 
! Extra alignment tab has been changed to \cr.
<template> \endtemplate 
                        
l.5676 \right]\end{split}
                         
? 
! Extra alignment tab has been changed to \cr.
<template> \endtemplate 
                        
l.5676 \right]\end{split}
                         
? 
! Extra alignment tab has been changed to \cr.
<template> \endtemplate 
                        
l.5676 \right]\end{split}
                         
? 
! Extra alignment tab has been changed to \cr.
<template> \endtemplate 
                        
l.5676 \right]\end{split}
                         
? 
! Extra alignment tab has been changed to \cr.
<template> \endtemplate 
                        
l.5676 \right]\end{split}
                         
? 
! Extra alignment tab has been changed to \cr.
<template> \endtemplate 
                        
l.5676 \right]\end{split}
                         
? 

! Package array Error: Empty preamble: `l' used.

See the array package documentation for explanation.
Type  H <return>  for immediate help.
 ...                                              
                                                  
l.5685 \right]\end{split}
                         
? 
! Extra alignment tab has been changed to \cr.
<template> \endtemplate 
                        
l.5685 \right]\end{split}
                         
? 
! Extra alignment tab has been changed to \cr.
<template> \endtemplate 
                        
l.5685 \right]\end{split}
                         
? 
! Extra alignment tab has been changed to \cr.
<template> \endtemplate 
                        
l.5685 \right]\end{split}
                         
? 
! Extra alignment tab has been changed to \cr.
<template> \endtemplate 
                        
l.5685 \right]\end{split}
                         
? 
! Extra alignment tab has been changed to \cr.
<template> \endtemplate 
                        
l.5685 \right]\end{split}
                         
? 
! Extra alignment tab has been changed to \cr.
<template> \endtemplate 
                        
l.5685 \right]\end{split}
                         
? 
! Extra alignment tab has been changed to \cr.
<template> \endtemplate 
                        
l.5685 \right]\end{split}
                         
? 
! Extra alignment tab has been changed to \cr.
<template> \endtemplate 
                        
l.5685 \right]\end{split}
                         
? 
! Extra alignment tab has been changed to \cr.
<template> \endtemplate 
                        
l.5685 \right]\end{split}
                         
? 
! Extra alignment tab has been changed to \cr.
<template> \endtemplate 
                        
l.5685 \right]\end{split}
                         
? 
! Extra alignment tab has been changed to \cr.
<template> \endtemplate 
                        
l.5685 \right]\end{split}
                         
? 
! Extra alignment tab has been changed to \cr.
<template> \endtemplate 
                        
l.5685 \right]\end{split}
                         
? 

! Package array Error: Empty preamble: `l' used.

See the array package documentation for explanation.
Type  H <return>  for immediate help.
 ...                                              
                                                  
l.5685 \right]\end{split}
                         
? 
! Extra alignment tab has been changed to \cr.
<template> \endtemplate 
                        
l.5685 \right]\end{split}
                         
? 
! Extra alignment tab has been changed to \cr.
<template> \endtemplate 
                        
l.5685 \right]\end{split}
                         
? 
! Extra alignment tab has been changed to \cr.
<template> \endtemplate 
                        
l.5685 \right]\end{split}
                         
? 
! Extra alignment tab has been changed to \cr.
<template> \endtemplate 
                        
l.5685 \right]\end{split}
                         
? 
! Extra alignment tab has been changed to \cr.
<template> \endtemplate 
                        
l.5685 \right]\end{split}
                         
? 
! Extra alignment tab has been changed to \cr.
<template> \endtemplate 
                        
l.5685 \right]\end{split}
                         
? 
! Extra alignment tab has been changed to \cr.
<template> \endtemplate 
                        
l.5685 \right]\end{split}
                         
? 
! Extra alignment tab has been changed to \cr.
<template> \endtemplate 
                        
l.5685 \right]\end{split}
                         
? 
! Extra alignment tab has been changed to \cr.
<template> \endtemplate 
                        
l.5685 \right]\end{split}
                         
? 
! Extra alignment tab has been changed to \cr.
<template> \endtemplate 
                        
l.5685 \right]\end{split}
                         
? 
! Extra alignment tab has been changed to \cr.
<template> \endtemplate 
                        
l.5685 \right]\end{split}
                         
? 
! Extra alignment tab has been changed to \cr.
<template> \endtemplate 
                        
l.5685 \right]\end{split}
                         
? 
[95]

! Package array Error: Empty preamble: `l' used.

See the array package documentation for explanation.
Type  H <return>  for immediate help.
 ...                                              
                                                  
l.5717 \right]\end{split}
                         
? 
! Extra alignment tab has been changed to \cr.
<template> \endtemplate 
                        
l.5717 \right]\end{split}
                         
? 
! Extra alignment tab has been changed to \cr.
<template> \endtemplate 
                        
l.5717 \right]\end{split}
                         
? 
! Extra alignment tab has been changed to \cr.
<template> \endtemplate 
                        
l.5717 \right]\end{split}
                         
? 
! Extra alignment tab has been changed to \cr.
<template> \endtemplate 
                        
l.5717 \right]\end{split}
                         
? 

! Package array Error: Empty preamble: `l' used.

See the array package documentation for explanation.
Type  H <return>  for immediate help.
 ...                                              
                                                  
l.5717 \right]\end{split}
                         
? 
! Extra alignment tab has been changed to \cr.
<template> \endtemplate 
                        
l.5717 \right]\end{split}
                         
? 
! Extra alignment tab has been changed to \cr.
<template> \endtemplate 
                        
l.5717 \right]\end{split}
                         
? 
! Extra alignment tab has been changed to \cr.
<template> \endtemplate 
                        
l.5717 \right]\end{split}
                         
? 
! Extra alignment tab has been changed to \cr.
<template> \endtemplate 
                        
l.5717 \right]\end{split}
                         
? 

! Package array Error: Empty preamble: `l' used.

See the array package documentation for explanation.
Type  H <return>  for immediate help.
 ...                                              
                                                  
l.5724 \right]\end{split}
                         
? 
! Extra alignment tab has been changed to \cr.
<template> \endtemplate 
                        
l.5724 \right]\end{split}
                         
? 
! Extra alignment tab has been changed to \cr.
<template> \endtemplate 
                        
l.5724 \right]\end{split}
                         
? 
! Extra alignment tab has been changed to \cr.
<template> \endtemplate 
                        
l.5724 \right]\end{split}
                         
? 
! Extra alignment tab has been changed to \cr.
<template> \endtemplate 
                        
l.5724 \right]\end{split}
                         
? 

! Package array Error: Empty preamble: `l' used.

See the array package documentation for explanation.
Type  H <return>  for immediate help.
 ...                                              
                                                  
l.5724 \right]\end{split}
                         
? 
! Extra alignment tab has been changed to \cr.
<template> \endtemplate 
                        
l.5724 \right]\end{split}
                         
? 
! Extra alignment tab has been changed to \cr.
<template> \endtemplate 
                        
l.5724 \right]\end{split}
                         
? 
! Extra alignment tab has been changed to \cr.
<template> \endtemplate 
                        
l.5724 \right]\end{split}
                         
? 
! Extra alignment tab has been changed to \cr.
<template> \endtemplate 
                        
l.5724 \right]\end{split}
                         
? 

! Package array Error: Empty preamble: `l' used.

See the array package documentation for explanation.
Type  H <return>  for immediate help.
 ...                                              
                                                  
l.5733 \right]\end{split}
                         
? 
! Extra alignment tab has been changed to \cr.
<template> \endtemplate 
                        
l.5733 \right]\end{split}
                         
? 
! Extra alignment tab has been changed to \cr.
<template> \endtemplate 
                        
l.5733 \right]\end{split}
                         
? 
! Extra alignment tab has been changed to \cr.
<template> \endtemplate 
                        
l.5733 \right]\end{split}
                         
? 
! Extra alignment tab has been changed to \cr.
<template> \endtemplate 
                        
l.5733 \right]\end{split}
                         
? 
! Extra alignment tab has been changed to \cr.
<template> \endtemplate 
                        
l.5733 \right]\end{split}
                         
? 
! Extra alignment tab has been changed to \cr.
<template> \endtemplate 
                        
l.5733 \right]\end{split}
                         
? 
! Extra alignment tab has been changed to \cr.
<template> \endtemplate 
                        
l.5733 \right]\end{split}
                         
? 
! Extra alignment tab has been changed to \cr.
<template> \endtemplate 
                        
l.5733 \right]\end{split}
                         
? 

! Package array Error: Empty preamble: `l' used.

See the array package documentation for explanation.
Type  H <return>  for immediate help.
 ...                                              
                                                  
l.5733 \right]\end{split}
                         
? 
! Extra alignment tab has been changed to \cr.
<template> \endtemplate 
                        
l.5733 \right]\end{split}
                         
? 
! Extra alignment tab has been changed to \cr.
<template> \endtemplate 
                        
l.5733 \right]\end{split}
                         
? 
! Extra alignment tab has been changed to \cr.
<template> \endtemplate 
                        
l.5733 \right]\end{split}
                         
? 
! Extra alignment tab has been changed to \cr.
<template> \endtemplate 
                        
l.5733 \right]\end{split}
                         
? 
! Extra alignment tab has been changed to \cr.
<template> \endtemplate 
                        
l.5733 \right]\end{split}
                         
? 
! Extra alignment tab has been changed to \cr.
<template> \endtemplate 
                        
l.5733 \right]\end{split}
                         
? 
! Extra alignment tab has been changed to \cr.
<template> \endtemplate 
                        
l.5733 \right]\end{split}
                         
? 
! Extra alignment tab has been changed to \cr.
<template> \endtemplate 
                        
l.5733 \right]\end{split}
                         
? 

! Package array Error: Empty preamble: `l' used.

See the array package documentation for explanation.
Type  H <return>  for immediate help.
 ...                                              
                                                  
l.5740 \right]\end{split}
                         
? 
! Extra alignment tab has been changed to \cr.
<template> \endtemplate 
                        
l.5740 \right]\end{split}
                         
? 
! Extra alignment tab has been changed to \cr.
<template> \endtemplate 
                        
l.5740 \right]\end{split}
                         
? 
! Extra alignment tab has been changed to \cr.
<template> \endtemplate 
                        
l.5740 \right]\end{split}
                         
? 
! Extra alignment tab has been changed to \cr.
<template> \endtemplate 
                        
l.5740 \right]\end{split}
                         
? 
! Extra alignment tab has been changed to \cr.
<template> \endtemplate 
                        
l.5740 \right]\end{split}
                         
? 
! Extra alignment tab has been changed to \cr.
<template> \endtemplate 
                        
l.5740 \right]\end{split}
                         
? 
! Extra alignment tab has been changed to \cr.
<template> \endtemplate 
                        
l.5740 \right]\end{split}
                         
? 
! Extra alignment tab has been changed to \cr.
<template> \endtemplate 
                        
l.5740 \right]\end{split}
                         
? 
! Extra alignment tab has been changed to \cr.
<template> \endtemplate 
                        
l.5740 \right]\end{split}
                         
? 
! Extra alignment tab has been changed to \cr.
<template> \endtemplate 
                        
l.5740 \right]\end{split}
                         
? 

! Package array Error: Empty preamble: `l' used.

See the array package documentation for explanation.
Type  H <return>  for immediate help.
 ...                                              
                                                  
l.5740 \right]\end{split}
                         
? 
! Extra alignment tab has been changed to \cr.
<template> \endtemplate 
                        
l.5740 \right]\end{split}
                         
? 
! Extra alignment tab has been changed to \cr.
<template> \endtemplate 
                        
l.5740 \right]\end{split}
                         
? 
! Extra alignment tab has been changed to \cr.
<template> \endtemplate 
                        
l.5740 \right]\end{split}
                         
? 
! Extra alignment tab has been changed to \cr.
<template> \endtemplate 
                        
l.5740 \right]\end{split}
                         
? 
! Extra alignment tab has been changed to \cr.
<template> \endtemplate 
                        
l.5740 \right]\end{split}
                         
? 
! Extra alignment tab has been changed to \cr.
<template> \endtemplate 
                        
l.5740 \right]\end{split}
                         
? 
! Extra alignment tab has been changed to \cr.
<template> \endtemplate 
                        
l.5740 \right]\end{split}
                         
? 
! Extra alignment tab has been changed to \cr.
<template> \endtemplate 
                        
l.5740 \right]\end{split}
                         
? 
! Extra alignment tab has been changed to \cr.
<template> \endtemplate 
                        
l.5740 \right]\end{split}
                         
? 
! Extra alignment tab has been changed to \cr.
<template> \endtemplate 
                        
l.5740 \right]\end{split}
                         
? 
[96] [97]

! Package array Error: Empty preamble: `l' used.

See the array package documentation for explanation.
Type  H <return>  for immediate help.
 ...                                              
                                                  
l.5927 \right]\end{split}
                         
? 
! Extra alignment tab has been changed to \cr.
<template> \endtemplate 
                        
l.5927 \right]\end{split}
                         
? 
! Extra alignment tab has been changed to \cr.
<template> \endtemplate 
                        
l.5927 \right]\end{split}
                         
? 
! Extra alignment tab has been changed to \cr.
<template> \endtemplate 
                        
l.5927 \right]\end{split}
                         
? 
! Extra alignment tab has been changed to \cr.
<template> \endtemplate 
                        
l.5927 \right]\end{split}
                         
? 
! Extra alignment tab has been changed to \cr.
<template> \endtemplate 
                        
l.5927 \right]\end{split}
                         
? 
! Extra alignment tab has been changed to \cr.
<template> \endtemplate 
                        
l.5927 \right]\end{split}
                         
? 
! Extra alignment tab has been changed to \cr.
<template> \endtemplate 
                        
l.5927 \right]\end{split}
                         
? 
! Extra alignment tab has been changed to \cr.
<template> \endtemplate 
                        
l.5927 \right]\end{split}
                         
? 

! Package array Error: Empty preamble: `l' used.

See the array package documentation for explanation.
Type  H <return>  for immediate help.
 ...                                              
                                                  
l.5927 \right]\end{split}
                         
? 
! Extra alignment tab has been changed to \cr.
<template> \endtemplate 
                        
l.5927 \right]\end{split}
                         
? 
! Extra alignment tab has been changed to \cr.
<template> \endtemplate 
                        
l.5927 \right]\end{split}
                         
? 
! Extra alignment tab has been changed to \cr.
<template> \endtemplate 
                        
l.5927 \right]\end{split}
                         
? 
! Extra alignment tab has been changed to \cr.
<template> \endtemplate 
                        
l.5927 \right]\end{split}
                         
? 
! Extra alignment tab has been changed to \cr.
<template> \endtemplate 
                        
l.5927 \right]\end{split}
                         
? 
! Extra alignment tab has been changed to \cr.
<template> \endtemplate 
                        
l.5927 \right]\end{split}
                         
? 
! Extra alignment tab has been changed to \cr.
<template> \endtemplate 
                        
l.5927 \right]\end{split}
                         
? 
! Extra alignment tab has been changed to \cr.
<template> \endtemplate 
                        
l.5927 \right]\end{split}
                         
? 
[98]

! Package array Error: Empty preamble: `l' used.

See the array package documentation for explanation.
Type  H <return>  for immediate help.
 ...                                              
                                                  
l.5933 \right]\end{split}
                         
? 
! Extra alignment tab has been changed to \cr.
<template> \endtemplate 
                        
l.5933 \right]\end{split}
                         
? 
! Extra alignment tab has been changed to \cr.
<template> \endtemplate 
                        
l.5933 \right]\end{split}
                         
? 

! Package array Error: Empty preamble: `l' used.

See the array package documentation for explanation.
Type  H <return>  for immediate help.
 ...                                              
                                                  
l.5933 \right]\end{split}
                         
? 
! Extra alignment tab has been changed to \cr.
<template> \endtemplate 
                        
l.5933 \right]\end{split}
                         
? 
! Extra alignment tab has been changed to \cr.
<template> \endtemplate 
                        
l.5933 \right]\end{split}
                         
? 

! Package array Error: Empty preamble: `l' used.

See the array package documentation for explanation.
Type  H <return>  for immediate help.
 ...                                              
                                                  
l.5942 \right]\end{split}
                         
? 
! Extra alignment tab has been changed to \cr.
<template> \endtemplate 
                        
l.5942 \right]\end{split}
                         
? 
! Extra alignment tab has been changed to \cr.
<template> \endtemplate 
                        
l.5942 \right]\end{split}
                         
? 
! Extra alignment tab has been changed to \cr.
<template> \endtemplate 
                        
l.5942 \right]\end{split}
                         
? 
! Extra alignment tab has been changed to \cr.
<template> \endtemplate 
                        
l.5942 \right]\end{split}
                         
? 
! Extra alignment tab has been changed to \cr.
<template> \endtemplate 
                        
l.5942 \right]\end{split}
                         
? 
! Extra alignment tab has been changed to \cr.
<template> \endtemplate 
                        
l.5942 \right]\end{split}
                         
? 
! Extra alignment tab has been changed to \cr.
<template> \endtemplate 
                        
l.5942 \right]\end{split}
                         
? 
! Extra alignment tab has been changed to \cr.
<template> \endtemplate 
                        
l.5942 \right]\end{split}
                         
? 

! Package array Error: Empty preamble: `l' used.

See the array package documentation for explanation.
Type  H <return>  for immediate help.
 ...                                              
                                                  
l.5942 \right]\end{split}
                         
? 
! Extra alignment tab has been changed to \cr.
<template> \endtemplate 
                        
l.5942 \right]\end{split}
                         
? 
! Extra alignment tab has been changed to \cr.
<template> \endtemplate 
                        
l.5942 \right]\end{split}
                         
? 
! Extra alignment tab has been changed to \cr.
<template> \endtemplate 
                        
l.5942 \right]\end{split}
                         
? 
! Extra alignment tab has been changed to \cr.
<template> \endtemplate 
                        
l.5942 \right]\end{split}
                         
? 
! Extra alignment tab has been changed to \cr.
<template> \endtemplate 
                        
l.5942 \right]\end{split}
                         
? 
! Extra alignment tab has been changed to \cr.
<template> \endtemplate 
                        
l.5942 \right]\end{split}
                         
? 
! Extra alignment tab has been changed to \cr.
<template> \endtemplate 
                        
l.5942 \right]\end{split}
                         
? 
! Extra alignment tab has been changed to \cr.
<template> \endtemplate 
                        
l.5942 \right]\end{split}
                         
? 
[99] [100]

! Package array Error: Empty preamble: `l' used.

See the array package documentation for explanation.
Type  H <return>  for immediate help.
 ...                                              
                                                  
l.6160 \right]\end{split}
                         
? 
! Extra alignment tab has been changed to \cr.
<template> \endtemplate 
                        
l.6160 \right]\end{split}
                         
? 
! Extra alignment tab has been changed to \cr.
<template> \endtemplate 
                        
l.6160 \right]\end{split}
                         
? 
! Extra alignment tab has been changed to \cr.
<template> \endtemplate 
                        
l.6160 \right]\end{split}
                         
? 
! Extra alignment tab has been changed to \cr.
<template> \endtemplate 
                        
l.6160 \right]\end{split}
                         
? 

! Package array Error: Empty preamble: `l' used.

See the array package documentation for explanation.
Type  H <return>  for immediate help.
 ...                                              
                                                  
l.6160 \right]\end{split}
                         
? 
! Extra alignment tab has been changed to \cr.
<template> \endtemplate 
                        
l.6160 \right]\end{split}
                         
? 
! Extra alignment tab has been changed to \cr.
<template> \endtemplate 
                        
l.6160 \right]\end{split}
                         
? 
! Extra alignment tab has been changed to \cr.
<template> \endtemplate 
                        
l.6160 \right]\end{split}
                         
? 
! Extra alignment tab has been changed to \cr.
<template> \endtemplate 
                        
l.6160 \right]\end{split}
                         
? 
[101]

! Package array Error: Empty preamble: `l' used.

See the array package documentation for explanation.
Type  H <return>  for immediate help.
 ...                                              
                                                  
l.6170 \right]\end{split}
                         
? 
! Extra alignment tab has been changed to \cr.
<template> \endtemplate 
                        
l.6170 \right]\end{split}
                         
? 
! Extra alignment tab has been changed to \cr.
<template> \endtemplate 
                        
l.6170 \right]\end{split}
                         
? 
! Extra alignment tab has been changed to \cr.
<template> \endtemplate 
                        
l.6170 \right]\end{split}
                         
? 
! Extra alignment tab has been changed to \cr.
<template> \endtemplate 
                        
l.6170 \right]\end{split}
                         
? 

! Package array Error: Empty preamble: `l' used.

See the array package documentation for explanation.
Type  H <return>  for immediate help.
 ...                                              
                                                  
l.6170 \right]\end{split}
                         
? 
! Extra alignment tab has been changed to \cr.
<template> \endtemplate 
                        
l.6170 \right]\end{split}
                         
? 
! Extra alignment tab has been changed to \cr.
<template> \endtemplate 
                        
l.6170 \right]\end{split}
                         
? 
! Extra alignment tab has been changed to \cr.
<template> \endtemplate 
                        
l.6170 \right]\end{split}
                         
? 
! Extra alignment tab has been changed to \cr.
<template> \endtemplate 
                        
l.6170 \right]\end{split}
                         
? 

! Package array Error: Empty preamble: `l' used.

See the array package documentation for explanation.
Type  H <return>  for immediate help.
 ...                                              
                                                  
l.6176 \right]\end{split}
                         
? 
! Extra alignment tab has been changed to \cr.
<template> \endtemplate 
                        
l.6176 \right]\end{split}
                         
? 
! Extra alignment tab has been changed to \cr.
<template> \endtemplate 
                        
l.6176 \right]\end{split}
                         
? 
! Extra alignment tab has been changed to \cr.
<template> \endtemplate 
                        
l.6176 \right]\end{split}
                         
? 
! Extra alignment tab has been changed to \cr.
<template> \endtemplate 
                        
l.6176 \right]\end{split}
                         
? 

! Package array Error: Empty preamble: `l' used.

See the array package documentation for explanation.
Type  H <return>  for immediate help.
 ...                                              
                                                  
l.6176 \right]\end{split}
                         
? 
! Extra alignment tab has been changed to \cr.
<template> \endtemplate 
                        
l.6176 \right]\end{split}
                         
? 
! Extra alignment tab has been changed to \cr.
<template> \endtemplate 
                        
l.6176 \right]\end{split}
                         
? 
! Extra alignment tab has been changed to \cr.
<template> \endtemplate 
                        
l.6176 \right]\end{split}
                         
? 
! Extra alignment tab has been changed to \cr.
<template> \endtemplate 
                        
l.6176 \right]\end{split}
                         
? 

! Package array Error: Empty preamble: `l' used.

See the array package documentation for explanation.
Type  H <return>  for immediate help.
 ...                                              
                                                  
l.6186 \right]\end{split}
                         
? 
! Extra alignment tab has been changed to \cr.
<template> \endtemplate 
                        
l.6186 \right]\end{split}
                         
? 
! Extra alignment tab has been changed to \cr.
<template> \endtemplate 
                        
l.6186 \right]\end{split}
                         
? 
! Extra alignment tab has been changed to \cr.
<template> \endtemplate 
                        
l.6186 \right]\end{split}
                         
? 
! Extra alignment tab has been changed to \cr.
<template> \endtemplate 
                        
l.6186 \right]\end{split}
                         
? 

! Package array Error: Empty preamble: `l' used.

See the array package documentation for explanation.
Type  H <return>  for immediate help.
 ...                                              
                                                  
l.6186 \right]\end{split}
                         
? 
! Extra alignment tab has been changed to \cr.
<template> \endtemplate 
                        
l.6186 \right]\end{split}
                         
? 
! Extra alignment tab has been changed to \cr.
<template> \endtemplate 
                        
l.6186 \right]\end{split}
                         
? 
! Extra alignment tab has been changed to \cr.
<template> \endtemplate 
                        
l.6186 \right]\end{split}
                         
? 
! Extra alignment tab has been changed to \cr.
<template> \endtemplate 
                        
l.6186 \right]\end{split}
                         
? 

! Package array Error: Empty preamble: `l' used.

See the array package documentation for explanation.
Type  H <return>  for immediate help.
 ...                                              
                                                  
l.6238 \right]\end{split}
                         
? 
! Extra alignment tab has been changed to \cr.
<template> \endtemplate 
                        
l.6238 \right]\end{split}
                         
? 
! Extra alignment tab has been changed to \cr.
<template> \endtemplate 
                        
l.6238 \right]\end{split}
                         
? 

! Package array Error: Empty preamble: `l' used.

See the array package documentation for explanation.
Type  H <return>  for immediate help.
 ...                                              
                                                  
l.6238 \right]\end{split}
                         
? 
! Extra alignment tab has been changed to \cr.
<template> \endtemplate 
                        
l.6238 \right]\end{split}
                         
? 
! Extra alignment tab has been changed to \cr.
<template> \endtemplate 
                        
l.6238 \right]\end{split}
                         
? 

! Package array Error: Empty preamble: `l' used.

See the array package documentation for explanation.
Type  H <return>  for immediate help.
 ...                                              
                                                  
l.6244 \right]\end{split}
                         
? 
! Extra alignment tab has been changed to \cr.
<template> \endtemplate 
                        
l.6244 \right]\end{split}
                         
? 
! Extra alignment tab has been changed to \cr.
<template> \endtemplate 
                        
l.6244 \right]\end{split}
                         
? 

! Package array Error: Empty preamble: `l' used.

See the array package documentation for explanation.
Type  H <return>  for immediate help.
 ...                                              
                                                  
l.6244 \right]\end{split}
                         
? 
! Extra alignment tab has been changed to \cr.
<template> \endtemplate 
                        
l.6244 \right]\end{split}
                         
? 
! Extra alignment tab has been changed to \cr.
<template> \endtemplate 
                        
l.6244 \right]\end{split}
                         
? 
[102]

! Package array Error: Empty preamble: `l' used.

See the array package documentation for explanation.
Type  H <return>  for immediate help.
 ...                                              
                                                  
l.6250 \right]\end{split}
                         
? 
! Extra alignment tab has been changed to \cr.
<template> \endtemplate 
                        
l.6250 \right]\end{split}
                         
? 
! Extra alignment tab has been changed to \cr.
<template> \endtemplate 
                        
l.6250 \right]\end{split}
                         
? 

! Package array Error: Empty preamble: `l' used.

See the array package documentation for explanation.
Type  H <return>  for immediate help.
 ...                                              
                                                  
l.6250 \right]\end{split}
                         
? 
! Extra alignment tab has been changed to \cr.
<template> \endtemplate 
                        
l.6250 \right]\end{split}
                         
? 
! Extra alignment tab has been changed to \cr.
<template> \endtemplate 
                        
l.6250 \right]\end{split}
                         
? 

! Package array Error: Empty preamble: `l' used.

See the array package documentation for explanation.
Type  H <return>  for immediate help.
 ...                                              
                                                  
l.6256 \right]\end{split}
                         
? 
! Extra alignment tab has been changed to \cr.
<template> \endtemplate 
                        
l.6256 \right]\end{split}
                         
? 
! Extra alignment tab has been changed to \cr.
<template> \endtemplate 
                        
l.6256 \right]\end{split}
                         
? 

! Package array Error: Empty preamble: `l' used.

See the array package documentation for explanation.
Type  H <return>  for immediate help.
 ...                                              
                                                  
l.6256 \right]\end{split}
                         
? 
! Extra alignment tab has been changed to \cr.
<template> \endtemplate 
                        
l.6256 \right]\end{split}
                         
? 
! Extra alignment tab has been changed to \cr.
<template> \endtemplate 
                        
l.6256 \right]\end{split}
                         
? 

! Package array Error: Empty preamble: `l' used.

See the array package documentation for explanation.
Type  H <return>  for immediate help.
 ...                                              
                                                  
l.6262 \right]\end{split}
                         
? 
! Extra alignment tab has been changed to \cr.
<template> \endtemplate 
                        
l.6262 \right]\end{split}
                         
? 
! Extra alignment tab has been changed to \cr.
<template> \endtemplate 
                        
l.6262 \right]\end{split}
                         
? 

! Package array Error: Empty preamble: `l' used.

See the array package documentation for explanation.
Type  H <return>  for immediate help.
 ...                                              
                                                  
l.6262 \right]\end{split}
                         
? 
! Extra alignment tab has been changed to \cr.
<template> \endtemplate 
                        
l.6262 \right]\end{split}
                         
? 
! Extra alignment tab has been changed to \cr.
<template> \endtemplate 
                        
l.6262 \right]\end{split}
                         
? 

! Package array Error: Empty preamble: `l' used.

See the array package documentation for explanation.
Type  H <return>  for immediate help.
 ...                                              
                                                  
l.6268 \right]\end{split}
                         
? 
! Extra alignment tab has been changed to \cr.
<template> \endtemplate 
                        
l.6268 \right]\end{split}
                         
? 
! Extra alignment tab has been changed to \cr.
<template> \endtemplate 
                        
l.6268 \right]\end{split}
                         
? 

! Package array Error: Empty preamble: `l' used.

See the array package documentation for explanation.
Type  H <return>  for immediate help.
 ...                                              
                                                  
l.6268 \right]\end{split}
                         
? 
! Extra alignment tab has been changed to \cr.
<template> \endtemplate 
                        
l.6268 \right]\end{split}
                         
? 
! Extra alignment tab has been changed to \cr.
<template> \endtemplate 
                        
l.6268 \right]\end{split}
                         
? 
[103] [104] [105] [106] [107]
Underfull \hbox (badness 10000) in paragraph at lines 6714--6716
[]\TU/FreeSerif(0)/b/n/10 30 columns \TU/FreeSerif(0)/m/n/10 of keypoint coordi
nates: \TU/FreeMono(0)/m/n/10 left_eye_center_x\TU/FreeSerif(0)/m/n/10 , \TU/Fr
eeMono(0)/m/n/10 left_eye_center_y\TU/FreeSerif(0)/m/n/10 ,
 []


Overfull \vbox (1.12794pt too high) detected at line 6858
 []

[108] [109] [110]
Overfull \vbox (1.17796pt too high) detected at line 7025
 []

[111]
File: c84d9d38a77a5d2cc3efaeb53ed41463a0ef89e4571897350f3310b6dbe2e290.png Grap
hic file (type bmp)
<c84d9d38a77a5d2cc3efaeb53ed41463a0ef89e4571897350f3310b6dbe2e290.png>
 [112] [113] [114] [115] [116] [117] [118] [119]
File: 110a86778af6529419191a97ffbda1508cce081337db0909e826655e6d2fd4a2.png Grap
hic file (type bmp)
<110a86778af6529419191a97ffbda1508cce081337db0909e826655e6d2fd4a2.png>
 [120] [121] [122

]
Chapter 7.
[123]
File: ddddb5d6795573316f16ec392ef3719c36b1a1dccfca259203ec9de33bb58f7f.png Grap
hic file (type bmp)
<ddddb5d6795573316f16ec392ef3719c36b1a1dccfca259203ec9de33bb58f7f.png>
 [124] [125] [126]
File: 047e42a30cebe2feeede34f01f965059df8ecf07a763e30191304f1e0320b100.png Grap
hic file (type bmp)
<047e42a30cebe2feeede34f01f965059df8ecf07a763e30191304f1e0320b100.png>
 [127] [128]
File: e11cedc9c895b17cb92a81f547bb2926cae0b294d1140a434db05a3c1fc2d211.png Grap
hic file (type bmp)
<e11cedc9c895b17cb92a81f547bb2926cae0b294d1140a434db05a3c1fc2d211.png>
 [129] [130]
File: 2d0c3fc97217da9191f37fabd9bc9b378e52c5a454189080fc8db02020808109.png Grap
hic file (type bmp)
<2d0c3fc97217da9191f37fabd9bc9b378e52c5a454189080fc8db02020808109.png>
 [131] [132]

! Package array Error: Empty preamble: `l' used.

See the array package documentation for explanation.
Type  H <return>  for immediate help.
 ...                                              
                                                  
l.8483 \right]\end{split}
                         
? 
! Extra alignment tab has been changed to \cr.
<template> \endtemplate 
                        
l.8483 \right]\end{split}
                         
? 
! Extra alignment tab has been changed to \cr.
<template> \endtemplate 
                        
l.8483 \right]\end{split}
                         
? 
! Extra alignment tab has been changed to \cr.
<template> \endtemplate 
                        
l.8483 \right]\end{split}
                         
? 
! Extra alignment tab has been changed to \cr.
<template> \endtemplate 
                        
l.8483 \right]\end{split}
                         
? 
! Extra alignment tab has been changed to \cr.
<template> \endtemplate 
                        
l.8483 \right]\end{split}
                         
? 
! Extra alignment tab has been changed to \cr.
<template> \endtemplate 
                        
l.8483 \right]\end{split}
                         
? 
! Extra alignment tab has been changed to \cr.
<template> \endtemplate 
                        
l.8483 \right]\end{split}
                         
? 
! Extra alignment tab has been changed to \cr.
<template> \endtemplate 
                        
l.8483 \right]\end{split}
                         
? 
! Extra alignment tab has been changed to \cr.
<template> \endtemplate 
                        
l.8483 \right]\end{split}
                         
? 
! Extra alignment tab has been changed to \cr.
<template> \endtemplate 
                        
l.8483 \right]\end{split}
                         
? 
! Extra alignment tab has been changed to \cr.
<template> \endtemplate 
                        
l.8483 \right]\end{split}
                         
? 
! Extra alignment tab has been changed to \cr.
<template> \endtemplate 
                        
l.8483 \right]\end{split}
                         
? 
! Extra alignment tab has been changed to \cr.
<template> \endtemplate 
                        
l.8483 \right]\end{split}
                         
? 
! Extra alignment tab has been changed to \cr.
<template> \endtemplate 
                        
l.8483 \right]\end{split}
                         
? 

! Package array Error: Empty preamble: `l' used.

See the array package documentation for explanation.
Type  H <return>  for immediate help.
 ...                                              
                                                  
l.8483 \right]\end{split}
                         
? 
! Extra alignment tab has been changed to \cr.
<template> \endtemplate 
                        
l.8483 \right]\end{split}
                         
? 
! Extra alignment tab has been changed to \cr.
<template> \endtemplate 
                        
l.8483 \right]\end{split}
                         
? 
! Extra alignment tab has been changed to \cr.
<template> \endtemplate 
                        
l.8483 \right]\end{split}
                         
? 
! Extra alignment tab has been changed to \cr.
<template> \endtemplate 
                        
l.8483 \right]\end{split}
                         
? 
! Extra alignment tab has been changed to \cr.
<template> \endtemplate 
                        
l.8483 \right]\end{split}
                         
? 
! Extra alignment tab has been changed to \cr.
<template> \endtemplate 
                        
l.8483 \right]\end{split}
                         
? 
! Extra alignment tab has been changed to \cr.
<template> \endtemplate 
                        
l.8483 \right]\end{split}
                         
? 
! Extra alignment tab has been changed to \cr.
<template> \endtemplate 
                        
l.8483 \right]\end{split}
                         
? 
! Extra alignment tab has been changed to \cr.
<template> \endtemplate 
                        
l.8483 \right]\end{split}
                         
? 
! Extra alignment tab has been changed to \cr.
<template> \endtemplate 
                        
l.8483 \right]\end{split}
                         
? 
! Extra alignment tab has been changed to \cr.
<template> \endtemplate 
                        
l.8483 \right]\end{split}
                         
? 
! Extra alignment tab has been changed to \cr.
<template> \endtemplate 
                        
l.8483 \right]\end{split}
                         
? 
! Extra alignment tab has been changed to \cr.
<template> \endtemplate 
                        
l.8483 \right]\end{split}
                         
? 
! Extra alignment tab has been changed to \cr.
<template> \endtemplate 
                        
l.8483 \right]\end{split}
                         
? 
File: 34c0b67a7443e2632537be94e74bf4cbb68af106110903489ee49931e0100942.png Grap
hic file (type bmp)
<34c0b67a7443e2632537be94e74bf4cbb68af106110903489ee49931e0100942.png>
[133] [134] [135]
File: 06a23ab32020e01f8811de71ac7cc28ab7a6527edd6c84273d471c4c52d19e5d.png Grap
hic file (type bmp)
<06a23ab32020e01f8811de71ac7cc28ab7a6527edd6c84273d471c4c52d19e5d.png>
 [136]
Overfull \vbox (1.12798pt too high) detected at line 8726
 []

[137]
File: 1404409f3b2feed5e2b87920046dc4356e90fc0a9561a79962d4f1b81f81132f.png Grap
hic file (type bmp)
<1404409f3b2feed5e2b87920046dc4356e90fc0a9561a79962d4f1b81f81132f.png>
 [138]
File: 004d0c2e5e045d333b53f012174ac2fb9548a4ff28c60911fd068a4e2639ac05.png Grap
hic file (type bmp)
<004d0c2e5e045d333b53f012174ac2fb9548a4ff28c60911fd068a4e2639ac05.png>
 [139]
File: 7cfd054bbd6ceb92bd90d678317649d999d37755a3c96531e2b0872b132fcfce.png Grap
hic file (type bmp)
<7cfd054bbd6ceb92bd90d678317649d999d37755a3c96531e2b0872b132fcfce.png>
 [140] [141]
File: e6113675b68484ae0313bb4d2490f322e917a5c74721c09d32e4c7e451bc1bdd.png Grap
hic file (type bmp)
<e6113675b68484ae0313bb4d2490f322e917a5c74721c09d32e4c7e451bc1bdd.png>
 [142] [143]
Underfull \vbox (badness 10000) detected at line 9078
 []


Underfull \vbox (badness 10000) detected at line 9078
 []

[144]
File: 54a18f94a304b21fce20a89744a9a97a2bcde62a7ea7a33e9a5d4b3d438957c3.png Grap
hic file (type bmp)
<54a18f94a304b21fce20a89744a9a97a2bcde62a7ea7a33e9a5d4b3d438957c3.png>
 [145]
File: 114bdc3c3e6a2d8b7594f4005349d734a81483ab181fa9feb6bb5fb8948e49e9.png Grap
hic file (type bmp)
<114bdc3c3e6a2d8b7594f4005349d734a81483ab181fa9feb6bb5fb8948e49e9.png>
 [146] [147] [148

]
Chapter 8.
[149]
File: 3e9dc2aa60efe3054a813953e192581fab12bda01131139164a64dc7c5089ad9.png Grap
hic file (type bmp)
<3e9dc2aa60efe3054a813953e192581fab12bda01131139164a64dc7c5089ad9.png>
 [150] [151]
File: 09eabb323943c7780490bcab9a4f287b8383cd0fda1ddd7d56640c55e32572e6.png Grap
hic file (type bmp)
<09eabb323943c7780490bcab9a4f287b8383cd0fda1ddd7d56640c55e32572e6.png>
 [152] [153] [154]
File: a91a7af6e363dca51003df0a0e49b0d171289af040932aeac3fa0e98b3f6d20e.png Grap
hic file (type bmp)
<a91a7af6e363dca51003df0a0e49b0d171289af040932aeac3fa0e98b3f6d20e.png>
 [155] [156]
File: 103a5b0a455b27b9bea5ca2ed0422ef8e3a255dceec21b0da44d166ddaf0bf0c.png Grap
hic file (type bmp)
<103a5b0a455b27b9bea5ca2ed0422ef8e3a255dceec21b0da44d166ddaf0bf0c.png>
 [157]
File: f504c93279a3774d095a4d55357cfed2f45c1c8ead791371f32c80bf5cd8f70f.png Grap
hic file (type bmp)
<f504c93279a3774d095a4d55357cfed2f45c1c8ead791371f32c80bf5cd8f70f.png>
 [158]
File: 6577ed42acd30bb6529deeb9645adcc2118bd6b7b676f78b19442a5dfce4dccf.png Grap
hic file (type bmp)
<6577ed42acd30bb6529deeb9645adcc2118bd6b7b676f78b19442a5dfce4dccf.png>
File: be6a4f98f7a11b15997acad4af8313e93a2769dfb8259ab4abd640e299324a78.png Grap
hic file (type bmp)
<be6a4f98f7a11b15997acad4af8313e93a2769dfb8259ab4abd640e299324a78.png>
 [159]
File: 1f8e4493897880cbe0ce961ad4e32d2f3c06a06bf804b75a97e49c0ace53a70a.png Grap
hic file (type bmp)
<1f8e4493897880cbe0ce961ad4e32d2f3c06a06bf804b75a97e49c0ace53a70a.png>
File: d75bc663e4798d007d003af901e28c225cb81af7cf6df8fe84a96689064c1b7f.png Grap
hic file (type bmp)
<d75bc663e4798d007d003af901e28c225cb81af7cf6df8fe84a96689064c1b7f.png>
 [160]
File: 5f790f33276f83488a424fed5eb599d27f8a4fcde37a90056db55e0b3c5f309b.png Grap
hic file (type bmp)
<5f790f33276f83488a424fed5eb599d27f8a4fcde37a90056db55e0b3c5f309b.png>

[161]
File: 6de448470c8f87e89e1efdf6161a7beab2f7147c2204e2d22deab54f56a202c3.png Grap
hic file (type bmp)
<6de448470c8f87e89e1efdf6161a7beab2f7147c2204e2d22deab54f56a202c3.png>
 [162]
File: abe7aa26f08623882c90e29af13e61a9d9da745145e87857e529b52aea2f2fee.png Grap
hic file (type bmp)
<abe7aa26f08623882c90e29af13e61a9d9da745145e87857e529b52aea2f2fee.png>
File: 56177efd4d9aa09840801517440d87af21c5abb3c1d5f6d178e5979f828c7559.png Grap
hic file (type bmp)
<56177efd4d9aa09840801517440d87af21c5abb3c1d5f6d178e5979f828c7559.png>
 [163]
File: 9f89a2b722f8a44220c75e453bdb3b3c4475591fddb30d5a70fc4ad96e0aec9c.png Grap
hic file (type bmp)
<9f89a2b722f8a44220c75e453bdb3b3c4475591fddb30d5a70fc4ad96e0aec9c.png>
 [164]
File: 82cae35bdc6f2094290ccf4d15cc31245ca8425b61354281a63416699ccc18d9.png Grap
hic file (type bmp)
<82cae35bdc6f2094290ccf4d15cc31245ca8425b61354281a63416699ccc18d9.png>
File: df1bd66863ef0a4ed11070aa59440092c2432ef47326fedb1322f8484870c820.png Grap
hic file (type bmp)
<df1bd66863ef0a4ed11070aa59440092c2432ef47326fedb1322f8484870c820.png>
 [165] [166]
Underfull \vbox (badness 10000) detected at line 10320
 []

[167]
File: 37d59be37ef3c8c4fefefc4ab0915a3ab8b72d78e1516166c1cdaf05c9aa66ed.png Grap
hic file (type bmp)
<37d59be37ef3c8c4fefefc4ab0915a3ab8b72d78e1516166c1cdaf05c9aa66ed.png>
 [168] [169] [170]
Chapter 9.
[171

] [172] [173] [174

]
Chapter 10.
No file projectnamenotset.ind.
[175] (./projectnamenotset.aux)
 ***********
LaTeX2e <2023-11-01> patch level 1
L3 programming layer <2024-02-20>
 ***********


LaTeX Warning: There were undefined references.


LaTeX Warning: Label(s) may have changed. Rerun to get cross-references right.


Package rerunfilecheck Warning: File `projectnamenotset.out' has changed.
(rerunfilecheck)                Rerun to get outlines right
(rerunfilecheck)                or use package `bookmark'.

Package rerunfilecheck Info: Checksums for `projectnamenotset.out':
(rerunfilecheck)             Before: <no file>
(rerunfilecheck)             After:  101370114D23B6A076C8A9B5F7650202;18360.
 ) 
Here is how much of TeX's memory you used:
 46798 strings out of 474773
 1091814 string characters out of 5757724
 2305839 words of memory out of 5000000
 68058 multiletter control sequences out of 15000+600000
 565907 words of font info for 142 fonts, out of 8000000 for 9000
 1349 hyphenation exceptions out of 8191
 99i,27n,114p,1238b,2311s stack positions out of 10000i,1000n,20000p,200000b,200000s

Output written on projectnamenotset.pdf (179 pages).
