This is XeTeX, Version 3.141592653-2.6-0.999996 (TeX Live 2024) (preloaded format=xelatex 2024.9.17)  16 SEP 2025 13:42
entering extended mode
 restricted \write18 enabled.
 %&-line parsing enabled.
**sfml_practical_handbook.tex
(./sfml_practical_handbook.tex
LaTeX2e <2023-11-01> patch level 1
L3 programming layer <2024-02-20>
(./jupyterBook.cls
Document Class: jupyterBook 2020/11/06
(/usr/local/texlive/2024/texmf-dist/tex/latex/xcolor/xcolor.sty
Package: xcolor 2023/11/15 v3.01 LaTeX color extensions (UK)

(/usr/local/texlive/2024/texmf-dist/tex/latex/graphics-cfg/color.cfg
File: color.cfg 2016/01/02 v1.6 sample color configuration
)
Package xcolor Info: Driver file: xetex.def on input line 274.

(/usr/local/texlive/2024/texmf-dist/tex/latex/graphics-def/xetex.def
File: xetex.def 2022/09/22 v5.0n Graphics/color driver for xetex
)
(/usr/local/texlive/2024/texmf-dist/tex/latex/graphics/mathcolor.ltx)
Package xcolor Info: Model `cmy' substituted by `cmy0' on input line 1350.
Package xcolor Info: Model `RGB' extended on input line 1366.
Package xcolor Info: Model `HTML' substituted by `rgb' on input line 1368.
Package xcolor Info: Model `Hsb' substituted by `hsb' on input line 1369.
Package xcolor Info: Model `tHsb' substituted by `hsb' on input line 1370.
Package xcolor Info: Model `HSB' substituted by `hsb' on input line 1371.
Package xcolor Info: Model `Gray' substituted by `gray' on input line 1372.
Package xcolor Info: Model `wave' substituted by `hsb' on input line 1373.
)
(/usr/local/texlive/2024/texmf-dist/tex/latex/base/inputenc.sty
Package: inputenc 2021/02/14 v1.3d Input encoding file
\inpenc@prehook=\toks17
\inpenc@posthook=\toks18


Package inputenc Warning: inputenc package ignored with utf8 based engines.

) (/usr/local/texlive/2024/texmf-dist/tex/latex/graphics/graphicx.sty
Package: graphicx 2021/09/16 v1.2d Enhanced LaTeX Graphics (DPC,SPQR)

(/usr/local/texlive/2024/texmf-dist/tex/latex/graphics/keyval.sty
Package: keyval 2022/05/29 v1.15 key=value parser (DPC)
\KV@toks@=\toks19
)
(/usr/local/texlive/2024/texmf-dist/tex/latex/graphics/graphics.sty
Package: graphics 2022/03/10 v1.4e Standard LaTeX Graphics (DPC,SPQR)

(/usr/local/texlive/2024/texmf-dist/tex/latex/graphics/trig.sty
Package: trig 2021/08/11 v1.11 sin cos tan (DPC)
)
(/usr/local/texlive/2024/texmf-dist/tex/latex/graphics-cfg/graphics.cfg
File: graphics.cfg 2016/06/04 v1.11 sample graphics configuration
)
Package graphics Info: Driver file: xetex.def on input line 107.
)
\Gin@req@height=\dimen140
\Gin@req@width=\dimen141
)
(/usr/local/texlive/2024/texmf-dist/tex/latex/amsmath/amsmath.sty
Package: amsmath 2023/05/13 v2.17o AMS math features
\@mathmargin=\skip48

For additional information on amsmath, use the `?' option.
(/usr/local/texlive/2024/texmf-dist/tex/latex/amsmath/amstext.sty
Package: amstext 2021/08/26 v2.01 AMS text

(/usr/local/texlive/2024/texmf-dist/tex/latex/amsmath/amsgen.sty
File: amsgen.sty 1999/11/30 v2.0 generic functions
\@emptytoks=\toks20
\ex@=\dimen142
))
(/usr/local/texlive/2024/texmf-dist/tex/latex/amsmath/amsbsy.sty
Package: amsbsy 1999/11/29 v1.2d Bold Symbols
\pmbraise@=\dimen143
)
(/usr/local/texlive/2024/texmf-dist/tex/latex/amsmath/amsopn.sty
Package: amsopn 2022/04/08 v2.04 operator names
)
\inf@bad=\count184
LaTeX Info: Redefining \frac on input line 234.
\uproot@=\count185
\leftroot@=\count186
LaTeX Info: Redefining \overline on input line 399.
LaTeX Info: Redefining \colon on input line 410.
\classnum@=\count187
\DOTSCASE@=\count188
LaTeX Info: Redefining \ldots on input line 496.
LaTeX Info: Redefining \dots on input line 499.
LaTeX Info: Redefining \cdots on input line 620.
\Mathstrutbox@=\box51
\strutbox@=\box52
LaTeX Info: Redefining \big on input line 722.
LaTeX Info: Redefining \Big on input line 723.
LaTeX Info: Redefining \bigg on input line 724.
LaTeX Info: Redefining \Bigg on input line 725.
\big@size=\dimen144
LaTeX Font Info:    Redeclaring font encoding OML on input line 743.
LaTeX Font Info:    Redeclaring font encoding OMS on input line 744.
\macc@depth=\count189
LaTeX Info: Redefining \bmod on input line 905.
LaTeX Info: Redefining \pmod on input line 910.
LaTeX Info: Redefining \smash on input line 940.
LaTeX Info: Redefining \relbar on input line 970.
LaTeX Info: Redefining \Relbar on input line 971.
\c@MaxMatrixCols=\count190
\dotsspace@=\muskip16
\c@parentequation=\count191
\dspbrk@lvl=\count192
\tag@help=\toks21
\row@=\count193
\column@=\count194
\maxfields@=\count195
\andhelp@=\toks22
\eqnshift@=\dimen145
\alignsep@=\dimen146
\tagshift@=\dimen147
\tagwidth@=\dimen148
\totwidth@=\dimen149
\lineht@=\dimen150
\@envbody=\toks23
\multlinegap=\skip49
\multlinetaggap=\skip50
\mathdisplay@stack=\toks24
LaTeX Info: Redefining \[ on input line 2953.
LaTeX Info: Redefining \] on input line 2954.
)
(/usr/local/texlive/2024/texmf-dist/tex/latex/amsfonts/amssymb.sty
Package: amssymb 2013/01/14 v3.01 AMS font symbols

(/usr/local/texlive/2024/texmf-dist/tex/latex/amsfonts/amsfonts.sty
Package: amsfonts 2013/01/14 v3.01 Basic AMSFonts support
\symAMSa=\mathgroup4
\symAMSb=\mathgroup5
LaTeX Font Info:    Redeclaring math symbol \hbar on input line 98.
LaTeX Font Info:    Overwriting math alphabet `\mathfrak' in version `bold'
(Font)                  U/euf/m/n --> U/euf/b/n on input line 106.
))
(/usr/local/texlive/2024/texmf-dist/tex/latex/amsmath/amscd.sty
Package: amscd 2017/04/14 v2.1 AMS Commutative Diagrams
\athelp@=\toks25
\minaw@=\dimen151
\bigaw@=\dimen152
\minCDarrowwidth=\dimen153
)
(/usr/local/texlive/2024/texmf-dist/tex/latex/jknapltx/mathrsfs.sty
Package: mathrsfs 1996/01/01 Math RSFS package v1.0 (jk)
\symrsfs=\mathgroup6
)
(/usr/local/texlive/2024/texmf-dist/tex/latex/pgf/frontendlayer/tikz.sty
(/usr/local/texlive/2024/texmf-dist/tex/latex/pgf/basiclayer/pgf.sty
(/usr/local/texlive/2024/texmf-dist/tex/latex/pgf/utilities/pgfrcs.sty
(/usr/local/texlive/2024/texmf-dist/tex/generic/pgf/utilities/pgfutil-common.te
x
\pgfutil@everybye=\toks26
\pgfutil@tempdima=\dimen154
\pgfutil@tempdimb=\dimen155
)
(/usr/local/texlive/2024/texmf-dist/tex/generic/pgf/utilities/pgfutil-latex.def
\pgfutil@abb=\box53
) (/usr/local/texlive/2024/texmf-dist/tex/generic/pgf/utilities/pgfrcs.code.tex
(/usr/local/texlive/2024/texmf-dist/tex/generic/pgf/pgf.revision.tex)
Package: pgfrcs 2023-01-15 v3.1.10 (3.1.10)
))
Package: pgf 2023-01-15 v3.1.10 (3.1.10)

(/usr/local/texlive/2024/texmf-dist/tex/latex/pgf/basiclayer/pgfcore.sty
(/usr/local/texlive/2024/texmf-dist/tex/latex/pgf/systemlayer/pgfsys.sty
(/usr/local/texlive/2024/texmf-dist/tex/generic/pgf/systemlayer/pgfsys.code.tex
Package: pgfsys 2023-01-15 v3.1.10 (3.1.10)
(/usr/local/texlive/2024/texmf-dist/tex/generic/pgf/utilities/pgfkeys.code.tex
\pgfkeys@pathtoks=\toks27
\pgfkeys@temptoks=\toks28

(/usr/local/texlive/2024/texmf-dist/tex/generic/pgf/utilities/pgfkeyslibraryfil
tered.code.tex
\pgfkeys@tmptoks=\toks29
))
\pgf@x=\dimen156
\pgf@y=\dimen157
\pgf@xa=\dimen158
\pgf@ya=\dimen159
\pgf@xb=\dimen160
\pgf@yb=\dimen161
\pgf@xc=\dimen162
\pgf@yc=\dimen163
\pgf@xd=\dimen164
\pgf@yd=\dimen165
\w@pgf@writea=\write3
\r@pgf@reada=\read2
\c@pgf@counta=\count196
\c@pgf@countb=\count197
\c@pgf@countc=\count198
\c@pgf@countd=\count199
\t@pgf@toka=\toks30
\t@pgf@tokb=\toks31
\t@pgf@tokc=\toks32
\pgf@sys@id@count=\count266

(/usr/local/texlive/2024/texmf-dist/tex/generic/pgf/systemlayer/pgf.cfg
File: pgf.cfg 2023-01-15 v3.1.10 (3.1.10)
)
Driver file for pgf: pgfsys-xetex.def

(/usr/local/texlive/2024/texmf-dist/tex/generic/pgf/systemlayer/pgfsys-xetex.de
f
File: pgfsys-xetex.def 2023-01-15 v3.1.10 (3.1.10)

(/usr/local/texlive/2024/texmf-dist/tex/generic/pgf/systemlayer/pgfsys-dvipdfmx
.def
File: pgfsys-dvipdfmx.def 2023-01-15 v3.1.10 (3.1.10)

(/usr/local/texlive/2024/texmf-dist/tex/generic/pgf/systemlayer/pgfsys-common-p
df.def
File: pgfsys-common-pdf.def 2023-01-15 v3.1.10 (3.1.10)
)
\pgfsys@objnum=\count267
)))
(/usr/local/texlive/2024/texmf-dist/tex/generic/pgf/systemlayer/pgfsyssoftpath.
code.tex
File: pgfsyssoftpath.code.tex 2023-01-15 v3.1.10 (3.1.10)
\pgfsyssoftpath@smallbuffer@items=\count268
\pgfsyssoftpath@bigbuffer@items=\count269
)
(/usr/local/texlive/2024/texmf-dist/tex/generic/pgf/systemlayer/pgfsysprotocol.
code.tex
File: pgfsysprotocol.code.tex 2023-01-15 v3.1.10 (3.1.10)
))
(/usr/local/texlive/2024/texmf-dist/tex/generic/pgf/basiclayer/pgfcore.code.tex
Package: pgfcore 2023-01-15 v3.1.10 (3.1.10)
(/usr/local/texlive/2024/texmf-dist/tex/generic/pgf/math/pgfmath.code.tex
(/usr/local/texlive/2024/texmf-dist/tex/generic/pgf/math/pgfmathutil.code.tex)
(/usr/local/texlive/2024/texmf-dist/tex/generic/pgf/math/pgfmathparser.code.tex
\pgfmath@dimen=\dimen166
\pgfmath@count=\count270
\pgfmath@box=\box54
\pgfmath@toks=\toks33
\pgfmath@stack@operand=\toks34
\pgfmath@stack@operation=\toks35
)
(/usr/local/texlive/2024/texmf-dist/tex/generic/pgf/math/pgfmathfunctions.code.
tex)
(/usr/local/texlive/2024/texmf-dist/tex/generic/pgf/math/pgfmathfunctions.basic
.code.tex)
(/usr/local/texlive/2024/texmf-dist/tex/generic/pgf/math/pgfmathfunctions.trigo
nometric.code.tex)
(/usr/local/texlive/2024/texmf-dist/tex/generic/pgf/math/pgfmathfunctions.rando
m.code.tex)
(/usr/local/texlive/2024/texmf-dist/tex/generic/pgf/math/pgfmathfunctions.compa
rison.code.tex)
(/usr/local/texlive/2024/texmf-dist/tex/generic/pgf/math/pgfmathfunctions.base.
code.tex)
(/usr/local/texlive/2024/texmf-dist/tex/generic/pgf/math/pgfmathfunctions.round
.code.tex)
(/usr/local/texlive/2024/texmf-dist/tex/generic/pgf/math/pgfmathfunctions.misc.
code.tex)
(/usr/local/texlive/2024/texmf-dist/tex/generic/pgf/math/pgfmathfunctions.integ
erarithmetics.code.tex)
(/usr/local/texlive/2024/texmf-dist/tex/generic/pgf/math/pgfmathcalc.code.tex)
(/usr/local/texlive/2024/texmf-dist/tex/generic/pgf/math/pgfmathfloat.code.tex
\c@pgfmathroundto@lastzeros=\count271
)) (/usr/local/texlive/2024/texmf-dist/tex/generic/pgf/math/pgfint.code.tex)
(/usr/local/texlive/2024/texmf-dist/tex/generic/pgf/basiclayer/pgfcorepoints.co
de.tex
File: pgfcorepoints.code.tex 2023-01-15 v3.1.10 (3.1.10)
\pgf@picminx=\dimen167
\pgf@picmaxx=\dimen168
\pgf@picminy=\dimen169
\pgf@picmaxy=\dimen170
\pgf@pathminx=\dimen171
\pgf@pathmaxx=\dimen172
\pgf@pathminy=\dimen173
\pgf@pathmaxy=\dimen174
\pgf@xx=\dimen175
\pgf@xy=\dimen176
\pgf@yx=\dimen177
\pgf@yy=\dimen178
\pgf@zx=\dimen179
\pgf@zy=\dimen180
)
(/usr/local/texlive/2024/texmf-dist/tex/generic/pgf/basiclayer/pgfcorepathconst
ruct.code.tex
File: pgfcorepathconstruct.code.tex 2023-01-15 v3.1.10 (3.1.10)
\pgf@path@lastx=\dimen181
\pgf@path@lasty=\dimen182
)
(/usr/local/texlive/2024/texmf-dist/tex/generic/pgf/basiclayer/pgfcorepathusage
.code.tex
File: pgfcorepathusage.code.tex 2023-01-15 v3.1.10 (3.1.10)
\pgf@shorten@end@additional=\dimen183
\pgf@shorten@start@additional=\dimen184
)
(/usr/local/texlive/2024/texmf-dist/tex/generic/pgf/basiclayer/pgfcorescopes.co
de.tex
File: pgfcorescopes.code.tex 2023-01-15 v3.1.10 (3.1.10)
\pgfpic=\box55
\pgf@hbox=\box56
\pgf@layerbox@main=\box57
\pgf@picture@serial@count=\count272
)
(/usr/local/texlive/2024/texmf-dist/tex/generic/pgf/basiclayer/pgfcoregraphicst
ate.code.tex
File: pgfcoregraphicstate.code.tex 2023-01-15 v3.1.10 (3.1.10)
\pgflinewidth=\dimen185
)
(/usr/local/texlive/2024/texmf-dist/tex/generic/pgf/basiclayer/pgfcoretransform
ations.code.tex
File: pgfcoretransformations.code.tex 2023-01-15 v3.1.10 (3.1.10)
\pgf@pt@x=\dimen186
\pgf@pt@y=\dimen187
\pgf@pt@temp=\dimen188
)
(/usr/local/texlive/2024/texmf-dist/tex/generic/pgf/basiclayer/pgfcorequick.cod
e.tex
File: pgfcorequick.code.tex 2023-01-15 v3.1.10 (3.1.10)
)
(/usr/local/texlive/2024/texmf-dist/tex/generic/pgf/basiclayer/pgfcoreobjects.c
ode.tex
File: pgfcoreobjects.code.tex 2023-01-15 v3.1.10 (3.1.10)
)
(/usr/local/texlive/2024/texmf-dist/tex/generic/pgf/basiclayer/pgfcorepathproce
ssing.code.tex
File: pgfcorepathprocessing.code.tex 2023-01-15 v3.1.10 (3.1.10)
)
(/usr/local/texlive/2024/texmf-dist/tex/generic/pgf/basiclayer/pgfcorearrows.co
de.tex
File: pgfcorearrows.code.tex 2023-01-15 v3.1.10 (3.1.10)
\pgfarrowsep=\dimen189
)
(/usr/local/texlive/2024/texmf-dist/tex/generic/pgf/basiclayer/pgfcoreshade.cod
e.tex
File: pgfcoreshade.code.tex 2023-01-15 v3.1.10 (3.1.10)
\pgf@max=\dimen190
\pgf@sys@shading@range@num=\count273
\pgf@shadingcount=\count274
)
(/usr/local/texlive/2024/texmf-dist/tex/generic/pgf/basiclayer/pgfcoreimage.cod
e.tex
File: pgfcoreimage.code.tex 2023-01-15 v3.1.10 (3.1.10)
)
(/usr/local/texlive/2024/texmf-dist/tex/generic/pgf/basiclayer/pgfcoreexternal.
code.tex
File: pgfcoreexternal.code.tex 2023-01-15 v3.1.10 (3.1.10)
\pgfexternal@startupbox=\box58
)
(/usr/local/texlive/2024/texmf-dist/tex/generic/pgf/basiclayer/pgfcorelayers.co
de.tex
File: pgfcorelayers.code.tex 2023-01-15 v3.1.10 (3.1.10)
)
(/usr/local/texlive/2024/texmf-dist/tex/generic/pgf/basiclayer/pgfcoretranspare
ncy.code.tex
File: pgfcoretransparency.code.tex 2023-01-15 v3.1.10 (3.1.10)
)
(/usr/local/texlive/2024/texmf-dist/tex/generic/pgf/basiclayer/pgfcorepatterns.
code.tex
File: pgfcorepatterns.code.tex 2023-01-15 v3.1.10 (3.1.10)
)
(/usr/local/texlive/2024/texmf-dist/tex/generic/pgf/basiclayer/pgfcorerdf.code.
tex
File: pgfcorerdf.code.tex 2023-01-15 v3.1.10 (3.1.10)
)))
(/usr/local/texlive/2024/texmf-dist/tex/generic/pgf/modules/pgfmoduleshapes.cod
e.tex
File: pgfmoduleshapes.code.tex 2023-01-15 v3.1.10 (3.1.10)
\pgfnodeparttextbox=\box59
)
(/usr/local/texlive/2024/texmf-dist/tex/generic/pgf/modules/pgfmoduleplot.code.
tex
File: pgfmoduleplot.code.tex 2023-01-15 v3.1.10 (3.1.10)
)
(/usr/local/texlive/2024/texmf-dist/tex/latex/pgf/compatibility/pgfcomp-version
-0-65.sty
Package: pgfcomp-version-0-65 2023-01-15 v3.1.10 (3.1.10)
\pgf@nodesepstart=\dimen191
\pgf@nodesepend=\dimen192
)
(/usr/local/texlive/2024/texmf-dist/tex/latex/pgf/compatibility/pgfcomp-version
-1-18.sty
Package: pgfcomp-version-1-18 2023-01-15 v3.1.10 (3.1.10)
))
(/usr/local/texlive/2024/texmf-dist/tex/latex/pgf/utilities/pgffor.sty
(/usr/local/texlive/2024/texmf-dist/tex/latex/pgf/utilities/pgfkeys.sty
(/usr/local/texlive/2024/texmf-dist/tex/generic/pgf/utilities/pgfkeys.code.tex)
) (/usr/local/texlive/2024/texmf-dist/tex/latex/pgf/math/pgfmath.sty
(/usr/local/texlive/2024/texmf-dist/tex/generic/pgf/math/pgfmath.code.tex))
(/usr/local/texlive/2024/texmf-dist/tex/generic/pgf/utilities/pgffor.code.tex
Package: pgffor 2023-01-15 v3.1.10 (3.1.10)
\pgffor@iter=\dimen193
\pgffor@skip=\dimen194
\pgffor@stack=\toks36
\pgffor@toks=\toks37
))
(/usr/local/texlive/2024/texmf-dist/tex/generic/pgf/frontendlayer/tikz/tikz.cod
e.tex
Package: tikz 2023-01-15 v3.1.10 (3.1.10)

(/usr/local/texlive/2024/texmf-dist/tex/generic/pgf/libraries/pgflibraryplothan
dlers.code.tex
File: pgflibraryplothandlers.code.tex 2023-01-15 v3.1.10 (3.1.10)
\pgf@plot@mark@count=\count275
\pgfplotmarksize=\dimen195
)
\tikz@lastx=\dimen196
\tikz@lasty=\dimen197
\tikz@lastxsaved=\dimen198
\tikz@lastysaved=\dimen199
\tikz@lastmovetox=\dimen256
\tikz@lastmovetoy=\dimen257
\tikzleveldistance=\dimen258
\tikzsiblingdistance=\dimen259
\tikz@figbox=\box60
\tikz@figbox@bg=\box61
\tikz@tempbox=\box62
\tikz@tempbox@bg=\box63
\tikztreelevel=\count276
\tikznumberofchildren=\count277
\tikznumberofcurrentchild=\count278
\tikz@fig@count=\count279

(/usr/local/texlive/2024/texmf-dist/tex/generic/pgf/modules/pgfmodulematrix.cod
e.tex
File: pgfmodulematrix.code.tex 2023-01-15 v3.1.10 (3.1.10)
\pgfmatrixcurrentrow=\count280
\pgfmatrixcurrentcolumn=\count281
\pgf@matrix@numberofcolumns=\count282
)
\tikz@expandcount=\count283

(/usr/local/texlive/2024/texmf-dist/tex/generic/pgf/frontendlayer/tikz/librarie
s/tikzlibrarytopaths.code.tex
File: tikzlibrarytopaths.code.tex 2023-01-15 v3.1.10 (3.1.10)
)))
(/usr/local/texlive/2024/texmf-dist/tex/generic/pgf/frontendlayer/tikz/librarie
s/tikzlibraryarrows.code.tex
File: tikzlibraryarrows.code.tex 2023-01-15 v3.1.10 (3.1.10)

(/usr/local/texlive/2024/texmf-dist/tex/generic/pgf/libraries/pgflibraryarrows.
code.tex
File: pgflibraryarrows.code.tex 2023-01-15 v3.1.10 (3.1.10)
\arrowsize=\dimen260
))
(/usr/local/texlive/2024/texmf-dist/tex/generic/pgf/frontendlayer/tikz/librarie
s/tikzlibrarycalc.code.tex
File: tikzlibrarycalc.code.tex 2023-01-15 v3.1.10 (3.1.10)
)
(/usr/local/texlive/2024/texmf-dist/tex/generic/pgf/frontendlayer/tikz/librarie
s/tikzlibraryintersections.code.tex
(/usr/local/texlive/2024/texmf-dist/tex/generic/pgf/libraries/pgflibraryinterse
ctions.code.tex
(/usr/local/texlive/2024/texmf-dist/tex/generic/pgf/libraries/pgflibraryfpu.cod
e.tex)
\pgf@intersect@solutions=\count284
))
(/usr/local/texlive/2024/texmf-dist/tex/generic/pgf/frontendlayer/tikz/librarie
s/tikzlibrarydecorations.code.tex
(/usr/local/texlive/2024/texmf-dist/tex/generic/pgf/modules/pgfmoduledecoration
s.code.tex
\pgfdecoratedcompleteddistance=\dimen261
\pgfdecoratedremainingdistance=\dimen262
\pgfdecoratedinputsegmentcompleteddistance=\dimen263
\pgfdecoratedinputsegmentremainingdistance=\dimen264
\pgf@decorate@distancetomove=\dimen265
\pgf@decorate@repeatstate=\count285
\pgfdecorationsegmentamplitude=\dimen266
\pgfdecorationsegmentlength=\dimen267
)
\tikz@lib@dec@box=\box64
)
(/usr/local/texlive/2024/texmf-dist/tex/latex/pgfplots/pgfplots.sty
(/usr/local/texlive/2024/texmf-dist/tex/generic/pgfplots/pgfplots.revision.tex)
Package: pgfplots 2021/05/15 v1.18.1 Data Visualization (1.18.1)
(/usr/local/texlive/2024/texmf-dist/tex/generic/pgfplots/pgfplots.code.tex
(/usr/local/texlive/2024/texmf-dist/tex/generic/pgfplots/pgfplotscore.code.tex
\t@pgfplots@toka=\toks38
\t@pgfplots@tokb=\toks39
\t@pgfplots@tokc=\toks40
\pgfplots@tmpa=\dimen268
\c@pgfplots@coordindex=\count286
\c@pgfplots@scanlineindex=\count287

(/usr/local/texlive/2024/texmf-dist/tex/generic/pgfplots/sys/pgfplotssysgeneric
.code.tex))
(/usr/local/texlive/2024/texmf-dist/tex/generic/pgfplots/libs/pgfplotslibrary.c
ode.tex)
(/usr/local/texlive/2024/texmf-dist/tex/generic/pgfplots/oldpgfcompatib/pgfplot
soldpgfsupp_loader.code.tex
Package pgfplots: loading complementary utilities for your pgf version...
\t@pgf@toka=\toks41
\t@pgf@tokb=\toks42
\t@pgf@tokc=\toks43

(/usr/local/texlive/2024/texmf-dist/tex/generic/pgfplots/oldpgfcompatib/pgfplot
soldpgfsupp_pgfutil-common-lists.tex))
(/usr/local/texlive/2024/texmf-dist/tex/generic/pgfplots/util/pgfplotsutil.code
.tex
(/usr/local/texlive/2024/texmf-dist/tex/generic/pgfplots/liststructure/pgfplots
liststructure.code.tex)
(/usr/local/texlive/2024/texmf-dist/tex/generic/pgfplots/liststructure/pgfplots
liststructureext.code.tex)
(/usr/local/texlive/2024/texmf-dist/tex/generic/pgfplots/liststructure/pgfplots
array.code.tex
\c@pgfplotsarray@tmp=\count288
)
(/usr/local/texlive/2024/texmf-dist/tex/generic/pgfplots/liststructure/pgfplots
matrix.code.tex)
(/usr/local/texlive/2024/texmf-dist/tex/generic/pgfplots/numtable/pgfplotstable
shared.code.tex
\c@pgfplotstable@counta=\count289
\t@pgfplotstable@a=\toks44
)
(/usr/local/texlive/2024/texmf-dist/tex/generic/pgfplots/liststructure/pgfplots
deque.code.tex)
(/usr/local/texlive/2024/texmf-dist/tex/generic/pgfplots/util/pgfplotsbinary.co
de.tex
(/usr/local/texlive/2024/texmf-dist/tex/generic/pgfplots/util/pgfplotsbinary.da
ta.code.tex))
(/usr/local/texlive/2024/texmf-dist/tex/generic/pgfplots/util/pgfplotsutil.verb
.code.tex)
(/usr/local/texlive/2024/texmf-dist/tex/generic/pgfplots/libs/pgflibrarypgfplot
s.surfshading.code.tex
\c@pgfplotslibrarysurf@no=\count290

(/usr/local/texlive/2024/texmf-dist/tex/generic/pgfplots/sys/pgflibrarypgfplots
.surfshading.pgfsys-xetex.def
(/usr/local/texlive/2024/texmf-dist/tex/generic/pgfplots/sys/pgflibrarypgfplots
.surfshading.pgfsys-dvipdfmx.def
\c@pgfplotslibrarysurf@streamlen=\count291
))))
(/usr/local/texlive/2024/texmf-dist/tex/generic/pgfplots/util/pgfplotscolormap.
code.tex
(/usr/local/texlive/2024/texmf-dist/tex/generic/pgfplots/util/pgfplotscolor.cod
e.tex))
(/usr/local/texlive/2024/texmf-dist/tex/generic/pgfplots/pgfplotsstackedplots.c
ode.tex)
(/usr/local/texlive/2024/texmf-dist/tex/generic/pgfplots/pgfplotsplothandlers.c
ode.tex
(/usr/local/texlive/2024/texmf-dist/tex/generic/pgfplots/pgfplotsmeshplothandle
r.code.tex
(/usr/local/texlive/2024/texmf-dist/tex/generic/pgfplots/pgfplotsmeshplotimage.
code.tex)))
(/usr/local/texlive/2024/texmf-dist/tex/generic/pgfplots/pgfplots.scaling.code.
tex)
(/usr/local/texlive/2024/texmf-dist/tex/generic/pgfplots/pgfplotscoordprocessin
g.code.tex)
(/usr/local/texlive/2024/texmf-dist/tex/generic/pgfplots/pgfplots.errorbars.cod
e.tex)
(/usr/local/texlive/2024/texmf-dist/tex/generic/pgfplots/pgfplots.markers.code.
tex)
(/usr/local/texlive/2024/texmf-dist/tex/generic/pgfplots/pgfplotsticks.code.tex
)
(/usr/local/texlive/2024/texmf-dist/tex/generic/pgfplots/pgfplots.paths.code.te
x)
(/usr/local/texlive/2024/texmf-dist/tex/generic/pgf/frontendlayer/tikz/librarie
s/tikzlibrarydecorations.pathmorphing.code.tex
(/usr/local/texlive/2024/texmf-dist/tex/generic/pgf/libraries/decorations/pgfli
brarydecorations.pathmorphing.code.tex))
(/usr/local/texlive/2024/texmf-dist/tex/generic/pgf/frontendlayer/tikz/librarie
s/tikzlibrarydecorations.pathreplacing.code.tex
(/usr/local/texlive/2024/texmf-dist/tex/generic/pgf/libraries/decorations/pgfli
brarydecorations.pathreplacing.code.tex))
(/usr/local/texlive/2024/texmf-dist/tex/generic/pgfplots/libs/tikzlibrarypgfplo
ts.contourlua.code.tex)
\pgfplots@numplots=\count292
\pgfplots@xmin@reg=\dimen269
\pgfplots@xmax@reg=\dimen270
\pgfplots@ymin@reg=\dimen271
\pgfplots@ymax@reg=\dimen272
\pgfplots@zmin@reg=\dimen273
\pgfplots@zmax@reg=\dimen274
)
(/usr/local/texlive/2024/texmf-dist/tex/generic/pgf/frontendlayer/tikz/librarie
s/tikzlibraryplotmarks.code.tex
File: tikzlibraryplotmarks.code.tex 2023-01-15 v3.1.10 (3.1.10)

(/usr/local/texlive/2024/texmf-dist/tex/generic/pgf/libraries/pgflibraryplotmar
ks.code.tex
File: pgflibraryplotmarks.code.tex 2023-01-15 v3.1.10 (3.1.10)
))) (/usr/local/texlive/2024/texmf-dist/tex/latex/bbm-macros/bbm.sty
Package: bbm 1999/03/15 V 1.2 provides fonts for set symbols - TH
LaTeX Font Info:    Overwriting math alphabet `\mathbbm' in version `bold'
(Font)                  U/bbm/m/n --> U/bbm/bx/n on input line 33.
LaTeX Font Info:    Overwriting math alphabet `\mathbbmss' in version `bold'
(Font)                  U/bbmss/m/n --> U/bbmss/bx/n on input line 35.
) (./sphinxmanual.cls
Document Class: sphinxmanual 2019/12/01 v2.3.0 Document class (Sphinx manual)
(/usr/local/texlive/2024/texmf-dist/tex/latex/base/report.cls
Document Class: report 2023/05/17 v1.4n Standard LaTeX document class
(/usr/local/texlive/2024/texmf-dist/tex/latex/base/size10.clo
File: size10.clo 2023/05/17 v1.4n Standard LaTeX file (size option)
)
\c@part=\count293
\c@chapter=\count294
\c@section=\count295
\c@subsection=\count296
\c@subsubsection=\count297
\c@paragraph=\count298
\c@subparagraph=\count299
\c@figure=\count300
\c@table=\count301
\abovecaptionskip=\skip51
\belowcaptionskip=\skip52
\bibindent=\dimen275
)
LaTeX Info: Redefining \and on input line 35.
)
(/usr/local/texlive/2024/texmf-dist/tex/latex/changepage/changepage.sty
Package: changepage 2009/10/20 v1.0c check page and change page layout
\c@cp@cntr=\count302
\cp@tempcnt=\count303
))
\sphinxpxdimen=\dimen276

(/usr/local/texlive/2024/texmf-dist/tex/latex/cmap/cmap.sty
Package: cmap 2021/02/06 v1.0j CMap support: searchable PDF


Package cmap Warning: pdftex not detected - exiting.

) (/usr/local/texlive/2024/texmf-dist/tex/latex/fontspec/fontspec.sty
(/usr/local/texlive/2024/texmf-dist/tex/latex/l3packages/xparse/xparse.sty
(/usr/local/texlive/2024/texmf-dist/tex/latex/l3kernel/expl3.sty
Package: expl3 2024-02-20 L3 programming layer (loader) 

(/usr/local/texlive/2024/texmf-dist/tex/latex/l3backend/l3backend-xetex.def
File: l3backend-xetex.def 2024-02-20 L3 backend support: XeTeX
\g__graphics_track_int=\count304
\l__pdf_internal_box=\box65
\g__pdf_backend_object_int=\count305
\g__pdf_backend_annotation_int=\count306
\g__pdf_backend_link_int=\count307
))
Package: xparse 2024-02-18 L3 Experimental document command parser
)
Package: fontspec 2024/02/13 v2.9a Font selection for XeLaTeX and LuaLaTeX

(/usr/local/texlive/2024/texmf-dist/tex/latex/fontspec/fontspec-xetex.sty
Package: fontspec-xetex 2024/02/13 v2.9a Font selection for XeLaTeX and LuaLaTe
X
\l__fontspec_script_int=\count308
\l__fontspec_language_int=\count309
\l__fontspec_strnum_int=\count310
\l__fontspec_tmp_int=\count311
\l__fontspec_tmpa_int=\count312
\l__fontspec_tmpb_int=\count313
\l__fontspec_tmpc_int=\count314
\l__fontspec_em_int=\count315
\l__fontspec_emdef_int=\count316
\l__fontspec_strong_int=\count317
\l__fontspec_strongdef_int=\count318
\l__fontspec_tmpa_dim=\dimen277
\l__fontspec_tmpb_dim=\dimen278
\l__fontspec_tmpc_dim=\dimen279

(/usr/local/texlive/2024/texmf-dist/tex/latex/base/fontenc.sty
Package: fontenc 2021/04/29 v2.0v Standard LaTeX package
)
(/usr/local/texlive/2024/texmf-dist/tex/latex/fontspec/fontspec.cfg)))
(/usr/local/texlive/2024/texmf-dist/tex/latex/polyglossia/polyglossia.sty
Package: polyglossia 2024/03/07 v2.1 Modern multilingual typesetting with XeLaT
eX and LuaLaTeX

(/usr/local/texlive/2024/texmf-dist/tex/latex/etoolbox/etoolbox.sty
Package: etoolbox 2020/10/05 v2.5k e-TeX tools for LaTeX (JAW)
\etb@tempcnta=\count319
)
(/usr/local/texlive/2024/texmf-dist/tex/latex/xkeyval/xkeyval.sty
Package: xkeyval 2022/06/16 v2.9 package option processing (HA)

(/usr/local/texlive/2024/texmf-dist/tex/generic/xkeyval/xkeyval.tex
(/usr/local/texlive/2024/texmf-dist/tex/generic/xkeyval/xkvutils.tex
\XKV@toks=\toks45
\XKV@tempa@toks=\toks46
)
\XKV@depth=\count320
File: xkeyval.tex 2014/12/03 v2.7a key=value parser (HA)
))
(/usr/local/texlive/2024/texmf-dist/tex/generic/iftex/iftex.sty
Package: iftex 2022/02/03 v1.0f TeX engine tests
)
(/usr/local/texlive/2024/texmf-dist/tex/latex/polyglossia/gloss-latex.ldf
File: gloss-latex.ldf polyglossia: module for default language
)
Package polyglossia Info: Default language is latex.
)
(/usr/local/texlive/2024/texmf-dist/tex/latex/polyglossia/gloss-english.ldf
File: gloss-english.ldf polyglossia: module for English
Package polyglossia Info: Option: English, variant=american.
)
Package polyglossia Info: Default language is english.

Package fontspec Info: Font family 'FreeSerif(0)' created for font 'FreeSerif'
(fontspec)             with options [Extension = .otf,UprightFont =
(fontspec)             *,ItalicFont = *Italic,BoldFont = *Bold,BoldItalicFont
(fontspec)             = *BoldItalic].
(fontspec)              
(fontspec)              This font family consists of the following NFSS
(fontspec)             series/shapes:
(fontspec)              
(fontspec)             - 'normal' (m/n) with NFSS spec.:
(fontspec)             <->"[FreeSerif.otf]/OT:script=latn;language=dflt;"
(fontspec)             - 'small caps'  (m/sc) with NFSS spec.:
(fontspec)             <->"[FreeSerif.otf]/OT:script=latn;language=dflt;+smcp;"

(fontspec)             - 'bold' (b/n) with NFSS spec.:
(fontspec)             <->"[FreeSerifBold.otf]/OT:script=latn;language=dflt;"
(fontspec)             - 'bold small caps'  (b/sc) with NFSS spec.:
(fontspec)             <->"[FreeSerifBold.otf]/OT:script=latn;language=dflt;+sm
cp;"
(fontspec)             - 'italic' (m/it) with NFSS spec.:
(fontspec)             <->"[FreeSerifItalic.otf]/OT:script=latn;language=dflt;"

(fontspec)             - 'italic small caps'  (m/scit) with NFSS spec.: 
(fontspec)             - 'bold italic' (b/it) with NFSS spec.:
(fontspec)             <->"[FreeSerifBoldItalic.otf]/OT:script=latn;language=df
lt;"
(fontspec)             - 'bold italic small caps'  (b/scit) with NFSS spec.: 


Package fontspec Info: Font family 'FreeSans(0)' created for font 'FreeSans'
(fontspec)             with options [Extension = .otf,UprightFont =
(fontspec)             *,ItalicFont = *Oblique,BoldFont = *Bold,BoldItalicFont
(fontspec)             = *BoldOblique].
(fontspec)              
(fontspec)              This font family consists of the following NFSS
(fontspec)             series/shapes:
(fontspec)              
(fontspec)             - 'normal' (m/n) with NFSS spec.:
(fontspec)             <->"[FreeSans.otf]/OT:script=latn;language=dflt;"
(fontspec)             - 'small caps'  (m/sc) with NFSS spec.:
(fontspec)             <->"[FreeSans.otf]/OT:script=latn;language=dflt;+smcp;"
(fontspec)             - 'bold' (b/n) with NFSS spec.:
(fontspec)             <->"[FreeSansBold.otf]/OT:script=latn;language=dflt;"
(fontspec)             - 'bold small caps'  (b/sc) with NFSS spec.:
(fontspec)             <->"[FreeSansBold.otf]/OT:script=latn;language=dflt;+smc
p;"
(fontspec)             - 'italic' (m/it) with NFSS spec.:
(fontspec)             <->"[FreeSansOblique.otf]/OT:script=latn;language=dflt;"

(fontspec)             - 'italic small caps'  (m/scit) with NFSS spec.: 
(fontspec)             - 'bold italic' (b/it) with NFSS spec.:
(fontspec)             <->"[FreeSansBoldOblique.otf]/OT:script=latn;language=df
lt;"
(fontspec)             - 'bold italic small caps'  (b/scit) with NFSS spec.: 


Package fontspec Info: Font family 'FreeMono(0)' created for font 'FreeMono'
(fontspec)             with options [Extension = .otf,UprightFont =
(fontspec)             *,ItalicFont = *Oblique,BoldFont = *Bold,BoldItalicFont
(fontspec)             = *BoldOblique].
(fontspec)              
(fontspec)              This font family consists of the following NFSS
(fontspec)             series/shapes:
(fontspec)              
(fontspec)             - 'normal' (m/n) with NFSS spec.:
(fontspec)             <->"[FreeMono.otf]/OT:script=latn;language=dflt;"
(fontspec)             - 'small caps'  (m/sc) with NFSS spec.: 
(fontspec)             - 'bold' (b/n) with NFSS spec.:
(fontspec)             <->"[FreeMonoBold.otf]/OT:script=latn;language=dflt;"
(fontspec)             - 'bold small caps'  (b/sc) with NFSS spec.: 
(fontspec)             - 'italic' (m/it) with NFSS spec.:
(fontspec)             <->"[FreeMonoOblique.otf]/OT:script=latn;language=dflt;"

(fontspec)             - 'italic small caps'  (m/scit) with NFSS spec.: 
(fontspec)             - 'bold italic' (b/it) with NFSS spec.:
(fontspec)             <->"[FreeMonoBoldOblique.otf]/OT:script=latn;language=df
lt;"
(fontspec)             - 'bold italic small caps'  (b/scit) with NFSS spec.: 


(/usr/local/texlive/2024/texmf-dist/tex/latex/fncychap/fncychap.sty
Package: fncychap 2007/07/30 v1.34 LaTeX package (Revised chapters)
\RW=\skip53
\mylen=\skip54
\myhi=\skip55
\px=\skip56
\py=\skip57
\pyy=\skip58
\pxx=\skip59
\c@AlphaCnt=\count321
\c@AlphaDecCnt=\count322
)
(./sphinx.sty
Package: sphinx 2024/07/01 v7.4.0 Sphinx LaTeX package (sphinx-doc)

(/usr/local/texlive/2024/texmf-dist/tex/generic/ltxcmds/ltxcmds.sty
Package: ltxcmds 2023-12-04 v1.26 LaTeX kernel commands for general use (HO)
)
(/usr/local/texlive/2024/texmf-dist/tex/latex/kvoptions/kvoptions.sty
Package: kvoptions 2022-06-15 v3.15 Key value format for package options (HO)

(/usr/local/texlive/2024/texmf-dist/tex/latex/kvsetkeys/kvsetkeys.sty
Package: kvsetkeys 2022-10-05 v1.19 Key value parser (HO)
))
(./sphinxoptionshyperref.sty
File: sphinxoptionshyperref.sty 2021/01/27 hyperref
) (./sphinxoptionsgeometry.sty
File: sphinxoptionsgeometry.sty 2021/01/27 geometry
)
(/usr/local/texlive/2024/texmf-dist/tex/latex/base/textcomp.sty
Package: textcomp 2020/02/02 v2.0n Standard LaTeX package
)
(/usr/local/texlive/2024/texmf-dist/tex/latex/float/float.sty
Package: float 2001/11/08 v1.3d Float enhancements (AL)
\c@float@type=\count323
\float@exts=\toks47
\float@box=\box66
\@float@everytoks=\toks48
\@floatcapt=\box67
)
(/usr/local/texlive/2024/texmf-dist/tex/latex/wrapfig/wrapfig.sty
\wrapoverhang=\dimen280
\WF@size=\dimen281
\c@WF@wrappedlines=\count324
\WF@box=\box68
\WF@everypar=\toks49
Package: wrapfig 2003/01/31  v 3.6
)
(/usr/local/texlive/2024/texmf-dist/tex/latex/capt-of/capt-of.sty
Package: capt-of 2009/12/29 v0.2 standard captions outside of floats
)
(/usr/local/texlive/2024/texmf-dist/tex/latex/tools/multicol.sty
Package: multicol 2023/03/30 v1.9f multicolumn formatting (FMi)
\c@tracingmulticols=\count325
\mult@box=\box69
\multicol@leftmargin=\dimen282
\c@unbalance=\count326
\c@collectmore=\count327
\doublecol@number=\count328
\multicoltolerance=\count329
\multicolpretolerance=\count330
\full@width=\dimen283
\page@free=\dimen284
\premulticols=\dimen285
\postmulticols=\dimen286
\multicolsep=\skip60
\multicolbaselineskip=\skip61
\partial@page=\box70
\last@line=\box71
\mc@boxedresult=\box72
\maxbalancingoverflow=\dimen287
\mult@rightbox=\box73
\mult@grightbox=\box74
\mult@firstbox=\box75
\mult@gfirstbox=\box76
\@tempa=\box77
\@tempa=\box78
\@tempa=\box79
\@tempa=\box80
\@tempa=\box81
\@tempa=\box82
\@tempa=\box83
\@tempa=\box84
\@tempa=\box85
\@tempa=\box86
\@tempa=\box87
\@tempa=\box88
\@tempa=\box89
\@tempa=\box90
\@tempa=\box91
\@tempa=\box92
\@tempa=\box93
\@tempa=\box94
\@tempa=\box95
\@tempa=\box96
\@tempa=\box97
\@tempa=\box98
\@tempa=\box99
\@tempa=\box100
\@tempa=\box101
\@tempa=\box102
\@tempa=\box103
\@tempa=\box104
\@tempa=\box105
\@tempa=\box106
\@tempa=\box107
\@tempa=\box108
\@tempa=\box109
\@tempa=\box110
\@tempa=\box111
\@tempa=\box112
\c@minrows=\count331
\c@columnbadness=\count332
\c@finalcolumnbadness=\count333
\last@try=\dimen288
\multicolovershoot=\dimen289
\multicolundershoot=\dimen290
\mult@nat@firstbox=\box113
\colbreak@box=\box114
\mc@col@check@num=\count334
)
(./sphinxlatexgraphics.sty
File: sphinxlatexgraphics.sty 2021/01/27 graphics
\spx@image@maxheight=\dimen291
\spx@image@box=\box115
) (./sphinxpackageboxes.sty
Package: sphinxpackageboxes 2024/07/01 v7.4.0 advanced colored boxes

(/usr/local/texlive/2024/texmf-dist/tex/latex/pict2e/pict2e.sty
Package: pict2e 2020/09/30 v0.4b Improved picture commands (HjG,RN,JT)

(/usr/local/texlive/2024/texmf-dist/tex/latex/pict2e/pict2e.cfg
File: pict2e.cfg 2016/02/05 v0.1u pict2e configuration for teTeX/TeXLive
)
Package pict2e Info: Driver file: xetex.def on input line 112.
Package pict2e Info: Driver file for pict2e: p2e-xetex.def on input line 114.

(/usr/local/texlive/2024/texmf-dist/tex/latex/pict2e/p2e-xetex.def
File: p2e-xetex.def 2016/02/05 v0.1u Driver-dependant file (RN,HjG,JT)
)
\pIIe@GRAPH=\toks50
\@arclen=\dimen292
\@arcrad=\dimen293
\pIIe@tempdima=\dimen294
\pIIe@tempdimb=\dimen295
\pIIe@tempdimc=\dimen296
\pIIe@tempdimd=\dimen297
\pIIe@tempdime=\dimen298
\pIIe@tempdimf=\dimen299
)
(/usr/local/texlive/2024/texmf-dist/tex/latex/ellipse/ellipse.sty
Package: ellipse 2004/11/05 v1.0 .dtx ellipse file
)
\@tempdimd=\dimen300
\spx@tempboxa=\box116
\spx@tempboxb=\box117
\spx@boxes@border@top=\dimen301
\spx@boxes@border@right=\dimen302
\spx@boxes@border@bottom=\dimen303
\spx@boxes@border@left=\dimen304
\spx@boxes@padding@top=\dimen305
\spx@boxes@padding@right=\dimen306
\spx@boxes@padding@bottom=\dimen307
\spx@boxes@padding@left=\dimen308
\spx@boxes@shadow@xoffset=\dimen309
\spx@boxes@shadow@yoffset=\dimen310
\spx@boxes@radius@topleft@x=\dimen311
\spx@boxes@radius@topright@x=\dimen312
\spx@boxes@radius@bottomright@x=\dimen313
\spx@boxes@radius@bottomleft@x=\dimen314
\spx@boxes@radius@topleft@y=\dimen315
\spx@boxes@radius@topright@y=\dimen316
\spx@boxes@radius@bottomright@y=\dimen317
\spx@boxes@radius@bottomleft@y=\dimen318
)
(./sphinxlatexadmonitions.sty
File: sphinxlatexadmonitions.sty 2024/07/01 v7.4.0 admonitions

(/usr/local/texlive/2024/texmf-dist/tex/latex/framed/framed.sty
Package: framed 2011/10/22 v 0.96: framed or shaded text with page breaks
\OuterFrameSep=\skip62
\fb@frw=\dimen319
\fb@frh=\dimen320
\FrameRule=\dimen321
\FrameSep=\dimen322
)
\spx@notice@border=\dimen323
\c@sphinxtodo=\count335
)
(./sphinxlatexliterals.sty
File: sphinxlatexliterals.sty 2024/07/01 v7.4.0 code-blocks and parsed literals


(/usr/local/texlive/2024/texmf-dist/tex/latex/fancyvrb/fancyvrb.sty
Package: fancyvrb 2024/01/20 4.5c verbatim text (tvz,hv)
\FV@CodeLineNo=\count336
\FV@InFile=\read3
\FV@TabBox=\box118
\c@FancyVerbLine=\count337
\FV@StepNumber=\count338
\FV@OutFile=\write4
)
(/usr/local/texlive/2024/texmf-dist/tex/latex/base/alltt.sty
Package: alltt 2021/01/29 v2.0g defines alltt environment
)
(/usr/local/texlive/2024/texmf-dist/tex/latex/upquote/upquote.sty
Package: upquote 2012/04/19 v1.3 upright-quote and grave-accent glyphs in verba
tim
)
(/usr/local/texlive/2024/texmf-dist/tex/latex/needspace/needspace.sty
Package: needspace 2010/09/12 v1.3d reserve vertical space
)
\sphinxcontinuationbox=\box119
\sphinxvisiblespacebox=\box120
\sphinxVerbatim@TitleBox=\box121
\sphinxVerbatim@ContentsBox=\box122
)
(./sphinxlatexshadowbox.sty
File: sphinxlatexshadowbox.sty 2023/03/19 sphinxShadowBox
) (./sphinxlatexcontainers.sty
File: sphinxlatexcontainers.sty 2021/05/03 containers
)
(./sphinxhighlight.sty
Package: sphinxhighlight 2022/06/30 stylesheet for highlighting with pygments
) (./sphinxlatextables.sty
File: sphinxlatextables.sty 2024/07/01 v7.4.0 tables

(/usr/local/texlive/2024/texmf-dist/tex/latex/tabulary/tabulary.sty
Package: tabulary 2014/06/11 v0.10 tabulary package (DPC)

(/usr/local/texlive/2024/texmf-dist/tex/latex/tools/array.sty
Package: array 2023/10/16 v2.5g Tabular extension package (FMi)
\col@sep=\dimen324
\ar@mcellbox=\box123
\extrarowheight=\dimen325
\NC@list=\toks51
\extratabsurround=\skip63
\backup@length=\skip64
\ar@cellbox=\box124
)
\TY@count=\count339
\TY@linewidth=\dimen326
\tymin=\dimen327
\tymax=\dimen328
\TY@tablewidth=\dimen329
)
(/usr/local/texlive/2024/texmf-dist/tex/latex/tools/longtable.sty
Package: longtable 2023-11-01 v4.19 Multi-page Table package (DPC)
\LTleft=\skip65
\LTright=\skip66
\LTpre=\skip67
\LTpost=\skip68
\LTchunksize=\count340
\LTcapwidth=\dimen330
\LT@head=\box125
\LT@firsthead=\box126
\LT@foot=\box127
\LT@lastfoot=\box128
\LT@gbox=\box129
\LT@cols=\count341
\LT@rows=\count342
\c@LT@tables=\count343
\c@LT@chunks=\count344
\LT@p@ftn=\toks52
)
(/usr/local/texlive/2024/texmf-dist/tex/latex/varwidth/varwidth.sty
Package: varwidth 2009/03/30 ver 0.92;  Variable-width minipages
\@vwid@box=\box130
\sift@deathcycles=\count345
\@vwid@loff=\dimen331
\@vwid@roff=\dimen332
)
\sphinx@TY@tablewidth=\dimen333

(/usr/local/texlive/2024/texmf-dist/tex/latex/colortbl/colortbl.sty
Package: colortbl 2024/02/20 v1.0g Color table columns (DPC)
\everycr=\toks53
\minrowclearance=\skip69
\rownum=\count346
)
(/usr/local/texlive/2024/texmf-dist/tex/latex/booktabs/booktabs.sty
Package: booktabs 2020/01/12 v1.61803398 Publication quality tables
\heavyrulewidth=\dimen334
\lightrulewidth=\dimen335
\cmidrulewidth=\dimen336
\belowrulesep=\dimen337
\belowbottomsep=\dimen338
\aboverulesep=\dimen339
\abovetopsep=\dimen340
\cmidrulesep=\dimen341
\cmidrulekern=\dimen342
\defaultaddspace=\dimen343
\@cmidla=\count347
\@cmidlb=\count348
\@aboverulesep=\dimen344
\@belowrulesep=\dimen345
\@thisruleclass=\count349
\@lastruleclass=\count350
\@thisrulewidth=\dimen346
))
(./sphinxlatexnumfig.sty
File: sphinxlatexnumfig.sty 2021/01/27 numbering
) (./sphinxlatexlists.sty
File: sphinxlatexlists.sty 2021/12/20 lists
\spx@lineitemlabel=\toks54
)
\c@sphinxscope=\count351
 (./sphinxpackagefootnote.sty
Package: sphinxpackagefootnote 2024/05/17 v7.3.x Sphinx custom footnotehyper pa
ckage (Sphinx team)
\FNH@notes=\box131
\FNH@toks=\toks55
\FNH@width=\dimen347
\c@sphinxfootnotemark=\count352
) (./sphinxlatexindbibtoc.sty
File: sphinxlatexindbibtoc.sty 2021/01/27 index, bib., toc

(/usr/local/texlive/2024/texmf-dist/tex/latex/base/makeidx.sty
Package: makeidx 2021/10/04 v1.0m Standard LaTeX package
))
(./sphinxlatexstylepage.sty
File: sphinxlatexstylepage.sty 2021/01/27 page styling

(/usr/local/texlive/2024/texmf-dist/tex/latex/parskip/parskip.sty
Rollback for package 'parskip' requested -> version 'v1'.
         This corresponds to the release introduced on 2001-04-09.

(/usr/local/texlive/2024/texmf-dist/tex/latex/parskip/parskip-2001-04-09.sty
Package: parskip 2001/04/09 non-zero parskip adjustments
))
(/usr/local/texlive/2024/texmf-dist/tex/latex/fancyhdr/fancyhdr.sty
Package: fancyhdr 2022/11/09 v4.1 Extensive control of page headers and footers

\f@nch@headwidth=\skip70
\f@nch@O@elh=\skip71
\f@nch@O@erh=\skip72
\f@nch@O@olh=\skip73
\f@nch@O@orh=\skip74
\f@nch@O@elf=\skip75
\f@nch@O@erf=\skip76
\f@nch@O@olf=\skip77
\f@nch@O@orf=\skip78
))
(./sphinxlatexstyleheadings.sty
File: sphinxlatexstyleheadings.sty 2023/02/11 headings

(/usr/local/texlive/2024/texmf-dist/tex/latex/titlesec/titlesec.sty
Package: titlesec 2023/10/27 v2.16 Sectioning titles
\ttl@box=\box132
\beforetitleunit=\skip79
\aftertitleunit=\skip80
\ttl@plus=\dimen348
\ttl@minus=\dimen349
\ttl@toksa=\toks56
\titlewidth=\dimen350
\titlewidthlast=\dimen351
\titlewidthfirst=\dimen352
))
(./sphinxlatexstyletext.sty
File: sphinxlatexstyletext.sty 2024/07/01 v7.4.0 text styling
) (./sphinxlatexobjects.sty
File: sphinxlatexobjects.sty 2023/07/23 documentation environments
\sphinxsignaturesep=\skip81
\sphinxsignaturelistskip=\skip82
\py@argswidth=\skip83
\lineblockindentation=\skip84
\DUlineblockindent=\skip85
))
(/usr/local/texlive/2024/texmf-dist/tex/latex/geometry/geometry.sty
Package: geometry 2020/01/02 v5.9 Page Geometry

(/usr/local/texlive/2024/texmf-dist/tex/generic/iftex/ifvtex.sty
Package: ifvtex 2019/10/25 v1.7 ifvtex legacy package. Use iftex instead.
)
\Gm@cnth=\count353
\Gm@cntv=\count354
\c@Gm@tempcnt=\count355
\Gm@bindingoffset=\dimen353
\Gm@wd@mp=\dimen354
\Gm@odd@mp=\dimen355
\Gm@even@mp=\dimen356
\Gm@layoutwidth=\dimen357
\Gm@layoutheight=\dimen358
\Gm@layouthoffset=\dimen359
\Gm@layoutvoffset=\dimen360
\Gm@dimlist=\toks57
)
(/usr/local/texlive/2024/texmf-dist/tex/latex/hyperref/hyperref.sty
Package: hyperref 2024-01-20 v7.01h Hypertext links for LaTeX

(/usr/local/texlive/2024/texmf-dist/tex/generic/kvdefinekeys/kvdefinekeys.sty
Package: kvdefinekeys 2019-12-19 v1.6 Define keys (HO)
)
(/usr/local/texlive/2024/texmf-dist/tex/generic/pdfescape/pdfescape.sty
Package: pdfescape 2019/12/09 v1.15 Implements pdfTeX's escape features (HO)

(/usr/local/texlive/2024/texmf-dist/tex/generic/pdftexcmds/pdftexcmds.sty
Package: pdftexcmds 2020-06-27 v0.33 Utility functions of pdfTeX for LuaTeX (HO
)

(/usr/local/texlive/2024/texmf-dist/tex/generic/infwarerr/infwarerr.sty
Package: infwarerr 2019/12/03 v1.5 Providing info/warning/error messages (HO)
)
Package pdftexcmds Info: \pdf@primitive is available.
Package pdftexcmds Info: \pdf@ifprimitive is available.
Package pdftexcmds Info: \pdfdraftmode not found.
))
(/usr/local/texlive/2024/texmf-dist/tex/latex/hycolor/hycolor.sty
Package: hycolor 2020-01-27 v1.10 Color options for hyperref/bookmark (HO)
)
(/usr/local/texlive/2024/texmf-dist/tex/latex/auxhook/auxhook.sty
Package: auxhook 2019-12-17 v1.6 Hooks for auxiliary files (HO)
)
(/usr/local/texlive/2024/texmf-dist/tex/latex/hyperref/nameref.sty
Package: nameref 2023-11-26 v2.56 Cross-referencing by name of section

(/usr/local/texlive/2024/texmf-dist/tex/latex/refcount/refcount.sty
Package: refcount 2019/12/15 v3.6 Data extraction from label references (HO)
)
(/usr/local/texlive/2024/texmf-dist/tex/generic/gettitlestring/gettitlestring.s
ty
Package: gettitlestring 2019/12/15 v1.6 Cleanup title references (HO)
)
\c@section@level=\count356
)
\@linkdim=\dimen361
\Hy@linkcounter=\count357
\Hy@pagecounter=\count358
 (/usr/local/texlive/2024/texmf-dist/tex/latex/hyperref/pd1enc.def
File: pd1enc.def 2024-01-20 v7.01h Hyperref: PDFDocEncoding definition (HO)
)
(/usr/local/texlive/2024/texmf-dist/tex/generic/intcalc/intcalc.sty
Package: intcalc 2019/12/15 v1.3 Expandable calculations with integers (HO)
)
\Hy@SavedSpaceFactor=\count359

(/usr/local/texlive/2024/texmf-dist/tex/latex/hyperref/puenc.def
File: puenc.def 2024-01-20 v7.01h Hyperref: PDF Unicode definition (HO)
)
Package hyperref Info: Option `hyperindex' set `false' on input line 4062.
Package hyperref Info: Option `unicode' set `true' on input line 4062.
Package hyperref Info: Option `colorlinks' set `true' on input line 4062.
Package hyperref Info: Option `breaklinks' set `true' on input line 4062.
Package hyperref Info: Hyper figures OFF on input line 4179.
Package hyperref Info: Link nesting OFF on input line 4184.
Package hyperref Info: Hyper index OFF on input line 4189.
Package hyperref Info: Plain pages OFF on input line 4194.
Package hyperref Info: Backreferencing OFF on input line 4199.
Package hyperref Info: Implicit mode ON; LaTeX internals redefined.
Package hyperref Info: Bookmarks ON on input line 4446.
\c@Hy@tempcnt=\count360

(/usr/local/texlive/2024/texmf-dist/tex/latex/url/url.sty
\Urlmuskip=\muskip17
Package: url 2013/09/16  ver 3.4  Verb mode for urls, etc.
)
LaTeX Info: Redefining \url on input line 4784.
\XeTeXLinkMargin=\dimen362

(/usr/local/texlive/2024/texmf-dist/tex/generic/bitset/bitset.sty
Package: bitset 2019/12/09 v1.3 Handle bit-vector datatype (HO)

(/usr/local/texlive/2024/texmf-dist/tex/generic/bigintcalc/bigintcalc.sty
Package: bigintcalc 2019/12/15 v1.5 Expandable calculations on big integers (HO
)
))
\Fld@menulength=\count361
\Field@Width=\dimen363
\Fld@charsize=\dimen364
Package hyperref Info: Hyper figures OFF on input line 6063.
Package hyperref Info: Link nesting OFF on input line 6068.
Package hyperref Info: Hyper index OFF on input line 6073.
Package hyperref Info: backreferencing OFF on input line 6078.
Package hyperref Info: Link coloring ON on input line 6081.
Package hyperref Info: Link coloring with OCG OFF on input line 6088.
Package hyperref Info: PDF/A mode OFF on input line 6093.

(/usr/local/texlive/2024/texmf-dist/tex/latex/base/atbegshi-ltx.sty
Package: atbegshi-ltx 2021/01/10 v1.0c Emulation of the original atbegshi
package with kernel methods
)
\Hy@abspage=\count362
\c@Item=\count363
\c@Hfootnote=\count364
)
Package hyperref Info: Driver (autodetected): hxetex.

(/usr/local/texlive/2024/texmf-dist/tex/latex/hyperref/hxetex.def
File: hxetex.def 2024-01-20 v7.01h Hyperref driver for XeTeX

(/usr/local/texlive/2024/texmf-dist/tex/generic/stringenc/stringenc.sty
Package: stringenc 2019/11/29 v1.12 Convert strings between diff. encodings (HO
)
)
\pdfm@box=\box133
\c@Hy@AnnotLevel=\count365
\HyField@AnnotCount=\count366
\Fld@listcount=\count367
\c@bookmark@seq@number=\count368

(/usr/local/texlive/2024/texmf-dist/tex/latex/rerunfilecheck/rerunfilecheck.sty
Package: rerunfilecheck 2022-07-10 v1.10 Rerun checks for auxiliary files (HO)
(/usr/local/texlive/2024/texmf-dist/tex/latex/base/atveryend-ltx.sty
Package: atveryend-ltx 2020/08/19 v1.0a Emulation of the original atveryend pac
kage
with kernel methods
)
(/usr/local/texlive/2024/texmf-dist/tex/generic/uniquecounter/uniquecounter.sty
Package: uniquecounter 2019/12/15 v1.4 Provide unlimited unique counter (HO)
)
Package uniquecounter Info: New unique counter `rerunfilecheck' on input line 2
85.
)
\Hy@SectionHShift=\skip86
) (/usr/local/texlive/2024/texmf-dist/tex/latex/oberdiek/hypcap.sty
Package: hypcap 2016/05/16 v1.12 Adjusting the anchors of captions (HO)

(/usr/local/texlive/2024/texmf-dist/tex/latex/letltxmacro/letltxmacro.sty
Package: letltxmacro 2019/12/03 v1.6 Let assignment for LaTeX macros (HO)
))
(./sphinxmessages.sty
Package: sphinxmessages 2019/01/04 v2.0 Localized LaTeX macros (Sphinx team)
)
(/usr/local/texlive/2024/texmf-dist/tex/xelatex/ucharclasses/ucharclasses.sty
Package: ucharclasses 2022/10/20 v2.6.0 Unicode block character classes for XeL
aTeX

(/usr/local/texlive/2024/texmf-dist/tex/generic/iftex/ifxetex.sty
Package: ifxetex 2019/10/25 v0.7 ifxetex legacy package. Use iftex instead.
)
\AlphabeticPresentationFormsClass=\XeTeXcharclass1
\BasicLatinClass=\XeTeXcharclass2
\CopticClass=\XeTeXcharclass3
\GreekAndCopticClass=\XeTeXcharclass4
\GreekExtendedClass=\XeTeXcharclass5
\LatinExtendedAdditionalClass=\XeTeXcharclass6
\LatinExtendedAClass=\XeTeXcharclass7
\LatinExtendedBClass=\XeTeXcharclass8
\LatinExtendedCClass=\XeTeXcharclass9
\LatinExtendedDClass=\XeTeXcharclass10
\LatinSupplementClass=\XeTeXcharclass11
\CopticEpactNumbersClass=\XeTeXcharclass12
\LatinExtendedEClass=\XeTeXcharclass13
\LatinExtendedFClass=\XeTeXcharclass14
\LatinExtendedGClass=\XeTeXcharclass15
)
(/usr/local/texlive/2024/texmf-dist/tex/latex/unicode-math/unicode-math.sty
Package: unicode-math 2023/08/13 v0.8r Unicode maths in XeLaTeX and LuaLaTeX

(/usr/local/texlive/2024/texmf-dist/tex/latex/unicode-math/unicode-math-xetex.s
ty
Package: unicode-math-xetex 2023/08/13 v0.8r Unicode maths in XeLaTeX and LuaLa
TeX

(/usr/local/texlive/2024/texmf-dist/tex/latex/l3packages/l3keys2e/l3keys2e.sty
Package: l3keys2e 2024-02-18 LaTeX2e option processing using LaTeX3 keys
) (/usr/local/texlive/2024/texmf-dist/tex/latex/base/fix-cm.sty
Package: fix-cm 2020/11/24 v1.1t fixes to LaTeX

(/usr/local/texlive/2024/texmf-dist/tex/latex/base/ts1enc.def
File: ts1enc.def 2001/06/05 v3.0e (jk/car/fm) Standard LaTeX file
LaTeX Font Info:    Redeclaring font encoding TS1 on input line 47.
))
\g__um_fam_int=\count369
\g__um_fonts_used_int=\count370
\l__um_primecount_int=\count371
\g__um_primekern_muskip=\muskip18

(/usr/local/texlive/2024/texmf-dist/tex/latex/unicode-math/unicode-math-table.t
ex)))
Package hyperref Info: Option `psdextra' set `true' on input line 85.
 (/usr/local/texlive/2024/texmf-dist/tex/latex/hyperref/psdextra.def
File: psdextra.def 2024-01-20 v7.01h Hyperref: Additions to PDF string support
)
\@indexfile=\write5
\openout5 = `sfml_practical_handbook.idx'.


Writing index file sfml_practical_handbook.idx
(./sfml_practical_handbook.aux)
\openout1 = `sfml_practical_handbook.aux'.

LaTeX Font Info:    Checking defaults for OML/cmm/m/it on input line 96.
LaTeX Font Info:    ... okay on input line 96.
LaTeX Font Info:    Checking defaults for OMS/cmsy/m/n on input line 96.
LaTeX Font Info:    ... okay on input line 96.
LaTeX Font Info:    Checking defaults for OT1/cmr/m/n on input line 96.
LaTeX Font Info:    ... okay on input line 96.
LaTeX Font Info:    Checking defaults for T1/cmr/m/n on input line 96.
LaTeX Font Info:    ... okay on input line 96.
LaTeX Font Info:    Checking defaults for TS1/cmr/m/n on input line 96.
LaTeX Font Info:    ... okay on input line 96.
LaTeX Font Info:    Checking defaults for TU/lmr/m/n on input line 96.
LaTeX Font Info:    ... okay on input line 96.
LaTeX Font Info:    Checking defaults for OMX/cmex/m/n on input line 96.
LaTeX Font Info:    ... okay on input line 96.
LaTeX Font Info:    Checking defaults for U/cmr/m/n on input line 96.
LaTeX Font Info:    ... okay on input line 96.
LaTeX Font Info:    Checking defaults for PD1/pdf/m/n on input line 96.
LaTeX Font Info:    ... okay on input line 96.
LaTeX Font Info:    Checking defaults for PU/pdf/m/n on input line 96.
LaTeX Font Info:    ... okay on input line 96.


Package pgfplots Warning: running in backwards compatibility mode (unsuitable t
ick labels; missing features). Consider writing \pgfplotsset{compat=1.18} into 
your preamble.
 on input line 96.

(/usr/local/texlive/2024/texmf-dist/tex/latex/fontawesome5/fontawesome5.sty
Package: fontawesome5 2022/05/02 v5.15.4 Font Awesome 5

(/usr/local/texlive/2024/texmf-dist/tex/latex/fontawesome5/fontawesome5-utex-he
lper.sty
Package: fontawesome5-utex-helper 2022/05/02 v5.15.4 uTeX helper for fontawesom
e5
LaTeX Font Info:    Trying to load font information for TU+fontawesomefree on i
nput line 69.

(/usr/local/texlive/2024/texmf-dist/tex/latex/fontawesome5/tufontawesomefree.fd
)
LaTeX Font Info:    Trying to load font information for TU+fontawesomebrands on
 input line 70.

(/usr/local/texlive/2024/texmf-dist/tex/latex/fontawesome5/tufontawesomebrands.
fd)))
\c@literalblock=\count372

*geometry* driver: auto-detecting
*geometry* detected driver: xetex
*geometry* verbose mode - [ preamble ] result:
* driver: xetex
* paper: letterpaper
* layout: <same size as paper>
* layoutoffset:(h,v)=(0.0pt,0.0pt)
* modes: twoside 
* h-part:(L,W,R)=(72.26999pt, 469.75502pt, 72.26999pt)
* v-part:(T,H,B)=(72.26999pt, 650.43001pt, 72.26999pt)
* \paperwidth=614.295pt
* \paperheight=794.96999pt
* \textwidth=469.75502pt
* \textheight=650.43001pt
* \oddsidemargin=0.0pt
* \evensidemargin=0.0pt
* \topmargin=-37.0pt
* \headheight=12.0pt
* \headsep=25.0pt
* \topskip=10.0pt
* \footskip=30.0pt
* \marginparwidth=36.135pt
* \marginparsep=11.0pt
* \columnsep=10.0pt
* \skip\footins=9.0pt plus 4.0pt minus 2.0pt
* \hoffset=0.0pt
* \voffset=0.0pt
* \mag=1000
* \@twocolumnfalse
* \@twosidetrue
* \@mparswitchtrue
* \@reversemarginfalse
* (1in=72.27pt=25.4mm, 1cm=28.453pt)

Package hyperref Info: Link coloring ON on input line 96.
(./sfml_practical_handbook.out) (./sfml_practical_handbook.out)
\@outlinefile=\write6
\openout6 = `sfml_practical_handbook.out'.

LaTeX Font Info:    Overwriting math alphabet `\mathrm' in version `normal'
(Font)                  OT1/cmr/m/n --> TU/FreeSerif(0)/m/n on input line 96.
LaTeX Font Info:    Overwriting math alphabet `\mathit' in version `normal'
(Font)                  OT1/cmr/m/it --> TU/FreeSerif(0)/m/it on input line 96.

LaTeX Font Info:    Overwriting math alphabet `\mathbf' in version `normal'
(Font)                  OT1/cmr/bx/n --> TU/FreeSerif(0)/b/n on input line 96.
LaTeX Font Info:    Overwriting math alphabet `\mathsf' in version `normal'
(Font)                  OT1/cmss/m/n --> TU/FreeSans(0)/m/n on input line 96.
LaTeX Font Info:    Overwriting math alphabet `\mathsf' in version `bold'
(Font)                  OT1/cmss/bx/n --> TU/FreeSans(0)/b/n on input line 96.
LaTeX Font Info:    Overwriting math alphabet `\mathtt' in version `normal'
(Font)                  OT1/cmtt/m/n --> TU/FreeMono(0)/m/n on input line 96.
LaTeX Font Info:    Overwriting math alphabet `\mathtt' in version `bold'
(Font)                  OT1/cmtt/m/n --> TU/FreeMono(0)/b/n on input line 96.

Package fontspec Info: Font family 'latinmodern-math.otf(0)' created for font
(fontspec)             'latinmodern-math.otf' with options
(fontspec)             [BoldItalicFont={},ItalicFont={},SmallCapsFont={},Script
=Math,BoldFont={latinmodern-math.otf}].
(fontspec)              
(fontspec)              This font family consists of the following NFSS
(fontspec)             series/shapes:
(fontspec)              
(fontspec)             - 'normal' (m/n) with NFSS spec.:
(fontspec)             <->"[latinmodern-math.otf]/OT:script=math;language=dflt;
"
(fontspec)             - 'small caps'  (m/sc) with NFSS spec.: 
(fontspec)             - 'bold' (b/n) with NFSS spec.:
(fontspec)             <->"[latinmodern-math.otf]/OT:script=math;language=dflt;
"
(fontspec)             - 'bold small caps'  (b/sc) with NFSS spec.: 


Package fontspec Info: Font family 'latinmodern-math.otf(1)' created for font
(fontspec)             'latinmodern-math.otf' with options
(fontspec)             [BoldItalicFont={},ItalicFont={},SmallCapsFont={},Script
=Math,SizeFeatures={{Size=8.5-},{Size=6-8.5,Font=latinmodern-math.otf,Style=Mat
hScript},{Size=-6,Font=latinmodern-math.otf,Style=MathScriptScript}},BoldFont={
latinmodern-math.otf}].
(fontspec)              
(fontspec)              This font family consists of the following NFSS
(fontspec)             series/shapes:
(fontspec)              
(fontspec)             - 'normal' (m/n) with NFSS spec.:
(fontspec)             <8.5->"[latinmodern-math.otf]/OT:script=math;language=df
lt;"<6-8.5>"[latinmodern-math.otf]/OT:script=math;language=dflt;+ssty=0;"<-6>"[
latinmodern-math.otf]/OT:script=math;language=dflt;+ssty=1;"
(fontspec)             - 'small caps'  (m/sc) with NFSS spec.: 
(fontspec)             - 'bold' (b/n) with NFSS spec.:
(fontspec)             <->"[latinmodern-math.otf]/OT:script=math;language=dflt;
"
(fontspec)             - 'bold small caps'  (b/sc) with NFSS spec.: 

LaTeX Font Info:    Encoding `OT1' has changed to `TU' for symbol font
(Font)              `operators' in the math version `normal' on input line 96.
LaTeX Font Info:    Overwriting symbol font `operators' in version `normal'
(Font)                  OT1/cmr/m/n --> TU/latinmodern-math.otf(1)/m/n on input
 line 96.
LaTeX Font Info:    Encoding `OT1' has changed to `TU' for symbol font
(Font)              `operators' in the math version `bold' on input line 96.
LaTeX Font Info:    Overwriting symbol font `operators' in version `bold'
(Font)                  OT1/cmr/bx/n --> TU/latinmodern-math.otf(1)/b/n on inpu
t line 96.

Package fontspec Info: latinmodern-math scale = 1.0001.


Package fontspec Info: latinmodern-math scale = 1.0001.


Package fontspec Info: latinmodern-math scale = 1.0001.


Package fontspec Info: latinmodern-math scale = 1.0001.


Package fontspec Info: latinmodern-math scale = 1.0001.


Package fontspec Info: Font family 'latinmodern-math.otf(2)' created for font
(fontspec)             'latinmodern-math.otf' with options
(fontspec)             [BoldItalicFont={},ItalicFont={},SmallCapsFont={},Script
=Math,SizeFeatures={{Size=8.5-},{Size=6-8.5,Font=latinmodern-math.otf,Style=Mat
hScript},{Size=-6,Font=latinmodern-math.otf,Style=MathScriptScript}},BoldFont={
latinmodern-math.otf},ScaleAgain=1.0001,FontAdjustment={\fontdimen
(fontspec)             8\font =6.77pt\relax \fontdimen 9\font =3.94pt\relax
(fontspec)             \fontdimen 10\font =4.44pt\relax \fontdimen 11\font
(fontspec)             =6.86pt\relax \fontdimen 12\font =3.45pt\relax
(fontspec)             \fontdimen 13\font =3.63pt\relax \fontdimen 14\font
(fontspec)             =3.63pt\relax \fontdimen 15\font =2.89pt\relax
(fontspec)             \fontdimen 16\font =2.47pt\relax \fontdimen 17\font
(fontspec)             =2.47pt\relax \fontdimen 18\font =2.5pt\relax
(fontspec)             \fontdimen 19\font =2.0pt\relax \fontdimen 22\font
(fontspec)             =2.5pt\relax \fontdimen 20\font =0pt\relax \fontdimen
(fontspec)             21\font =0pt\relax }].
(fontspec)              
(fontspec)              This font family consists of the following NFSS
(fontspec)             series/shapes:
(fontspec)              
(fontspec)             - 'normal' (m/n) with NFSS spec.:
(fontspec)             <8.5->s*[1.0001]"[latinmodern-math.otf]/OT:script=math;l
anguage=dflt;"<6-8.5>s*[1.0001]"[latinmodern-math.otf]/OT:script=math;language=
dflt;+ssty=0;"<-6>s*[1.0001]"[latinmodern-math.otf]/OT:script=math;language=dfl
t;+ssty=1;"
(fontspec)             - 'small caps'  (m/sc) with NFSS spec.: 
(fontspec)             and font adjustment code:
(fontspec)             \fontdimen 8\font =6.77pt\relax \fontdimen 9\font
(fontspec)             =3.94pt\relax \fontdimen 10\font =4.44pt\relax
(fontspec)             \fontdimen 11\font =6.86pt\relax \fontdimen 12\font
(fontspec)             =3.45pt\relax \fontdimen 13\font =3.63pt\relax
(fontspec)             \fontdimen 14\font =3.63pt\relax \fontdimen 15\font
(fontspec)             =2.89pt\relax \fontdimen 16\font =2.47pt\relax
(fontspec)             \fontdimen 17\font =2.47pt\relax \fontdimen 18\font
(fontspec)             =2.5pt\relax \fontdimen 19\font =2.0pt\relax \fontdimen
(fontspec)             22\font =2.5pt\relax \fontdimen 20\font =0pt\relax
(fontspec)             \fontdimen 21\font =0pt\relax 
(fontspec)             - 'bold' (b/n) with NFSS spec.:
(fontspec)             <->s*[1.0001]"[latinmodern-math.otf]/OT:script=math;lang
uage=dflt;"
(fontspec)             - 'bold small caps'  (b/sc) with NFSS spec.: 
(fontspec)             and font adjustment code:
(fontspec)             \fontdimen 8\font =6.77pt\relax \fontdimen 9\font
(fontspec)             =3.94pt\relax \fontdimen 10\font =4.44pt\relax
(fontspec)             \fontdimen 11\font =6.86pt\relax \fontdimen 12\font
(fontspec)             =3.45pt\relax \fontdimen 13\font =3.63pt\relax
(fontspec)             \fontdimen 14\font =3.63pt\relax \fontdimen 15\font
(fontspec)             =2.89pt\relax \fontdimen 16\font =2.47pt\relax
(fontspec)             \fontdimen 17\font =2.47pt\relax \fontdimen 18\font
(fontspec)             =2.5pt\relax \fontdimen 19\font =2.0pt\relax \fontdimen
(fontspec)             22\font =2.5pt\relax \fontdimen 20\font =0pt\relax
(fontspec)             \fontdimen 21\font =0pt\relax 

LaTeX Font Info:    Encoding `OMS' has changed to `TU' for symbol font
(Font)              `symbols' in the math version `normal' on input line 96.
LaTeX Font Info:    Overwriting symbol font `symbols' in version `normal'
(Font)                  OMS/cmsy/m/n --> TU/latinmodern-math.otf(2)/m/n on inpu
t line 96.
LaTeX Font Info:    Encoding `OMS' has changed to `TU' for symbol font
(Font)              `symbols' in the math version `bold' on input line 96.
LaTeX Font Info:    Overwriting symbol font `symbols' in version `bold'
(Font)                  OMS/cmsy/b/n --> TU/latinmodern-math.otf(2)/b/n on inpu
t line 96.

Package fontspec Info: latinmodern-math scale = 0.9999.


Package fontspec Info: latinmodern-math scale = 0.9999.


Package fontspec Info: latinmodern-math scale = 0.9999.


Package fontspec Info: latinmodern-math scale = 0.9999.


Package fontspec Info: latinmodern-math scale = 0.9999.


Package fontspec Info: Font family 'latinmodern-math.otf(3)' created for font
(fontspec)             'latinmodern-math.otf' with options
(fontspec)             [BoldItalicFont={},ItalicFont={},SmallCapsFont={},Script
=Math,SizeFeatures={{Size=8.5-},{Size=6-8.5,Font=latinmodern-math.otf,Style=Mat
hScript},{Size=-6,Font=latinmodern-math.otf,Style=MathScriptScript}},BoldFont={
latinmodern-math.otf},ScaleAgain=0.9999,FontAdjustment={\fontdimen
(fontspec)             8\font =0.4pt\relax \fontdimen 9\font =2.0pt\relax
(fontspec)             \fontdimen 10\font =1.67pt\relax \fontdimen 11\font
(fontspec)             =1.11pt\relax \fontdimen 12\font =6.0pt\relax
(fontspec)             \fontdimen 13\font =0pt\relax }].
(fontspec)              
(fontspec)              This font family consists of the following NFSS
(fontspec)             series/shapes:
(fontspec)              
(fontspec)             - 'normal' (m/n) with NFSS spec.:
(fontspec)             <8.5->s*[0.9999]"[latinmodern-math.otf]/OT:script=math;l
anguage=dflt;"<6-8.5>s*[0.9999]"[latinmodern-math.otf]/OT:script=math;language=
dflt;+ssty=0;"<-6>s*[0.9999]"[latinmodern-math.otf]/OT:script=math;language=dfl
t;+ssty=1;"
(fontspec)             - 'small caps'  (m/sc) with NFSS spec.: 
(fontspec)             and font adjustment code:
(fontspec)             \fontdimen 8\font =0.4pt\relax \fontdimen 9\font
(fontspec)             =2.0pt\relax \fontdimen 10\font =1.67pt\relax
(fontspec)             \fontdimen 11\font =1.11pt\relax \fontdimen 12\font
(fontspec)             =6.0pt\relax \fontdimen 13\font =0pt\relax 
(fontspec)             - 'bold' (b/n) with NFSS spec.:
(fontspec)             <->s*[0.9999]"[latinmodern-math.otf]/OT:script=math;lang
uage=dflt;"
(fontspec)             - 'bold small caps'  (b/sc) with NFSS spec.: 
(fontspec)             and font adjustment code:
(fontspec)             \fontdimen 8\font =0.4pt\relax \fontdimen 9\font
(fontspec)             =2.0pt\relax \fontdimen 10\font =1.67pt\relax
(fontspec)             \fontdimen 11\font =1.11pt\relax \fontdimen 12\font
(fontspec)             =6.0pt\relax \fontdimen 13\font =0pt\relax 

LaTeX Font Info:    Encoding `OMX' has changed to `TU' for symbol font
(Font)              `largesymbols' in the math version `normal' on input line 9
6.
LaTeX Font Info:    Overwriting symbol font `largesymbols' in version `normal'
(Font)                  OMX/cmex/m/n --> TU/latinmodern-math.otf(3)/m/n on inpu
t line 96.
LaTeX Font Info:    Encoding `OMX' has changed to `TU' for symbol font
(Font)              `largesymbols' in the math version `bold' on input line 96.

LaTeX Font Info:    Overwriting symbol font `largesymbols' in version `bold'
(Font)                  OMX/cmex/m/n --> TU/latinmodern-math.otf(3)/b/n on inpu
t line 96.
LaTeX Info: Redefining \rmfamily on input line 96.
LaTeX Info: Redefining \sffamily on input line 96.
LaTeX Info: Redefining \ttfamily on input line 96.
Package hyperref Info: Option `pageanchor' set `false' on input line 99.

(/usr/local/texlive/2024/texmf-dist/tex/generic/stringenc/se-ascii-print.def
File: se-ascii-print.def 2019/11/29 v1.12 stringenc: Printable ASCII characters

)
LaTeX Font Info:    Font shape `TU/latinmodern-math.otf(2)/m/n' will be
(Font)              scaled to size 17.28183pt on input line 99.
LaTeX Font Info:    Font shape `TU/latinmodern-math.otf(2)/m/n' will be
(Font)              scaled to size 12.00128pt on input line 99.
LaTeX Font Info:    Font shape `TU/latinmodern-math.otf(2)/m/n' will be
(Font)              scaled to size 10.00107pt on input line 99.
LaTeX Font Info:    Font shape `TU/latinmodern-math.otf(3)/m/n' will be
(Font)              scaled to size 17.27815pt on input line 99.
LaTeX Font Info:    Font shape `TU/latinmodern-math.otf(3)/m/n' will be
(Font)              scaled to size 11.99872pt on input line 99.
LaTeX Font Info:    Font shape `TU/latinmodern-math.otf(3)/m/n' will be
(Font)              scaled to size 9.99893pt on input line 99.
LaTeX Font Info:    Trying to load font information for U+msa on input line 99.


(/usr/local/texlive/2024/texmf-dist/tex/latex/amsfonts/umsa.fd
File: umsa.fd 2013/01/14 v3.01 AMS symbols A
)
LaTeX Font Info:    Trying to load font information for U+msb on input line 99.


(/usr/local/texlive/2024/texmf-dist/tex/latex/amsfonts/umsb.fd
File: umsb.fd 2013/01/14 v3.01 AMS symbols B
)
LaTeX Font Info:    Trying to load font information for U+rsfs on input line 99
.

(/usr/local/texlive/2024/texmf-dist/tex/latex/jknapltx/ursfs.fd
File: ursfs.fd 1998/03/24 rsfs font definition file (jk)
) [1

] [2


]
(./sfml_practical_handbook.toc
LaTeX Info: Redefining \rmfamily on input line 1.
LaTeX Info: Redefining \sffamily on input line 1.
LaTeX Info: Redefining \ttfamily on input line 1.
LaTeX Font Info:    Font shape `TU/latinmodern-math.otf(2)/m/n' will be
(Font)              scaled to size 7.00075pt on input line 3.
LaTeX Font Info:    Font shape `TU/latinmodern-math.otf(2)/m/n' will be
(Font)              scaled to size 5.00053pt on input line 3.
LaTeX Font Info:    Font shape `TU/latinmodern-math.otf(3)/m/n' will be
(Font)              scaled to size 6.99925pt on input line 3.
LaTeX Font Info:    Font shape `TU/latinmodern-math.otf(3)/m/n' will be
(Font)              scaled to size 4.99947pt on input line 3.
 [1

] [2] [3])
\tf@toc=\write7
\openout7 = `sfml_practical_handbook.toc'.

 [4]
Missing character: There is no ️ (U+FE0F) in font [FreeSerif.otf]/OT:script=lat
n;language=dflt;!
Missing character: There is no ️ (U+FE0F) in font [FreeSerif.otf]/OT:script=lat
n;language=dflt;!
Missing character: There is no ️ (U+FE0F) in font [FreeSerif.otf]/OT:script=lat
n;language=dflt;!
Missing character: There is no ️ (U+FE0F) in font [FreeSerif.otf]/OT:script=lat
n;language=dflt;!
Missing character: There is no 📜 (U+1F4DC) in font [FreeSerif.otf]/OT:script=la
tn;language=dflt;!
[1

] [2

]
Chapter 1.
[3] [4] [5] [6]
Chapter 2.
[7

]

! Package array Error: Empty preamble: `l' used.

See the array package documentation for explanation.
Type  H <return>  for immediate help.
 ...                                              
                                                  
l.638 \right]\end{split}
                        
? 
! Extra alignment tab has been changed to \cr.
<template> \endtemplate 
                        
l.638 \right]\end{split}
                        
? 
! Extra alignment tab has been changed to \cr.
<template> \endtemplate 
                        
l.638 \right]\end{split}
                        
? c
Type <return> to proceed, S to scroll future error messages,
R to run without stopping, Q to run quietly,
I to insert something, E to edit your file,
1 or ... or 9 to ignore the next 1 to 9 tokens of input,
H for help, X to quit.
? 

! Package array Error: Empty preamble: `l' used.

See the array package documentation for explanation.
Type  H <return>  for immediate help.
 ...                                              
                                                  
l.638 \right]\end{split}
                        
? 
! Extra alignment tab has been changed to \cr.
<template> \endtemplate 
                        
l.638 \right]\end{split}
                        
? 
! Extra alignment tab has been changed to \cr.
<template> \endtemplate 
                        
l.638 \right]\end{split}
                        
? 

! Package array Error: Empty preamble: `l' used.

See the array package documentation for explanation.
Type  H <return>  for immediate help.
 ...                                              
                                                  
l.644 \right]\end{split}
                        
? 
! Extra alignment tab has been changed to \cr.
<template> \endtemplate 
                        
l.644 \right]\end{split}
                        
? 
! Extra alignment tab has been changed to \cr.
<template> \endtemplate 
                        
l.644 \right]\end{split}
                        
? 
! Extra alignment tab has been changed to \cr.
<template> \endtemplate 
                        
l.644 \right]\end{split}
                        
? 
! Extra alignment tab has been changed to \cr.
<template> \endtemplate 
                        
l.644 \right]\end{split}
                        
? 
! Extra alignment tab has been changed to \cr.
<template> \endtemplate 
                        
l.644 \right]\end{split}
                        
? 
! Extra alignment tab has been changed to \cr.
<template> \endtemplate 
                        
l.644 \right]\end{split}
                        
? 
! Extra alignment tab has been changed to \cr.
<template> \endtemplate 
                        
l.644 \right]\end{split}
                        
? 

! Package array Error: Empty preamble: `l' used.

See the array package documentation for explanation.
Type  H <return>  for immediate help.
 ...                                              
                                                  
l.644 \right]\end{split}
                        
? 
! Extra alignment tab has been changed to \cr.
<template> \endtemplate 
                        
l.644 \right]\end{split}
                        
? 
! Extra alignment tab has been changed to \cr.
<template> \endtemplate 
                        
l.644 \right]\end{split}
                        
? 
! Extra alignment tab has been changed to \cr.
<template> \endtemplate 
                        
l.644 \right]\end{split}
                        
? 
! Extra alignment tab has been changed to \cr.
<template> \endtemplate 
                        
l.644 \right]\end{split}
                        
? 
! Extra alignment tab has been changed to \cr.
<template> \endtemplate 
                        
l.644 \right]\end{split}
                        
? 
! Extra alignment tab has been changed to \cr.
<template> \endtemplate 
                        
l.644 \right]\end{split}
                        
? 
! Extra alignment tab has been changed to \cr.
<template> \endtemplate 
                        
l.644 \right]\end{split}
                        
? 
[8]

! Package array Error: Empty preamble: `l' used.

See the array package documentation for explanation.
Type  H <return>  for immediate help.
 ...                                              
                                                  
l.650 \right]\end{split}
                        
? 
! Extra alignment tab has been changed to \cr.
<template> \endtemplate 
                        
l.650 \right]\end{split}
                        
? 
! Extra alignment tab has been changed to \cr.
<template> \endtemplate 
                        
l.650 \right]\end{split}
                        
? 
! Extra alignment tab has been changed to \cr.
<template> \endtemplate 
                        
l.650 \right]\end{split}
                        
? 
! Extra alignment tab has been changed to \cr.
<template> \endtemplate 
                        
l.650 \right]\end{split}
                        
? 
! Extra alignment tab has been changed to \cr.
<template> \endtemplate 
                        
l.650 \right]\end{split}
                        
? 
! Extra alignment tab has been changed to \cr.
<template> \endtemplate 
                        
l.650 \right]\end{split}
                        
? 
! Extra alignment tab has been changed to \cr.
<template> \endtemplate 
                        
l.650 \right]\end{split}
                        
? 
! Extra alignment tab has been changed to \cr.
<template> \endtemplate 
                        
l.650 \right]\end{split}
                        
? 
! Extra alignment tab has been changed to \cr.
<template> \endtemplate 
                        
l.650 \right]\end{split}
                        
? 

! Package array Error: Empty preamble: `l' used.

See the array package documentation for explanation.
Type  H <return>  for immediate help.
 ...                                              
                                                  
l.650 \right]\end{split}
                        
? 
! Extra alignment tab has been changed to \cr.
<template> \endtemplate 
                        
l.650 \right]\end{split}
                        
? 
! Extra alignment tab has been changed to \cr.
<template> \endtemplate 
                        
l.650 \right]\end{split}
                        
? 
! Extra alignment tab has been changed to \cr.
<template> \endtemplate 
                        
l.650 \right]\end{split}
                        
? 
! Extra alignment tab has been changed to \cr.
<template> \endtemplate 
                        
l.650 \right]\end{split}
                        
? 
! Extra alignment tab has been changed to \cr.
<template> \endtemplate 
                        
l.650 \right]\end{split}
                        
? 
! Extra alignment tab has been changed to \cr.
<template> \endtemplate 
                        
l.650 \right]\end{split}
                        
? 
! Extra alignment tab has been changed to \cr.
<template> \endtemplate 
                        
l.650 \right]\end{split}
                        
? 
! Extra alignment tab has been changed to \cr.
<template> \endtemplate 
                        
l.650 \right]\end{split}
                        
? 
! Extra alignment tab has been changed to \cr.
<template> \endtemplate 
                        
l.650 \right]\end{split}
                        
? 

! Package array Error: Empty preamble: `l' used.

See the array package documentation for explanation.
Type  H <return>  for immediate help.
 ...                                              
                                                  
l.656 \right]\end{split}
                        
? 
! Extra alignment tab has been changed to \cr.
<template> \endtemplate 
                        
l.656 \right]\end{split}
                        
? 
! Extra alignment tab has been changed to \cr.
<template> \endtemplate 
                        
l.656 \right]\end{split}
                        
? 
! Extra alignment tab has been changed to \cr.
<template> \endtemplate 
                        
l.656 \right]\end{split}
                        
? 
! Extra alignment tab has been changed to \cr.
<template> \endtemplate 
                        
l.656 \right]\end{split}
                        
? 
! Extra alignment tab has been changed to \cr.
<template> \endtemplate 
                        
l.656 \right]\end{split}
                        
? 
! Extra alignment tab has been changed to \cr.
<template> \endtemplate 
                        
l.656 \right]\end{split}
                        
? 
! Extra alignment tab has been changed to \cr.
<template> \endtemplate 
                        
l.656 \right]\end{split}
                        
? 
! Extra alignment tab has been changed to \cr.
<template> \endtemplate 
                        
l.656 \right]\end{split}
                        
? 
! Extra alignment tab has been changed to \cr.
<template> \endtemplate 
                        
l.656 \right]\end{split}
                        
? 

! Package array Error: Empty preamble: `l' used.

See the array package documentation for explanation.
Type  H <return>  for immediate help.
 ...                                              
                                                  
l.656 \right]\end{split}
                        
? 
! Extra alignment tab has been changed to \cr.
<template> \endtemplate 
                        
l.656 \right]\end{split}
                        
? 
! Extra alignment tab has been changed to \cr.
<template> \endtemplate 
                        
l.656 \right]\end{split}
                        
? 
! Extra alignment tab has been changed to \cr.
<template> \endtemplate 
                        
l.656 \right]\end{split}
                        
? 
! Extra alignment tab has been changed to \cr.
<template> \endtemplate 
                        
l.656 \right]\end{split}
                        
? 
! Extra alignment tab has been changed to \cr.
<template> \endtemplate 
                        
l.656 \right]\end{split}
                        
? 
! Extra alignment tab has been changed to \cr.
<template> \endtemplate 
                        
l.656 \right]\end{split}
                        
? 
! Extra alignment tab has been changed to \cr.
<template> \endtemplate 
                        
l.656 \right]\end{split}
                        
? 
! Extra alignment tab has been changed to \cr.
<template> \endtemplate 
                        
l.656 \right]\end{split}
                        
? 
! Extra alignment tab has been changed to \cr.
<template> \endtemplate 
                        
l.656 \right]\end{split}
                        
? 

! Package array Error: Empty preamble: `l' used.

See the array package documentation for explanation.
Type  H <return>  for immediate help.
 ...                                              
                                                  
l.664 \right]\end{split}
                        
? 
! Extra alignment tab has been changed to \cr.
<template> \endtemplate 
                        
l.664 \right]\end{split}
                        
? 
! Extra alignment tab has been changed to \cr.
<template> \endtemplate 
                        
l.664 \right]\end{split}
                        
? 
! Extra alignment tab has been changed to \cr.
<template> \endtemplate 
                        
l.664 \right]\end{split}
                        
? 
! Extra alignment tab has been changed to \cr.
<template> \endtemplate 
                        
l.664 \right]\end{split}
                        
? 
! Extra alignment tab has been changed to \cr.
<template> \endtemplate 
                        
l.664 \right]\end{split}
                        
? 
! Extra alignment tab has been changed to \cr.
<template> \endtemplate 
                        
l.664 \right]\end{split}
                        
? 

! Package array Error: Empty preamble: `l' used.

See the array package documentation for explanation.
Type  H <return>  for immediate help.
 ...                                              
                                                  
l.664 \right]\end{split}
                        
? 
! Extra alignment tab has been changed to \cr.
<template> \endtemplate 
                        
l.664 \right]\end{split}
                        
? 
! Extra alignment tab has been changed to \cr.
<template> \endtemplate 
                        
l.664 \right]\end{split}
                        
? 
! Extra alignment tab has been changed to \cr.
<template> \endtemplate 
                        
l.664 \right]\end{split}
                        
? 
! Extra alignment tab has been changed to \cr.
<template> \endtemplate 
                        
l.664 \right]\end{split}
                        
? 
! Extra alignment tab has been changed to \cr.
<template> \endtemplate 
                        
l.664 \right]\end{split}
                        
? 
! Extra alignment tab has been changed to \cr.
<template> \endtemplate 
                        
l.664 \right]\end{split}
                        
? 
[9] [10]

! Package array Error: Empty preamble: `l' used.

See the array package documentation for explanation.
Type  H <return>  for immediate help.
 ...                                              
                                                  
l.828 \right]\end{split}
                        
? 
! Extra alignment tab has been changed to \cr.
<template> \endtemplate 
                        
l.828 \right]\end{split}
                        
? 
! Extra alignment tab has been changed to \cr.
<template> \endtemplate 
                        
l.828 \right]\end{split}
                        
? 
! Extra alignment tab has been changed to \cr.
<template> \endtemplate 
                        
l.828 \right]\end{split}
                        
? 
! Extra alignment tab has been changed to \cr.
<template> \endtemplate 
                        
l.828 \right]\end{split}
                        
? 

! Package array Error: Empty preamble: `l' used.

See the array package documentation for explanation.
Type  H <return>  for immediate help.
 ...                                              
                                                  
l.828 \right]\end{split}
                        
? 
! Extra alignment tab has been changed to \cr.
<template> \endtemplate 
                        
l.828 \right]\end{split}
                        
? 
! Extra alignment tab has been changed to \cr.
<template> \endtemplate 
                        
l.828 \right]\end{split}
                        
? 
! Extra alignment tab has been changed to \cr.
<template> \endtemplate 
                        
l.828 \right]\end{split}
                        
? 
! Extra alignment tab has been changed to \cr.
<template> \endtemplate 
                        
l.828 \right]\end{split}
                        
? 
[11]

! Package array Error: Empty preamble: `l' used.

See the array package documentation for explanation.
Type  H <return>  for immediate help.
 ...                                              
                                                  
l.878 \right]\end{split}
                        
? 
! Extra alignment tab has been changed to \cr.
<template> \endtemplate 
                        
l.878 \right]\end{split}
                        
? 
! Extra alignment tab has been changed to \cr.
<template> \endtemplate 
                        
l.878 \right]\end{split}
                        
? 
! Extra alignment tab has been changed to \cr.
<template> \endtemplate 
                        
l.878 \right]\end{split}
                        
? 
! Extra alignment tab has been changed to \cr.
<template> \endtemplate 
                        
l.878 \right]\end{split}
                        
? 
! Extra alignment tab has been changed to \cr.
<template> \endtemplate 
                        
l.878 \right]\end{split}
                        
? 
! Extra alignment tab has been changed to \cr.
<template> \endtemplate 
                        
l.878 \right]\end{split}
                        
? 

! Package array Error: Empty preamble: `l' used.

See the array package documentation for explanation.
Type  H <return>  for immediate help.
 ...                                              
                                                  
l.878 \right]\end{split}
                        
? 
! Extra alignment tab has been changed to \cr.
<template> \endtemplate 
                        
l.878 \right]\end{split}
                        
? 
! Extra alignment tab has been changed to \cr.
<template> \endtemplate 
                        
l.878 \right]\end{split}
                        
? 
! Extra alignment tab has been changed to \cr.
<template> \endtemplate 
                        
l.878 \right]\end{split}
                        
? 
! Extra alignment tab has been changed to \cr.
<template> \endtemplate 
                        
l.878 \right]\end{split}
                        
? 
! Extra alignment tab has been changed to \cr.
<template> \endtemplate 
                        
l.878 \right]\end{split}
                        
? 
! Extra alignment tab has been changed to \cr.
<template> \endtemplate 
                        
l.878 \right]\end{split}
                        
? 
[12]

! Package array Error: Empty preamble: `l' used.

See the array package documentation for explanation.
Type  H <return>  for immediate help.
 ...                                              
                                                  
l.997 \right]\end{split}
                        
? 
! Extra alignment tab has been changed to \cr.
<template> \endtemplate 
                        
l.997 \right]\end{split}
                        
? 
! Extra alignment tab has been changed to \cr.
<template> \endtemplate 
                        
l.997 \right]\end{split}
                        
? 

! Package array Error: Empty preamble: `l' used.

See the array package documentation for explanation.
Type  H <return>  for immediate help.
 ...                                              
                                                  
l.997 \right]\end{split}
                        
? 
! Extra alignment tab has been changed to \cr.
<template> \endtemplate 
                        
l.997 \right]\end{split}
                        
? 
! Extra alignment tab has been changed to \cr.
<template> \endtemplate 
                        
l.997 \right]\end{split}
                        
? 
File: fcd24af6cda6466895f40f7649f784837a77df253623eba163b682f3155ed432.png Grap
hic file (type bmp)
<fcd24af6cda6466895f40f7649f784837a77df253623eba163b682f3155ed432.png>
[13] [14]
File: a22258fa0707635cd2a18df0837809354138c55694c8840e0a92fd3b3715554d.png Grap
hic file (type bmp)
<a22258fa0707635cd2a18df0837809354138c55694c8840e0a92fd3b3715554d.png>
 [15] [16] [17] [18] [19] [20]
! Misplaced \omit.
\math@cr@@@ ...@ \@ne \add@amps \maxfields@ \omit 
                                                  \kern -\alignsep@ \iftag@ ...
l.1461 \end{align}\end{split}
                             
? 
! Misplaced \omit.
\math@cr@@@ ...@ \@ne \add@amps \maxfields@ \omit 
                                                  \kern -\alignsep@ \iftag@ ...
l.1461 \end{align}\end{split}
                             
? 
! Misplaced \omit.
\math@cr@@@ ...@ \@ne \add@amps \maxfields@ \omit 
                                                  \kern -\alignsep@ \iftag@ ...
l.1461 \end{align}\end{split}
                             
? 
! Misplaced \omit.
\math@cr@@@ ...@ \@ne \add@amps \maxfields@ \omit 
                                                  \kern -\alignsep@ \iftag@ ...
l.1461 \end{align}\end{split}
                             
? 
! Misplaced \omit.
\math@cr@@@ ...@ \@ne \add@amps \maxfields@ \omit 
                                                  \kern -\alignsep@ \iftag@ ...
l.1461 \end{align}\end{split}
                             
? 
! Misplaced \omit.
\math@cr@@@ ...@ \@ne \add@amps \maxfields@ \omit 
                                                  \kern -\alignsep@ \iftag@ ...
l.1461 \end{align}\end{split}
                             
? 
[21]
File: 22a0568a5d3418b46d1efe7645e2c83b4c3cd707b9daaa40ea3c7c1e45a238c4.png Grap
hic file (type bmp)
<22a0568a5d3418b46d1efe7645e2c83b4c3cd707b9daaa40ea3c7c1e45a238c4.png>


! Package array Error: Empty preamble: `l' used.

See the array package documentation for explanation.
Type  H <return>  for immediate help.
 ...                                              
                                                  
l.1578 \right]\end{split}
                         
? 
! Extra alignment tab has been changed to \cr.
<template> \endtemplate 
                        
l.1578 \right]\end{split}
                         
? 

! Package array Error: Empty preamble: `l' used.

See the array package documentation for explanation.
Type  H <return>  for immediate help.
 ...                                              
                                                  
l.1578 \right]\end{split}
                         
? 
! Extra alignment tab has been changed to \cr.
<template> \endtemplate 
                        
l.1578 \right]\end{split}
                         
? 
[22]

! Package array Error: Empty preamble: `l' used.

See the array package documentation for explanation.
Type  H <return>  for immediate help.
 ...                                              
                                                  
l.1584 \right]\end{split}
                         
? 
! Extra alignment tab has been changed to \cr.
<template> \endtemplate 
                        
l.1584 \right]\end{split}
                         
? 

! Package array Error: Empty preamble: `l' used.

See the array package documentation for explanation.
Type  H <return>  for immediate help.
 ...                                              
                                                  
l.1584 \right]\end{split}
                         
? 
! Extra alignment tab has been changed to \cr.
<template> \endtemplate 
                        
l.1584 \right]\end{split}
                         
? 

! Package array Error: Empty preamble: `l' used.

See the array package documentation for explanation.
Type  H <return>  for immediate help.
 ...                                              
                                                  
l.1591 \right]\end{split}
                         
? 
! Extra alignment tab has been changed to \cr.
<template> \endtemplate 
                        
l.1591 \right]\end{split}
                         
? 
! Extra alignment tab has been changed to \cr.
<template> \endtemplate 
                        
l.1591 \right]\end{split}
                         
? 

! Package array Error: Empty preamble: `l' used.

See the array package documentation for explanation.
Type  H <return>  for immediate help.
 ...                                              
                                                  
l.1591 \right]\end{split}
                         
? 
! Extra alignment tab has been changed to \cr.
<template> \endtemplate 
                        
l.1591 \right]\end{split}
                         
? 
! Extra alignment tab has been changed to \cr.
<template> \endtemplate 
                        
l.1591 \right]\end{split}
                         
? 

! Package array Error: Empty preamble: `l' used.

See the array package documentation for explanation.
Type  H <return>  for immediate help.
 ...                                              
                                                  
l.1598 \right]\end{split}
                         
? 
! Extra alignment tab has been changed to \cr.
<template> \endtemplate 
                        
l.1598 \right]\end{split}
                         
? 
! Extra alignment tab has been changed to \cr.
<template> \endtemplate 
                        
l.1598 \right]\end{split}
                         
? 

! Package array Error: Empty preamble: `l' used.

See the array package documentation for explanation.
Type  H <return>  for immediate help.
 ...                                              
                                                  
l.1598 \right]\end{split}
                         
? 
! Extra alignment tab has been changed to \cr.
<template> \endtemplate 
                        
l.1598 \right]\end{split}
                         
? 
! Extra alignment tab has been changed to \cr.
<template> \endtemplate 
                        
l.1598 \right]\end{split}
                         
? 
[23]
File: edef9cfedf97e72c5f46c36a9b411b5a3314ff0ba06cbeffeb00d8e34242f14d.png Grap
hic file (type bmp)
<edef9cfedf97e72c5f46c36a9b411b5a3314ff0ba06cbeffeb00d8e34242f14d.png>
 [24] [25]

! Package array Error: Empty preamble: `l' used.

See the array package documentation for explanation.
Type  H <return>  for immediate help.
 ...                                              
                                                  
l.1744 \right]\end{split}
                         
? 
! Extra alignment tab has been changed to \cr.
<template> \endtemplate 
                        
l.1744 \right]\end{split}
                         
? 
! Extra alignment tab has been changed to \cr.
<template> \endtemplate 
                        
l.1744 \right]\end{split}
                         
? 
! Extra alignment tab has been changed to \cr.
<template> \endtemplate 
                        
l.1744 \right]\end{split}
                         
? 
! Extra alignment tab has been changed to \cr.
<template> \endtemplate 
                        
l.1744 \right]\end{split}
                         
? 
! Extra alignment tab has been changed to \cr.
<template> \endtemplate 
                        
l.1744 \right]\end{split}
                         
? 
! Extra alignment tab has been changed to \cr.
<template> \endtemplate 
                        
l.1744 \right]\end{split}
                         
? 

! Package array Error: Empty preamble: `l' used.

See the array package documentation for explanation.
Type  H <return>  for immediate help.
 ...                                              
                                                  
l.1744 \right]\end{split}
                         
? 
! Extra alignment tab has been changed to \cr.
<template> \endtemplate 
                        
l.1744 \right]\end{split}
                         
? 
! Extra alignment tab has been changed to \cr.
<template> \endtemplate 
                        
l.1744 \right]\end{split}
                         
? 
! Extra alignment tab has been changed to \cr.
<template> \endtemplate 
                        
l.1744 \right]\end{split}
                         
? 
! Extra alignment tab has been changed to \cr.
<template> \endtemplate 
                        
l.1744 \right]\end{split}
                         
? 
! Extra alignment tab has been changed to \cr.
<template> \endtemplate 
                        
l.1744 \right]\end{split}
                         
? 
! Extra alignment tab has been changed to \cr.
<template> \endtemplate 
                        
l.1744 \right]\end{split}
                         
? 

! Package array Error: Empty preamble: `l' used.

See the array package documentation for explanation.
Type  H <return>  for immediate help.
 ...                                              
                                                  
l.1752 \right]\end{split}
                         
? 
! Extra alignment tab has been changed to \cr.
<template> \endtemplate 
                        
l.1752 \right]\end{split}
                         
? 
! Extra alignment tab has been changed to \cr.
<template> \endtemplate 
                        
l.1752 \right]\end{split}
                         
? 
! Extra alignment tab has been changed to \cr.
<template> \endtemplate 
                        
l.1752 \right]\end{split}
                         
? 
! Extra alignment tab has been changed to \cr.
<template> \endtemplate 
                        
l.1752 \right]\end{split}
                         
? 
! Extra alignment tab has been changed to \cr.
<template> \endtemplate 
                        
l.1752 \right]\end{split}
                         
? 
! Extra alignment tab has been changed to \cr.
<template> \endtemplate 
                        
l.1752 \right]\end{split}
                         
? 

! Package array Error: Empty preamble: `l' used.

See the array package documentation for explanation.
Type  H <return>  for immediate help.
 ...                                              
                                                  
l.1752 \right]\end{split}
                         
? 
! Extra alignment tab has been changed to \cr.
<template> \endtemplate 
                        
l.1752 \right]\end{split}
                         
? 
! Extra alignment tab has been changed to \cr.
<template> \endtemplate 
                        
l.1752 \right]\end{split}
                         
? 
! Extra alignment tab has been changed to \cr.
<template> \endtemplate 
                        
l.1752 \right]\end{split}
                         
? 
! Extra alignment tab has been changed to \cr.
<template> \endtemplate 
                        
l.1752 \right]\end{split}
                         
? 
! Extra alignment tab has been changed to \cr.
<template> \endtemplate 
                        
l.1752 \right]\end{split}
                         
? 
! Extra alignment tab has been changed to \cr.
<template> \endtemplate 
                        
l.1752 \right]\end{split}
                         
? 
File: 024fd0dc3544d213a9cddf643aba1af08c5051d4e0a4cd6db708ec6059525a94.png Grap
hic file (type bmp)
<024fd0dc3544d213a9cddf643aba1af08c5051d4e0a4cd6db708ec6059525a94.png>
[26] [27] [28]
File: 5ba328d5be31b0853ab3c4ffdc99d8cf70488f1f0d61fe5169a33b5da18b3671.png Grap
hic file (type bmp)
<5ba328d5be31b0853ab3c4ffdc99d8cf70488f1f0d61fe5169a33b5da18b3671.png>
 [29]
File: a9c05fc866f7b26d0995eda8c57d9f396c87f8ce0caaad9fbfffc7bd3609aa66.png Grap
hic file (type bmp)
<a9c05fc866f7b26d0995eda8c57d9f396c87f8ce0caaad9fbfffc7bd3609aa66.png>
 [30] [31] [32

]
Chapter 3.
[33] [34]
File: 456981c4f9bfe9b9d8b1c0e7cdae067f5cdd8df79b0ad78dd5a71c595220be19.png Grap
hic file (type bmp)
<456981c4f9bfe9b9d8b1c0e7cdae067f5cdd8df79b0ad78dd5a71c595220be19.png>
 [35]
LaTeX Font Info:    Font shape `TU/latinmodern-math.otf(2)/b/n' will be
(Font)              scaled to size 10.00107pt on input line 2122.
LaTeX Font Info:    Font shape `TU/latinmodern-math.otf(2)/b/n' will be
(Font)              scaled to size 7.00075pt on input line 2122.
LaTeX Font Info:    Font shape `TU/latinmodern-math.otf(2)/b/n' will be
(Font)              scaled to size 5.00053pt on input line 2122.
LaTeX Font Info:    Font shape `TU/latinmodern-math.otf(3)/b/n' will be
(Font)              scaled to size 9.99893pt on input line 2122.
LaTeX Font Info:    Font shape `TU/latinmodern-math.otf(3)/b/n' will be
(Font)              scaled to size 6.99925pt on input line 2122.
LaTeX Font Info:    Font shape `TU/latinmodern-math.otf(3)/b/n' will be
(Font)              scaled to size 4.99947pt on input line 2122.
 [36]

! Package array Error: Empty preamble: `l' used.

See the array package documentation for explanation.
Type  H <return>  for immediate help.
 ...                                              
                                                  
l.2229 \right]\end{split}
                         
? 
! Extra alignment tab has been changed to \cr.
<template> \endtemplate 
                        
l.2229 \right]\end{split}
                         
? 
! Extra alignment tab has been changed to \cr.
<template> \endtemplate 
                        
l.2229 \right]\end{split}
                         
? 
! Extra alignment tab has been changed to \cr.
<template> \endtemplate 
                        
l.2229 \right]\end{split}
                         
? 

! Package array Error: Empty preamble: `l' used.

See the array package documentation for explanation.
Type  H <return>  for immediate help.
 ...                                              
                                                  
l.2229 \right]\end{split}
                         
? 
! Extra alignment tab has been changed to \cr.
<template> \endtemplate 
                        
l.2229 \right]\end{split}
                         
? 
! Extra alignment tab has been changed to \cr.
<template> \endtemplate 
                        
l.2229 \right]\end{split}
                         
? 
! Extra alignment tab has been changed to \cr.
<template> \endtemplate 
                        
l.2229 \right]\end{split}
                         
? 

! Package array Error: Empty preamble: `l' used.

See the array package documentation for explanation.
Type  H <return>  for immediate help.
 ...                                              
                                                  
l.2235 \right]\end{split}
                         
? 
! Extra alignment tab has been changed to \cr.
<template> \endtemplate 
                        
l.2235 \right]\end{split}
                         
? 
! Extra alignment tab has been changed to \cr.
<template> \endtemplate 
                        
l.2235 \right]\end{split}
                         
? 
! Extra alignment tab has been changed to \cr.
<template> \endtemplate 
                        
l.2235 \right]\end{split}
                         
? 

! Package array Error: Empty preamble: `l' used.

See the array package documentation for explanation.
Type  H <return>  for immediate help.
 ...                                              
                                                  
l.2235 \right]\end{split}
                         
? 
! Extra alignment tab has been changed to \cr.
<template> \endtemplate 
                        
l.2235 \right]\end{split}
                         
? 
! Extra alignment tab has been changed to \cr.
<template> \endtemplate 
                        
l.2235 \right]\end{split}
                         
? 
! Extra alignment tab has been changed to \cr.
<template> \endtemplate 
                        
l.2235 \right]\end{split}
                         
? 
[37] [38]
File: 1921734cb73ae8ebd1a30b01ed0947980b222fdd39ece0f80010ebae317d706c.png Grap
hic file (type bmp)
<1921734cb73ae8ebd1a30b01ed0947980b222fdd39ece0f80010ebae317d706c.png>
 [39]
File: b12fe6781548d7942f02ad291a9bc90f78ff77e5523831dd2353856a7bf1db05.png Grap
hic file (type bmp)
<b12fe6781548d7942f02ad291a9bc90f78ff77e5523831dd2353856a7bf1db05.png>
 [40] [41] [42]

! Package array Error: Empty preamble: `l' used.

See the array package documentation for explanation.
Type  H <return>  for immediate help.
 ...                                              
                                                  
l.2658 \right]\end{split}
                         
? 
! Extra alignment tab has been changed to \cr.
<template> \endtemplate 
                        
l.2658 \right]\end{split}
                         
? 
! Extra alignment tab has been changed to \cr.
<template> \endtemplate 
                        
l.2658 \right]\end{split}
                         
? 
! Extra alignment tab has been changed to \cr.
<template> \endtemplate 
                        
l.2658 \right]\end{split}
                         
? 
! Extra alignment tab has been changed to \cr.
<template> \endtemplate 
                        
l.2658 \right]\end{split}
                         
? 
! Extra alignment tab has been changed to \cr.
<template> \endtemplate 
                        
l.2658 \right]\end{split}
                         
? 
! Extra alignment tab has been changed to \cr.
<template> \endtemplate 
                        
l.2658 \right]\end{split}
                         
? 
! Extra alignment tab has been changed to \cr.
<template> \endtemplate 
                        
l.2658 \right]\end{split}
                         
? 
! Extra alignment tab has been changed to \cr.
<template> \endtemplate 
                        
l.2658 \right]\end{split}
                         
? 
! Extra alignment tab has been changed to \cr.
<template> \endtemplate 
                        
l.2658 \right]\end{split}
                         
? 

! Package array Error: Empty preamble: `l' used.

See the array package documentation for explanation.
Type  H <return>  for immediate help.
 ...                                              
                                                  
l.2658 \right]\end{split}
                         
? 
! Extra alignment tab has been changed to \cr.
<template> \endtemplate 
                        
l.2658 \right]\end{split}
                         
? 
! Extra alignment tab has been changed to \cr.
<template> \endtemplate 
                        
l.2658 \right]\end{split}
                         
? 
! Extra alignment tab has been changed to \cr.
<template> \endtemplate 
                        
l.2658 \right]\end{split}
                         
? 
! Extra alignment tab has been changed to \cr.
<template> \endtemplate 
                        
l.2658 \right]\end{split}
                         
? 
! Extra alignment tab has been changed to \cr.
<template> \endtemplate 
                        
l.2658 \right]\end{split}
                         
? 
! Extra alignment tab has been changed to \cr.
<template> \endtemplate 
                        
l.2658 \right]\end{split}
                         
? 
! Extra alignment tab has been changed to \cr.
<template> \endtemplate 
                        
l.2658 \right]\end{split}
                         
? 
! Extra alignment tab has been changed to \cr.
<template> \endtemplate 
                        
l.2658 \right]\end{split}
                         
? 
! Extra alignment tab has been changed to \cr.
<template> \endtemplate 
                        
l.2658 \right]\end{split}
                         
? 

! Package array Error: Empty preamble: `l' used.

See the array package documentation for explanation.
Type  H <return>  for immediate help.
 ...                                              
                                                  
l.2687 \right]\end{split}
                         
? 
! Extra alignment tab has been changed to \cr.
<template> \endtemplate 
                        
l.2687 \right]\end{split}
                         
? 
! Extra alignment tab has been changed to \cr.
<template> \endtemplate 
                        
l.2687 \right]\end{split}
                         
? 
! Extra alignment tab has been changed to \cr.
<template> \endtemplate 
                        
l.2687 \right]\end{split}
                         
? 
! Extra alignment tab has been changed to \cr.
<template> \endtemplate 
                        
l.2687 \right]\end{split}
                         
? 
! Extra alignment tab has been changed to \cr.
<template> \endtemplate 
                        
l.2687 \right]\end{split}
                         
? 
! Extra alignment tab has been changed to \cr.
<template> \endtemplate 
                        
l.2687 \right]\end{split}
                         
? 
! Extra alignment tab has been changed to \cr.
<template> \endtemplate 
                        
l.2687 \right]\end{split}
                         
? 
! Extra alignment tab has been changed to \cr.
<template> \endtemplate 
                        
l.2687 \right]\end{split}
                         
? 
! Extra alignment tab has been changed to \cr.
<template> \endtemplate 
                        
l.2687 \right]\end{split}
                         
? 

! Package array Error: Empty preamble: `l' used.

See the array package documentation for explanation.
Type  H <return>  for immediate help.
 ...                                              
                                                  
l.2687 \right]\end{split}
                         
? 
! Extra alignment tab has been changed to \cr.
<template> \endtemplate 
                        
l.2687 \right]\end{split}
                         
? 
! Extra alignment tab has been changed to \cr.
<template> \endtemplate 
                        
l.2687 \right]\end{split}
                         
? 
! Extra alignment tab has been changed to \cr.
<template> \endtemplate 
                        
l.2687 \right]\end{split}
                         
? 
! Extra alignment tab has been changed to \cr.
<template> \endtemplate 
                        
l.2687 \right]\end{split}
                         
? 
! Extra alignment tab has been changed to \cr.
<template> \endtemplate 
                        
l.2687 \right]\end{split}
                         
? 
! Extra alignment tab has been changed to \cr.
<template> \endtemplate 
                        
l.2687 \right]\end{split}
                         
? 
! Extra alignment tab has been changed to \cr.
<template> \endtemplate 
                        
l.2687 \right]\end{split}
                         
? 
! Extra alignment tab has been changed to \cr.
<template> \endtemplate 
                        
l.2687 \right]\end{split}
                         
? 
! Extra alignment tab has been changed to \cr.
<template> \endtemplate 
                        
l.2687 \right]\end{split}
                         
? 
[43]

! Package array Error: Empty preamble: `l' used.

See the array package documentation for explanation.
Type  H <return>  for immediate help.
 ...                                              
                                                  
l.2693 \right]\end{split}
                         
? 
! Extra alignment tab has been changed to \cr.
<template> \endtemplate 
                        
l.2693 \right]\end{split}
                         
? 
! Extra alignment tab has been changed to \cr.
<template> \endtemplate 
                        
l.2693 \right]\end{split}
                         
? 
! Extra alignment tab has been changed to \cr.
<template> \endtemplate 
                        
l.2693 \right]\end{split}
                         
? 
! Extra alignment tab has been changed to \cr.
<template> \endtemplate 
                        
l.2693 \right]\end{split}
                         
? 
! Extra alignment tab has been changed to \cr.
<template> \endtemplate 
                        
l.2693 \right]\end{split}
                         
? 
! Extra alignment tab has been changed to \cr.
<template> \endtemplate 
                        
l.2693 \right]\end{split}
                         
? 
! Extra alignment tab has been changed to \cr.
<template> \endtemplate 
                        
l.2693 \right]\end{split}
                         
? 
! Extra alignment tab has been changed to \cr.
<template> \endtemplate 
                        
l.2693 \right]\end{split}
                         
? 
! Extra alignment tab has been changed to \cr.
<template> \endtemplate 
                        
l.2693 \right]\end{split}
                         
? 

! Package array Error: Empty preamble: `l' used.

See the array package documentation for explanation.
Type  H <return>  for immediate help.
 ...                                              
                                                  
l.2693 \right]\end{split}
                         
? 
! Extra alignment tab has been changed to \cr.
<template> \endtemplate 
                        
l.2693 \right]\end{split}
                         
? 
! Extra alignment tab has been changed to \cr.
<template> \endtemplate 
                        
l.2693 \right]\end{split}
                         
? 
! Extra alignment tab has been changed to \cr.
<template> \endtemplate 
                        
l.2693 \right]\end{split}
                         
? 
! Extra alignment tab has been changed to \cr.
<template> \endtemplate 
                        
l.2693 \right]\end{split}
                         
? 
! Extra alignment tab has been changed to \cr.
<template> \endtemplate 
                        
l.2693 \right]\end{split}
                         
? 
! Extra alignment tab has been changed to \cr.
<template> \endtemplate 
                        
l.2693 \right]\end{split}
                         
? 
! Extra alignment tab has been changed to \cr.
<template> \endtemplate 
                        
l.2693 \right]\end{split}
                         
? 
! Extra alignment tab has been changed to \cr.
<template> \endtemplate 
                        
l.2693 \right]\end{split}
                         
? 
! Extra alignment tab has been changed to \cr.
<template> \endtemplate 
                        
l.2693 \right]\end{split}
                         
? 
[44]
File: 058510b3c11a0fb724a1c6dfdfbdee47a0154a934032ba892466cc547793b11e.png Grap
hic file (type bmp)
<058510b3c11a0fb724a1c6dfdfbdee47a0154a934032ba892466cc547793b11e.png>
File: 63232262e329da9e0ce61297e428d201f3e8faa1f0c49f84f37b3be167099356.png Grap
hic file (type bmp)
<63232262e329da9e0ce61297e428d201f3e8faa1f0c49f84f37b3be167099356.png>
 [45] [46] [47]
Underfull \vbox (badness 10000) detected at line 2965
 []


Underfull \vbox (badness 10000) detected at line 2965
 []

[48]
File: 780d93454acec8c3ab6c4f25370c0190e0db903a733cec5cb2002e60c7327e26.png Grap
hic file (type bmp)
<780d93454acec8c3ab6c4f25370c0190e0db903a733cec5cb2002e60c7327e26.png>
 [49]

! Package array Error: Empty preamble: `l' used.

See the array package documentation for explanation.
Type  H <return>  for immediate help.
 ...                                              
                                                  
l.3053 \right]\end{split}
                         
? 
! Extra alignment tab has been changed to \cr.
<template> \endtemplate 
                        
l.3053 \right]\end{split}
                         
? 
! Extra alignment tab has been changed to \cr.
<template> \endtemplate 
                        
l.3053 \right]\end{split}
                         
? 
! Extra alignment tab has been changed to \cr.
<template> \endtemplate 
                        
l.3053 \right]\end{split}
                         
? 
! Extra alignment tab has been changed to \cr.
<template> \endtemplate 
                        
l.3053 \right]\end{split}
                         
? 
! Extra alignment tab has been changed to \cr.
<template> \endtemplate 
                        
l.3053 \right]\end{split}
                         
? 
! Extra alignment tab has been changed to \cr.
<template> \endtemplate 
                        
l.3053 \right]\end{split}
                         
? 
! Extra alignment tab has been changed to \cr.
<template> \endtemplate 
                        
l.3053 \right]\end{split}
                         
? 
! Extra alignment tab has been changed to \cr.
<template> \endtemplate 
                        
l.3053 \right]\end{split}
                         
? 
! Extra alignment tab has been changed to \cr.
<template> \endtemplate 
                        
l.3053 \right]\end{split}
                         
? 

! Package array Error: Empty preamble: `l' used.

See the array package documentation for explanation.
Type  H <return>  for immediate help.
 ...                                              
                                                  
l.3053 \right]\end{split}
                         
? 
! Extra alignment tab has been changed to \cr.
<template> \endtemplate 
                        
l.3053 \right]\end{split}
                         
? 
! Extra alignment tab has been changed to \cr.
<template> \endtemplate 
                        
l.3053 \right]\end{split}
                         
? 
! Extra alignment tab has been changed to \cr.
<template> \endtemplate 
                        
l.3053 \right]\end{split}
                         
? 
! Extra alignment tab has been changed to \cr.
<template> \endtemplate 
                        
l.3053 \right]\end{split}
                         
? 
! Extra alignment tab has been changed to \cr.
<template> \endtemplate 
                        
l.3053 \right]\end{split}
                         
? 
! Extra alignment tab has been changed to \cr.
<template> \endtemplate 
                        
l.3053 \right]\end{split}
                         
? 
! Extra alignment tab has been changed to \cr.
<template> \endtemplate 
                        
l.3053 \right]\end{split}
                         
? 
! Extra alignment tab has been changed to \cr.
<template> \endtemplate 
                        
l.3053 \right]\end{split}
                         
? 
! Extra alignment tab has been changed to \cr.
<template> \endtemplate 
                        
l.3053 \right]\end{split}
                         
? 
[50]

! Package array Error: Empty preamble: `l' used.

See the array package documentation for explanation.
Type  H <return>  for immediate help.
 ...                                              
                                                  
l.3083 \right]\end{split}
                         
? 
! Extra alignment tab has been changed to \cr.
<template> \endtemplate 
                        
l.3083 \right]\end{split}
                         
? 
! Extra alignment tab has been changed to \cr.
<template> \endtemplate 
                        
l.3083 \right]\end{split}
                         
? 
! Extra alignment tab has been changed to \cr.
<template> \endtemplate 
                        
l.3083 \right]\end{split}
                         
? 
! Extra alignment tab has been changed to \cr.
<template> \endtemplate 
                        
l.3083 \right]\end{split}
                         
? 
! Extra alignment tab has been changed to \cr.
<template> \endtemplate 
                        
l.3083 \right]\end{split}
                         
? 
! Extra alignment tab has been changed to \cr.
<template> \endtemplate 
                        
l.3083 \right]\end{split}
                         
? 
! Extra alignment tab has been changed to \cr.
<template> \endtemplate 
                        
l.3083 \right]\end{split}
                         
? 
! Extra alignment tab has been changed to \cr.
<template> \endtemplate 
                        
l.3083 \right]\end{split}
                         
? 
! Extra alignment tab has been changed to \cr.
<template> \endtemplate 
                        
l.3083 \right]\end{split}
                         
? 

! Package array Error: Empty preamble: `l' used.

See the array package documentation for explanation.
Type  H <return>  for immediate help.
 ...                                              
                                                  
l.3083 \right]\end{split}
                         
? 
! Extra alignment tab has been changed to \cr.
<template> \endtemplate 
                        
l.3083 \right]\end{split}
                         
? 
! Extra alignment tab has been changed to \cr.
<template> \endtemplate 
                        
l.3083 \right]\end{split}
                         
? 
! Extra alignment tab has been changed to \cr.
<template> \endtemplate 
                        
l.3083 \right]\end{split}
                         
? 
! Extra alignment tab has been changed to \cr.
<template> \endtemplate 
                        
l.3083 \right]\end{split}
                         
? 
! Extra alignment tab has been changed to \cr.
<template> \endtemplate 
                        
l.3083 \right]\end{split}
                         
? 
! Extra alignment tab has been changed to \cr.
<template> \endtemplate 
                        
l.3083 \right]\end{split}
                         
? 
! Extra alignment tab has been changed to \cr.
<template> \endtemplate 
                        
l.3083 \right]\end{split}
                         
? 
! Extra alignment tab has been changed to \cr.
<template> \endtemplate 
                        
l.3083 \right]\end{split}
                         
? 
! Extra alignment tab has been changed to \cr.
<template> \endtemplate 
                        
l.3083 \right]\end{split}
                         
? 

! Package array Error: Empty preamble: `l' used.

See the array package documentation for explanation.
Type  H <return>  for immediate help.
 ...                                              
                                                  
l.3089 \right]\end{split}
                         
? 
! Extra alignment tab has been changed to \cr.
<template> \endtemplate 
                        
l.3089 \right]\end{split}
                         
? 
! Extra alignment tab has been changed to \cr.
<template> \endtemplate 
                        
l.3089 \right]\end{split}
                         
? 
! Extra alignment tab has been changed to \cr.
<template> \endtemplate 
                        
l.3089 \right]\end{split}
                         
? 
! Extra alignment tab has been changed to \cr.
<template> \endtemplate 
                        
l.3089 \right]\end{split}
                         
? 
! Extra alignment tab has been changed to \cr.
<template> \endtemplate 
                        
l.3089 \right]\end{split}
                         
? 
! Extra alignment tab has been changed to \cr.
<template> \endtemplate 
                        
l.3089 \right]\end{split}
                         
? 
! Extra alignment tab has been changed to \cr.
<template> \endtemplate 
                        
l.3089 \right]\end{split}
                         
? 
! Extra alignment tab has been changed to \cr.
<template> \endtemplate 
                        
l.3089 \right]\end{split}
                         
? 
! Extra alignment tab has been changed to \cr.
<template> \endtemplate 
                        
l.3089 \right]\end{split}
                         
? 

! Package array Error: Empty preamble: `l' used.

See the array package documentation for explanation.
Type  H <return>  for immediate help.
 ...                                              
                                                  
l.3089 \right]\end{split}
                         
? 
! Extra alignment tab has been changed to \cr.
<template> \endtemplate 
                        
l.3089 \right]\end{split}
                         
? 
! Extra alignment tab has been changed to \cr.
<template> \endtemplate 
                        
l.3089 \right]\end{split}
                         
? 
! Extra alignment tab has been changed to \cr.
<template> \endtemplate 
                        
l.3089 \right]\end{split}
                         
? 
! Extra alignment tab has been changed to \cr.
<template> \endtemplate 
                        
l.3089 \right]\end{split}
                         
? 
! Extra alignment tab has been changed to \cr.
<template> \endtemplate 
                        
l.3089 \right]\end{split}
                         
? 
! Extra alignment tab has been changed to \cr.
<template> \endtemplate 
                        
l.3089 \right]\end{split}
                         
? 
! Extra alignment tab has been changed to \cr.
<template> \endtemplate 
                        
l.3089 \right]\end{split}
                         
? 
! Extra alignment tab has been changed to \cr.
<template> \endtemplate 
                        
l.3089 \right]\end{split}
                         
? 
! Extra alignment tab has been changed to \cr.
<template> \endtemplate 
                        
l.3089 \right]\end{split}
                         
? 
[51]
File: 46cd873ca0b7cf4c0e09251a497c889a8edddc5011ec75ab3d6d35306dbee6b6.png Grap
hic file (type bmp)
<46cd873ca0b7cf4c0e09251a497c889a8edddc5011ec75ab3d6d35306dbee6b6.png>
 [52] [53] [54

]
Chapter 4.
[55]
Missing character: There is no 💡 (U+1F4A1) in font [FreeSerif.otf]/OT:script=la
tn;language=dflt;!
[56] [57] [58] [59]
Underfull \hbox (badness 10000) in paragraph at lines 3594--3596
\TU/FreeSerif(0)/m/n/10 For this exercise, we will use the California Housing d
ataset from \TU/FreeMono(0)/m/n/10 sklearn.datasets.
 []

[60] [61]
Overfull \vbox (1.03299pt too high) detected at line 3766
 []

[62] [63] [64]
File: bd03f00d3bb200eb71e6f9599e8bbaf2231030fb46841e810d48d3cbe6009a70.png Grap
hic file (type bmp)
<bd03f00d3bb200eb71e6f9599e8bbaf2231030fb46841e810d48d3cbe6009a70.png>
 [65] [66]
File: 508b01aca098ca5b4df94fa8fc83044de632e8f88d65cef139469c8311346e8d.png Grap
hic file (type bmp)
<508b01aca098ca5b4df94fa8fc83044de632e8f88d65cef139469c8311346e8d.png>
 [67]
File: 33c88984e5a48bf8d4b4db84ee4276024270e5dbf0f860bc95680d6ee2d155b2.png Grap
hic file (type bmp)
<33c88984e5a48bf8d4b4db84ee4276024270e5dbf0f860bc95680d6ee2d155b2.png>
 [68] [69]
File: 9842af6cdf010e1e4c19acbccb07afac23fd30e6fe0ca1ccf93374efe72d64c2.png Grap
hic file (type bmp)
<9842af6cdf010e1e4c19acbccb07afac23fd30e6fe0ca1ccf93374efe72d64c2.png>
 [70] [71]
Overfull \vbox (2.033pt too high) detected at line 4458
 []

[72] [73] [74

]
Chapter 5.
[75] [76]
File: mlp_example.jpg Graphic file (type bmp)
<mlp_example.jpg>
 [77] [78]
File: cnn_example.jpg Graphic file (type bmp)
<cnn_example.jpg>
 [79] [80] [81] [82]
Underfull \vbox (badness 10000) detected at line 5062
 []


Overfull \vbox (1.98598pt too high) detected at line 5062
 []

[83] [84] [85]

! Package array Error: Empty preamble: `l' used.

See the array package documentation for explanation.
Type  H <return>  for immediate help.
 ...                                              
                                                  
l.5184 \right]\end{split}
                         
? 
! Extra alignment tab has been changed to \cr.
<template> \endtemplate 
                        
l.5184 \right]\end{split}
                         
? 
! Extra alignment tab has been changed to \cr.
<template> \endtemplate 
                        
l.5184 \right]\end{split}
                         
? 
! Extra alignment tab has been changed to \cr.
<template> \endtemplate 
                        
l.5184 \right]\end{split}
                         
? 
! Extra alignment tab has been changed to \cr.
<template> \endtemplate 
                        
l.5184 \right]\end{split}
                         
? 

! Package array Error: Empty preamble: `l' used.

See the array package documentation for explanation.
Type  H <return>  for immediate help.
 ...                                              
                                                  
l.5184 \right]\end{split}
                         
? 
! Extra alignment tab has been changed to \cr.
<template> \endtemplate 
                        
l.5184 \right]\end{split}
                         
? 
! Extra alignment tab has been changed to \cr.
<template> \endtemplate 
                        
l.5184 \right]\end{split}
                         
? 
! Extra alignment tab has been changed to \cr.
<template> \endtemplate 
                        
l.5184 \right]\end{split}
                         
? 
! Extra alignment tab has been changed to \cr.
<template> \endtemplate 
                        
l.5184 \right]\end{split}
                         
? 

! Package array Error: Empty preamble: `l' used.

See the array package documentation for explanation.
Type  H <return>  for immediate help.
 ...                                              
                                                  
l.5191 \right]\end{split}
                         
? 
! Extra alignment tab has been changed to \cr.
<template> \endtemplate 
                        
l.5191 \right]\end{split}
                         
? 
! Extra alignment tab has been changed to \cr.
<template> \endtemplate 
                        
l.5191 \right]\end{split}
                         
? 
! Extra alignment tab has been changed to \cr.
<template> \endtemplate 
                        
l.5191 \right]\end{split}
                         
? 
! Extra alignment tab has been changed to \cr.
<template> \endtemplate 
                        
l.5191 \right]\end{split}
                         
? 

! Package array Error: Empty preamble: `l' used.

See the array package documentation for explanation.
Type  H <return>  for immediate help.
 ...                                              
                                                  
l.5191 \right]\end{split}
                         
? 
! Extra alignment tab has been changed to \cr.
<template> \endtemplate 
                        
l.5191 \right]\end{split}
                         
? 
! Extra alignment tab has been changed to \cr.
<template> \endtemplate 
                        
l.5191 \right]\end{split}
                         
? 
! Extra alignment tab has been changed to \cr.
<template> \endtemplate 
                        
l.5191 \right]\end{split}
                         
? 
! Extra alignment tab has been changed to \cr.
<template> \endtemplate 
                        
l.5191 \right]\end{split}
                         
? 

! Package array Error: Empty preamble: `l' used.

See the array package documentation for explanation.
Type  H <return>  for immediate help.
 ...                                              
                                                  
l.5198 \right]\end{split}
                         
? 
! Extra alignment tab has been changed to \cr.
<template> \endtemplate 
                        
l.5198 \right]\end{split}
                         
? 
! Extra alignment tab has been changed to \cr.
<template> \endtemplate 
                        
l.5198 \right]\end{split}
                         
? 
! Extra alignment tab has been changed to \cr.
<template> \endtemplate 
                        
l.5198 \right]\end{split}
                         
? 
! Extra alignment tab has been changed to \cr.
<template> \endtemplate 
                        
l.5198 \right]\end{split}
                         
? 

! Package array Error: Empty preamble: `l' used.

See the array package documentation for explanation.
Type  H <return>  for immediate help.
 ...                                              
                                                  
l.5198 \right]\end{split}
                         
? 
! Extra alignment tab has been changed to \cr.
<template> \endtemplate 
                        
l.5198 \right]\end{split}
                         
? 
! Extra alignment tab has been changed to \cr.
<template> \endtemplate 
                        
l.5198 \right]\end{split}
                         
? 
! Extra alignment tab has been changed to \cr.
<template> \endtemplate 
                        
l.5198 \right]\end{split}
                         
? 
! Extra alignment tab has been changed to \cr.
<template> \endtemplate 
                        
l.5198 \right]\end{split}
                         
? 

! Package array Error: Empty preamble: `l' used.

See the array package documentation for explanation.
Type  H <return>  for immediate help.
 ...                                              
                                                  
l.5205 \right]\end{split}
                         
? 
! Extra alignment tab has been changed to \cr.
<template> \endtemplate 
                        
l.5205 \right]\end{split}
                         
? 
! Extra alignment tab has been changed to \cr.
<template> \endtemplate 
                        
l.5205 \right]\end{split}
                         
? 
! Extra alignment tab has been changed to \cr.
<template> \endtemplate 
                        
l.5205 \right]\end{split}
                         
? 
! Extra alignment tab has been changed to \cr.
<template> \endtemplate 
                        
l.5205 \right]\end{split}
                         
? 

! Package array Error: Empty preamble: `l' used.

See the array package documentation for explanation.
Type  H <return>  for immediate help.
 ...                                              
                                                  
l.5205 \right]\end{split}
                         
? 
! Extra alignment tab has been changed to \cr.
<template> \endtemplate 
                        
l.5205 \right]\end{split}
                         
? 
! Extra alignment tab has been changed to \cr.
<template> \endtemplate 
                        
l.5205 \right]\end{split}
                         
? 
! Extra alignment tab has been changed to \cr.
<template> \endtemplate 
                        
l.5205 \right]\end{split}
                         
? 
! Extra alignment tab has been changed to \cr.
<template> \endtemplate 
                        
l.5205 \right]\end{split}
                         
? 

! Package array Error: Empty preamble: `l' used.

See the array package documentation for explanation.
Type  H <return>  for immediate help.
 ...                                              
                                                  
l.5212 \right]\end{split}
                         
? 
! Extra alignment tab has been changed to \cr.
<template> \endtemplate 
                        
l.5212 \right]\end{split}
                         
? 
! Extra alignment tab has been changed to \cr.
<template> \endtemplate 
                        
l.5212 \right]\end{split}
                         
? 
! Extra alignment tab has been changed to \cr.
<template> \endtemplate 
                        
l.5212 \right]\end{split}
                         
? 
! Extra alignment tab has been changed to \cr.
<template> \endtemplate 
                        
l.5212 \right]\end{split}
                         
? 

! Package array Error: Empty preamble: `l' used.

See the array package documentation for explanation.
Type  H <return>  for immediate help.
 ...                                              
                                                  
l.5212 \right]\end{split}
                         
? 
! Extra alignment tab has been changed to \cr.
<template> \endtemplate 
                        
l.5212 \right]\end{split}
                         
? 
! Extra alignment tab has been changed to \cr.
<template> \endtemplate 
                        
l.5212 \right]\end{split}
                         
? 
! Extra alignment tab has been changed to \cr.
<template> \endtemplate 
                        
l.5212 \right]\end{split}
                         
? 
! Extra alignment tab has been changed to \cr.
<template> \endtemplate 
                        
l.5212 \right]\end{split}
                         
? 

! Package array Error: Empty preamble: `l' used.

See the array package documentation for explanation.
Type  H <return>  for immediate help.
 ...                                              
                                                  
l.5219 \right]\end{split}
                         
? 
! Extra alignment tab has been changed to \cr.
<template> \endtemplate 
                        
l.5219 \right]\end{split}
                         
? 
! Extra alignment tab has been changed to \cr.
<template> \endtemplate 
                        
l.5219 \right]\end{split}
                         
? 
! Extra alignment tab has been changed to \cr.
<template> \endtemplate 
                        
l.5219 \right]\end{split}
                         
? 
! Extra alignment tab has been changed to \cr.
<template> \endtemplate 
                        
l.5219 \right]\end{split}
                         
? 

! Package array Error: Empty preamble: `l' used.

See the array package documentation for explanation.
Type  H <return>  for immediate help.
 ...                                              
                                                  
l.5219 \right]\end{split}
                         
? 
! Extra alignment tab has been changed to \cr.
<template> \endtemplate 
                        
l.5219 \right]\end{split}
                         
? 
! Extra alignment tab has been changed to \cr.
<template> \endtemplate 
                        
l.5219 \right]\end{split}
                         
? 
! Extra alignment tab has been changed to \cr.
<template> \endtemplate 
                        
l.5219 \right]\end{split}
                         
? 
! Extra alignment tab has been changed to \cr.
<template> \endtemplate 
                        
l.5219 \right]\end{split}
                         
? 

! Package array Error: Empty preamble: `l' used.

See the array package documentation for explanation.
Type  H <return>  for immediate help.
 ...                                              
                                                  
l.5226 \right]\end{split}
                         
? 
! Extra alignment tab has been changed to \cr.
<template> \endtemplate 
                        
l.5226 \right]\end{split}
                         
? 
! Extra alignment tab has been changed to \cr.
<template> \endtemplate 
                        
l.5226 \right]\end{split}
                         
? 
! Extra alignment tab has been changed to \cr.
<template> \endtemplate 
                        
l.5226 \right]\end{split}
                         
? 
! Extra alignment tab has been changed to \cr.
<template> \endtemplate 
                        
l.5226 \right]\end{split}
                         
? 

! Package array Error: Empty preamble: `l' used.

See the array package documentation for explanation.
Type  H <return>  for immediate help.
 ...                                              
                                                  
l.5226 \right]\end{split}
                         
? 
! Extra alignment tab has been changed to \cr.
<template> \endtemplate 
                        
l.5226 \right]\end{split}
                         
? 
! Extra alignment tab has been changed to \cr.
<template> \endtemplate 
                        
l.5226 \right]\end{split}
                         
? 
! Extra alignment tab has been changed to \cr.
<template> \endtemplate 
                        
l.5226 \right]\end{split}
                         
? 
! Extra alignment tab has been changed to \cr.
<template> \endtemplate 
                        
l.5226 \right]\end{split}
                         
? 

! Package array Error: Empty preamble: `l' used.

See the array package documentation for explanation.
Type  H <return>  for immediate help.
 ...                                              
                                                  
l.5233 \right]\end{split}
                         
? 
! Extra alignment tab has been changed to \cr.
<template> \endtemplate 
                        
l.5233 \right]\end{split}
                         
? 
! Extra alignment tab has been changed to \cr.
<template> \endtemplate 
                        
l.5233 \right]\end{split}
                         
? 
! Extra alignment tab has been changed to \cr.
<template> \endtemplate 
                        
l.5233 \right]\end{split}
                         
? 
! Extra alignment tab has been changed to \cr.
<template> \endtemplate 
                        
l.5233 \right]\end{split}
                         
? 

! Package array Error: Empty preamble: `l' used.

See the array package documentation for explanation.
Type  H <return>  for immediate help.
 ...                                              
                                                  
l.5233 \right]\end{split}
                         
? 
! Extra alignment tab has been changed to \cr.
<template> \endtemplate 
                        
l.5233 \right]\end{split}
                         
? 
! Extra alignment tab has been changed to \cr.
<template> \endtemplate 
                        
l.5233 \right]\end{split}
                         
? 
! Extra alignment tab has been changed to \cr.
<template> \endtemplate 
                        
l.5233 \right]\end{split}
                         
? 
! Extra alignment tab has been changed to \cr.
<template> \endtemplate 
                        
l.5233 \right]\end{split}
                         
? 
[86]

! Package array Error: Empty preamble: `l' used.

See the array package documentation for explanation.
Type  H <return>  for immediate help.
 ...                                              
                                                  
l.5280 \right]\end{split}
                         
? 
! Extra alignment tab has been changed to \cr.
<template> \endtemplate 
                        
l.5280 \right]\end{split}
                         
? 
! Extra alignment tab has been changed to \cr.
<template> \endtemplate 
                        
l.5280 \right]\end{split}
                         
? 

! Package array Error: Empty preamble: `l' used.

See the array package documentation for explanation.
Type  H <return>  for immediate help.
 ...                                              
                                                  
l.5280 \right]\end{split}
                         
? 
! Extra alignment tab has been changed to \cr.
<template> \endtemplate 
                        
l.5280 \right]\end{split}
                         
? 
! Extra alignment tab has been changed to \cr.
<template> \endtemplate 
                        
l.5280 \right]\end{split}
                         
? 

! Package array Error: Empty preamble: `l' used.

See the array package documentation for explanation.
Type  H <return>  for immediate help.
 ...                                              
                                                  
l.5286 \right]\end{split}
                         
? 
! Extra alignment tab has been changed to \cr.
<template> \endtemplate 
                        
l.5286 \right]\end{split}
                         
? 
! Extra alignment tab has been changed to \cr.
<template> \endtemplate 
                        
l.5286 \right]\end{split}
                         
? 

! Package array Error: Empty preamble: `l' used.

See the array package documentation for explanation.
Type  H <return>  for immediate help.
 ...                                              
                                                  
l.5286 \right]\end{split}
                         
? 
! Extra alignment tab has been changed to \cr.
<template> \endtemplate 
                        
l.5286 \right]\end{split}
                         
? 
! Extra alignment tab has been changed to \cr.
<template> \endtemplate 
                        
l.5286 \right]\end{split}
                         
? 

! Package array Error: Empty preamble: `l' used.

See the array package documentation for explanation.
Type  H <return>  for immediate help.
 ...                                              
                                                  
l.5292 \right]\end{split}
                         
? 
! Extra alignment tab has been changed to \cr.
<template> \endtemplate 
                        
l.5292 \right]\end{split}
                         
? 
! Extra alignment tab has been changed to \cr.
<template> \endtemplate 
                        
l.5292 \right]\end{split}
                         
? 

! Package array Error: Empty preamble: `l' used.

See the array package documentation for explanation.
Type  H <return>  for immediate help.
 ...                                              
                                                  
l.5292 \right]\end{split}
                         
? 
! Extra alignment tab has been changed to \cr.
<template> \endtemplate 
                        
l.5292 \right]\end{split}
                         
? 
! Extra alignment tab has been changed to \cr.
<template> \endtemplate 
                        
l.5292 \right]\end{split}
                         
? 

! Package array Error: Empty preamble: `l' used.

See the array package documentation for explanation.
Type  H <return>  for immediate help.
 ...                                              
                                                  
l.5298 \right]\end{split}
                         
? 
! Extra alignment tab has been changed to \cr.
<template> \endtemplate 
                        
l.5298 \right]\end{split}
                         
? 
! Extra alignment tab has been changed to \cr.
<template> \endtemplate 
                        
l.5298 \right]\end{split}
                         
? 

! Package array Error: Empty preamble: `l' used.

See the array package documentation for explanation.
Type  H <return>  for immediate help.
 ...                                              
                                                  
l.5298 \right]\end{split}
                         
? 
! Extra alignment tab has been changed to \cr.
<template> \endtemplate 
                        
l.5298 \right]\end{split}
                         
? 
! Extra alignment tab has been changed to \cr.
<template> \endtemplate 
                        
l.5298 \right]\end{split}
                         
? 

! Package array Error: Empty preamble: `l' used.

See the array package documentation for explanation.
Type  H <return>  for immediate help.
 ...                                              
                                                  
l.5304 \right]\end{split}
                         
? 
! Extra alignment tab has been changed to \cr.
<template> \endtemplate 
                        
l.5304 \right]\end{split}
                         
? 
! Extra alignment tab has been changed to \cr.
<template> \endtemplate 
                        
l.5304 \right]\end{split}
                         
? 

! Package array Error: Empty preamble: `l' used.

See the array package documentation for explanation.
Type  H <return>  for immediate help.
 ...                                              
                                                  
l.5304 \right]\end{split}
                         
? 
! Extra alignment tab has been changed to \cr.
<template> \endtemplate 
                        
l.5304 \right]\end{split}
                         
? 
! Extra alignment tab has been changed to \cr.
<template> \endtemplate 
                        
l.5304 \right]\end{split}
                         
? 

! Package array Error: Empty preamble: `l' used.

See the array package documentation for explanation.
Type  H <return>  for immediate help.
 ...                                              
                                                  
l.5310 \right]\end{split}
                         
? 
! Extra alignment tab has been changed to \cr.
<template> \endtemplate 
                        
l.5310 \right]\end{split}
                         
? 
! Extra alignment tab has been changed to \cr.
<template> \endtemplate 
                        
l.5310 \right]\end{split}
                         
? 

! Package array Error: Empty preamble: `l' used.

See the array package documentation for explanation.
Type  H <return>  for immediate help.
 ...                                              
                                                  
l.5310 \right]\end{split}
                         
? 
! Extra alignment tab has been changed to \cr.
<template> \endtemplate 
                        
l.5310 \right]\end{split}
                         
? 
! Extra alignment tab has been changed to \cr.
<template> \endtemplate 
                        
l.5310 \right]\end{split}
                         
? 
[87]

! Package array Error: Empty preamble: `l' used.

See the array package documentation for explanation.
Type  H <return>  for immediate help.
 ...                                              
                                                  
l.5359 \right]\end{split}
                         
? 
! Extra alignment tab has been changed to \cr.
<template> \endtemplate 
                        
l.5359 \right]\end{split}
                         
? 
! Extra alignment tab has been changed to \cr.
<template> \endtemplate 
                        
l.5359 \right]\end{split}
                         
? 

! Package array Error: Empty preamble: `l' used.

See the array package documentation for explanation.
Type  H <return>  for immediate help.
 ...                                              
                                                  
l.5359 \right]\end{split}
                         
? 
! Extra alignment tab has been changed to \cr.
<template> \endtemplate 
                        
l.5359 \right]\end{split}
                         
? 
! Extra alignment tab has been changed to \cr.
<template> \endtemplate 
                        
l.5359 \right]\end{split}
                         
? 

! Package array Error: Empty preamble: `l' used.

See the array package documentation for explanation.
Type  H <return>  for immediate help.
 ...                                              
                                                  
l.5366 \right]\end{split}
                         
? 
! Extra alignment tab has been changed to \cr.
<template> \endtemplate 
                        
l.5366 \right]\end{split}
                         
? 
! Extra alignment tab has been changed to \cr.
<template> \endtemplate 
                        
l.5366 \right]\end{split}
                         
? 

! Package array Error: Empty preamble: `l' used.

See the array package documentation for explanation.
Type  H <return>  for immediate help.
 ...                                              
                                                  
l.5366 \right]\end{split}
                         
? 
! Extra alignment tab has been changed to \cr.
<template> \endtemplate 
                        
l.5366 \right]\end{split}
                         
? 
! Extra alignment tab has been changed to \cr.
<template> \endtemplate 
                        
l.5366 \right]\end{split}
                         
? 

! Package array Error: Empty preamble: `l' used.

See the array package documentation for explanation.
Type  H <return>  for immediate help.
 ...                                              
                                                  
l.5373 \right]\end{split}
                         
? 
! Extra alignment tab has been changed to \cr.
<template> \endtemplate 
                        
l.5373 \right]\end{split}
                         
? 
! Extra alignment tab has been changed to \cr.
<template> \endtemplate 
                        
l.5373 \right]\end{split}
                         
? 

! Package array Error: Empty preamble: `l' used.

See the array package documentation for explanation.
Type  H <return>  for immediate help.
 ...                                              
                                                  
l.5373 \right]\end{split}
                         
? 
! Extra alignment tab has been changed to \cr.
<template> \endtemplate 
                        
l.5373 \right]\end{split}
                         
? 
! Extra alignment tab has been changed to \cr.
<template> \endtemplate 
                        
l.5373 \right]\end{split}
                         
? 

! Package array Error: Empty preamble: `l' used.

See the array package documentation for explanation.
Type  H <return>  for immediate help.
 ...                                              
                                                  
l.5380 \right]\end{split}
                         
? 
! Extra alignment tab has been changed to \cr.
<template> \endtemplate 
                        
l.5380 \right]\end{split}
                         
? 
! Extra alignment tab has been changed to \cr.
<template> \endtemplate 
                        
l.5380 \right]\end{split}
                         
? 

! Package array Error: Empty preamble: `l' used.

See the array package documentation for explanation.
Type  H <return>  for immediate help.
 ...                                              
                                                  
l.5380 \right]\end{split}
                         
? 
! Extra alignment tab has been changed to \cr.
<template> \endtemplate 
                        
l.5380 \right]\end{split}
                         
? 
! Extra alignment tab has been changed to \cr.
<template> \endtemplate 
                        
l.5380 \right]\end{split}
                         
? 
[88]

! Package array Error: Empty preamble: `l' used.

See the array package documentation for explanation.
Type  H <return>  for immediate help.
 ...                                              
                                                  
l.5431 \right]\end{split}
                         
? 
! Extra alignment tab has been changed to \cr.
<template> \endtemplate 
                        
l.5431 \right]\end{split}
                         
? 
! Extra alignment tab has been changed to \cr.
<template> \endtemplate 
                        
l.5431 \right]\end{split}
                         
? 
! Extra alignment tab has been changed to \cr.
<template> \endtemplate 
                        
l.5431 \right]\end{split}
                         
? 
! Extra alignment tab has been changed to \cr.
<template> \endtemplate 
                        
l.5431 \right]\end{split}
                         
? 
! Extra alignment tab has been changed to \cr.
<template> \endtemplate 
                        
l.5431 \right]\end{split}
                         
? 
! Extra alignment tab has been changed to \cr.
<template> \endtemplate 
                        
l.5431 \right]\end{split}
                         
? 

! Package array Error: Empty preamble: `l' used.

See the array package documentation for explanation.
Type  H <return>  for immediate help.
 ...                                              
                                                  
l.5431 \right]\end{split}
                         
? 
! Extra alignment tab has been changed to \cr.
<template> \endtemplate 
                        
l.5431 \right]\end{split}
                         
? 
! Extra alignment tab has been changed to \cr.
<template> \endtemplate 
                        
l.5431 \right]\end{split}
                         
? 
! Extra alignment tab has been changed to \cr.
<template> \endtemplate 
                        
l.5431 \right]\end{split}
                         
? 
! Extra alignment tab has been changed to \cr.
<template> \endtemplate 
                        
l.5431 \right]\end{split}
                         
? 
! Extra alignment tab has been changed to \cr.
<template> \endtemplate 
                        
l.5431 \right]\end{split}
                         
? 
! Extra alignment tab has been changed to \cr.
<template> \endtemplate 
                        
l.5431 \right]\end{split}
                         
? 

! Package array Error: Empty preamble: `l' used.

See the array package documentation for explanation.
Type  H <return>  for immediate help.
 ...                                              
                                                  
l.5439 \right]\end{split}
                         
? 
! Extra alignment tab has been changed to \cr.
<template> \endtemplate 
                        
l.5439 \right]\end{split}
                         
? 
! Extra alignment tab has been changed to \cr.
<template> \endtemplate 
                        
l.5439 \right]\end{split}
                         
? 

! Package array Error: Empty preamble: `l' used.

See the array package documentation for explanation.
Type  H <return>  for immediate help.
 ...                                              
                                                  
l.5439 \right]\end{split}
                         
? 
! Extra alignment tab has been changed to \cr.
<template> \endtemplate 
                        
l.5439 \right]\end{split}
                         
? 
! Extra alignment tab has been changed to \cr.
<template> \endtemplate 
                        
l.5439 \right]\end{split}
                         
? 

! Package array Error: Empty preamble: `l' used.

See the array package documentation for explanation.
Type  H <return>  for immediate help.
 ...                                              
                                                  
l.5445 \right]\end{split}
                         
? 
! Extra alignment tab has been changed to \cr.
<template> \endtemplate 
                        
l.5445 \right]\end{split}
                         
? 
! Extra alignment tab has been changed to \cr.
<template> \endtemplate 
                        
l.5445 \right]\end{split}
                         
? 

! Package array Error: Empty preamble: `l' used.

See the array package documentation for explanation.
Type  H <return>  for immediate help.
 ...                                              
                                                  
l.5445 \right]\end{split}
                         
? 
! Extra alignment tab has been changed to \cr.
<template> \endtemplate 
                        
l.5445 \right]\end{split}
                         
? 
! Extra alignment tab has been changed to \cr.
<template> \endtemplate 
                        
l.5445 \right]\end{split}
                         
? 

! Package array Error: Empty preamble: `l' used.

See the array package documentation for explanation.
Type  H <return>  for immediate help.
 ...                                              
                                                  
l.5452 \right]\end{split}
                         
? 
! Extra alignment tab has been changed to \cr.
<template> \endtemplate 
                        
l.5452 \right]\end{split}
                         
? 
! Extra alignment tab has been changed to \cr.
<template> \endtemplate 
                        
l.5452 \right]\end{split}
                         
? 

! Package array Error: Empty preamble: `l' used.

See the array package documentation for explanation.
Type  H <return>  for immediate help.
 ...                                              
                                                  
l.5452 \right]\end{split}
                         
? 
! Extra alignment tab has been changed to \cr.
<template> \endtemplate 
                        
l.5452 \right]\end{split}
                         
? 
! Extra alignment tab has been changed to \cr.
<template> \endtemplate 
                        
l.5452 \right]\end{split}
                         
? 

! Package array Error: Empty preamble: `l' used.

See the array package documentation for explanation.
Type  H <return>  for immediate help.
 ...                                              
                                                  
l.5460 \right]\end{split}
                         
? 
! Extra alignment tab has been changed to \cr.
<template> \endtemplate 
                        
l.5460 \right]\end{split}
                         
? 
! Extra alignment tab has been changed to \cr.
<template> \endtemplate 
                        
l.5460 \right]\end{split}
                         
? 
! Extra alignment tab has been changed to \cr.
<template> \endtemplate 
                        
l.5460 \right]\end{split}
                         
? 
! Extra alignment tab has been changed to \cr.
<template> \endtemplate 
                        
l.5460 \right]\end{split}
                         
? 
! Extra alignment tab has been changed to \cr.
<template> \endtemplate 
                        
l.5460 \right]\end{split}
                         
? 
! Extra alignment tab has been changed to \cr.
<template> \endtemplate 
                        
l.5460 \right]\end{split}
                         
? 

! Package array Error: Empty preamble: `l' used.

See the array package documentation for explanation.
Type  H <return>  for immediate help.
 ...                                              
                                                  
l.5460 \right]\end{split}
                         
? 
! Extra alignment tab has been changed to \cr.
<template> \endtemplate 
                        
l.5460 \right]\end{split}
                         
? 
! Extra alignment tab has been changed to \cr.
<template> \endtemplate 
                        
l.5460 \right]\end{split}
                         
? 
! Extra alignment tab has been changed to \cr.
<template> \endtemplate 
                        
l.5460 \right]\end{split}
                         
? 
! Extra alignment tab has been changed to \cr.
<template> \endtemplate 
                        
l.5460 \right]\end{split}
                         
? 
! Extra alignment tab has been changed to \cr.
<template> \endtemplate 
                        
l.5460 \right]\end{split}
                         
? 
! Extra alignment tab has been changed to \cr.
<template> \endtemplate 
                        
l.5460 \right]\end{split}
                         
? 
[89]

! Package array Error: Empty preamble: `l' used.

See the array package documentation for explanation.
Type  H <return>  for immediate help.
 ...                                              
                                                  
l.5525 \right]\end{split}
                         
? 
! Extra alignment tab has been changed to \cr.
<template> \endtemplate 
                        
l.5525 \right]\end{split}
                         
? 
! Extra alignment tab has been changed to \cr.
<template> \endtemplate 
                        
l.5525 \right]\end{split}
                         
? 
! Extra alignment tab has been changed to \cr.
<template> \endtemplate 
                        
l.5525 \right]\end{split}
                         
? 
! Extra alignment tab has been changed to \cr.
<template> \endtemplate 
                        
l.5525 \right]\end{split}
                         
? 
! Extra alignment tab has been changed to \cr.
<template> \endtemplate 
                        
l.5525 \right]\end{split}
                         
? 
! Extra alignment tab has been changed to \cr.
<template> \endtemplate 
                        
l.5525 \right]\end{split}
                         
? 
! Extra alignment tab has been changed to \cr.
<template> \endtemplate 
                        
l.5525 \right]\end{split}
                         
? 
! Extra alignment tab has been changed to \cr.
<template> \endtemplate 
                        
l.5525 \right]\end{split}
                         
? 
! Extra alignment tab has been changed to \cr.
<template> \endtemplate 
                        
l.5525 \right]\end{split}
                         
? 
! Extra alignment tab has been changed to \cr.
<template> \endtemplate 
                        
l.5525 \right]\end{split}
                         
? 
! Extra alignment tab has been changed to \cr.
<template> \endtemplate 
                        
l.5525 \right]\end{split}
                         
? 
! Extra alignment tab has been changed to \cr.
<template> \endtemplate 
                        
l.5525 \right]\end{split}
                         
? 
! Extra alignment tab has been changed to \cr.
<template> \endtemplate 
                        
l.5525 \right]\end{split}
                         
? 
! Extra alignment tab has been changed to \cr.
<template> \endtemplate 
                        
l.5525 \right]\end{split}
                         
? 
! Extra alignment tab has been changed to \cr.
<template> \endtemplate 
                        
l.5525 \right]\end{split}
                         
? 

! Package array Error: Empty preamble: `l' used.

See the array package documentation for explanation.
Type  H <return>  for immediate help.
 ...                                              
                                                  
l.5525 \right]\end{split}
                         
? 
! Extra alignment tab has been changed to \cr.
<template> \endtemplate 
                        
l.5525 \right]\end{split}
                         
? 
! Extra alignment tab has been changed to \cr.
<template> \endtemplate 
                        
l.5525 \right]\end{split}
                         
? 
! Extra alignment tab has been changed to \cr.
<template> \endtemplate 
                        
l.5525 \right]\end{split}
                         
? 
! Extra alignment tab has been changed to \cr.
<template> \endtemplate 
                        
l.5525 \right]\end{split}
                         
? 
! Extra alignment tab has been changed to \cr.
<template> \endtemplate 
                        
l.5525 \right]\end{split}
                         
? 
! Extra alignment tab has been changed to \cr.
<template> \endtemplate 
                        
l.5525 \right]\end{split}
                         
? 
! Extra alignment tab has been changed to \cr.
<template> \endtemplate 
                        
l.5525 \right]\end{split}
                         
? 
! Extra alignment tab has been changed to \cr.
<template> \endtemplate 
                        
l.5525 \right]\end{split}
                         
? 
! Extra alignment tab has been changed to \cr.
<template> \endtemplate 
                        
l.5525 \right]\end{split}
                         
? 
! Extra alignment tab has been changed to \cr.
<template> \endtemplate 
                        
l.5525 \right]\end{split}
                         
? 
! Extra alignment tab has been changed to \cr.
<template> \endtemplate 
                        
l.5525 \right]\end{split}
                         
? 
! Extra alignment tab has been changed to \cr.
<template> \endtemplate 
                        
l.5525 \right]\end{split}
                         
? 
! Extra alignment tab has been changed to \cr.
<template> \endtemplate 
                        
l.5525 \right]\end{split}
                         
? 
! Extra alignment tab has been changed to \cr.
<template> \endtemplate 
                        
l.5525 \right]\end{split}
                         
? 
! Extra alignment tab has been changed to \cr.
<template> \endtemplate 
                        
l.5525 \right]\end{split}
                         
? 
[90]

! Package array Error: Empty preamble: `l' used.

See the array package documentation for explanation.
Type  H <return>  for immediate help.
 ...                                              
                                                  
l.5534 \right]\end{split}
                         
? 
! Extra alignment tab has been changed to \cr.
<template> \endtemplate 
                        
l.5534 \right]\end{split}
                         
? 
! Extra alignment tab has been changed to \cr.
<template> \endtemplate 
                        
l.5534 \right]\end{split}
                         
? 
! Extra alignment tab has been changed to \cr.
<template> \endtemplate 
                        
l.5534 \right]\end{split}
                         
? 
! Extra alignment tab has been changed to \cr.
<template> \endtemplate 
                        
l.5534 \right]\end{split}
                         
? 
! Extra alignment tab has been changed to \cr.
<template> \endtemplate 
                        
l.5534 \right]\end{split}
                         
? 
! Extra alignment tab has been changed to \cr.
<template> \endtemplate 
                        
l.5534 \right]\end{split}
                         
? 
! Extra alignment tab has been changed to \cr.
<template> \endtemplate 
                        
l.5534 \right]\end{split}
                         
? 
! Extra alignment tab has been changed to \cr.
<template> \endtemplate 
                        
l.5534 \right]\end{split}
                         
? 
! Extra alignment tab has been changed to \cr.
<template> \endtemplate 
                        
l.5534 \right]\end{split}
                         
? 
! Extra alignment tab has been changed to \cr.
<template> \endtemplate 
                        
l.5534 \right]\end{split}
                         
? 
! Extra alignment tab has been changed to \cr.
<template> \endtemplate 
                        
l.5534 \right]\end{split}
                         
? 
! Extra alignment tab has been changed to \cr.
<template> \endtemplate 
                        
l.5534 \right]\end{split}
                         
? 

! Package array Error: Empty preamble: `l' used.

See the array package documentation for explanation.
Type  H <return>  for immediate help.
 ...                                              
                                                  
l.5534 \right]\end{split}
                         
? 
! Extra alignment tab has been changed to \cr.
<template> \endtemplate 
                        
l.5534 \right]\end{split}
                         
? 
! Extra alignment tab has been changed to \cr.
<template> \endtemplate 
                        
l.5534 \right]\end{split}
                         
? 
! Extra alignment tab has been changed to \cr.
<template> \endtemplate 
                        
l.5534 \right]\end{split}
                         
? 
! Extra alignment tab has been changed to \cr.
<template> \endtemplate 
                        
l.5534 \right]\end{split}
                         
? 
! Extra alignment tab has been changed to \cr.
<template> \endtemplate 
                        
l.5534 \right]\end{split}
                         
? 
! Extra alignment tab has been changed to \cr.
<template> \endtemplate 
                        
l.5534 \right]\end{split}
                         
? 
! Extra alignment tab has been changed to \cr.
<template> \endtemplate 
                        
l.5534 \right]\end{split}
                         
? 
! Extra alignment tab has been changed to \cr.
<template> \endtemplate 
                        
l.5534 \right]\end{split}
                         
? 
! Extra alignment tab has been changed to \cr.
<template> \endtemplate 
                        
l.5534 \right]\end{split}
                         
? 
! Extra alignment tab has been changed to \cr.
<template> \endtemplate 
                        
l.5534 \right]\end{split}
                         
? 
! Extra alignment tab has been changed to \cr.
<template> \endtemplate 
                        
l.5534 \right]\end{split}
                         
? 
! Extra alignment tab has been changed to \cr.
<template> \endtemplate 
                        
l.5534 \right]\end{split}
                         
? 

! Package array Error: Empty preamble: `l' used.

See the array package documentation for explanation.
Type  H <return>  for immediate help.
 ...                                              
                                                  
l.5543 \right]\end{split}
                         
? 
! Extra alignment tab has been changed to \cr.
<template> \endtemplate 
                        
l.5543 \right]\end{split}
                         
? 
! Extra alignment tab has been changed to \cr.
<template> \endtemplate 
                        
l.5543 \right]\end{split}
                         
? 
! Extra alignment tab has been changed to \cr.
<template> \endtemplate 
                        
l.5543 \right]\end{split}
                         
? 
! Extra alignment tab has been changed to \cr.
<template> \endtemplate 
                        
l.5543 \right]\end{split}
                         
? 
! Extra alignment tab has been changed to \cr.
<template> \endtemplate 
                        
l.5543 \right]\end{split}
                         
? 
! Extra alignment tab has been changed to \cr.
<template> \endtemplate 
                        
l.5543 \right]\end{split}
                         
? 
! Extra alignment tab has been changed to \cr.
<template> \endtemplate 
                        
l.5543 \right]\end{split}
                         
? 
! Extra alignment tab has been changed to \cr.
<template> \endtemplate 
                        
l.5543 \right]\end{split}
                         
? 
! Extra alignment tab has been changed to \cr.
<template> \endtemplate 
                        
l.5543 \right]\end{split}
                         
? 
! Extra alignment tab has been changed to \cr.
<template> \endtemplate 
                        
l.5543 \right]\end{split}
                         
? 
! Extra alignment tab has been changed to \cr.
<template> \endtemplate 
                        
l.5543 \right]\end{split}
                         
? 
! Extra alignment tab has been changed to \cr.
<template> \endtemplate 
                        
l.5543 \right]\end{split}
                         
? 

! Package array Error: Empty preamble: `l' used.

See the array package documentation for explanation.
Type  H <return>  for immediate help.
 ...                                              
                                                  
l.5543 \right]\end{split}
                         
? 
! Extra alignment tab has been changed to \cr.
<template> \endtemplate 
                        
l.5543 \right]\end{split}
                         
? 
! Extra alignment tab has been changed to \cr.
<template> \endtemplate 
                        
l.5543 \right]\end{split}
                         
? 
! Extra alignment tab has been changed to \cr.
<template> \endtemplate 
                        
l.5543 \right]\end{split}
                         
? 
! Extra alignment tab has been changed to \cr.
<template> \endtemplate 
                        
l.5543 \right]\end{split}
                         
? 
! Extra alignment tab has been changed to \cr.
<template> \endtemplate 
                        
l.5543 \right]\end{split}
                         
? 
! Extra alignment tab has been changed to \cr.
<template> \endtemplate 
                        
l.5543 \right]\end{split}
                         
? 
! Extra alignment tab has been changed to \cr.
<template> \endtemplate 
                        
l.5543 \right]\end{split}
                         
? 
! Extra alignment tab has been changed to \cr.
<template> \endtemplate 
                        
l.5543 \right]\end{split}
                         
? 
! Extra alignment tab has been changed to \cr.
<template> \endtemplate 
                        
l.5543 \right]\end{split}
                         
? 
! Extra alignment tab has been changed to \cr.
<template> \endtemplate 
                        
l.5543 \right]\end{split}
                         
? 
! Extra alignment tab has been changed to \cr.
<template> \endtemplate 
                        
l.5543 \right]\end{split}
                         
? 
! Extra alignment tab has been changed to \cr.
<template> \endtemplate 
                        
l.5543 \right]\end{split}
                         
? 
[91]

! Package array Error: Empty preamble: `l' used.

See the array package documentation for explanation.
Type  H <return>  for immediate help.
 ...                                              
                                                  
l.5575 \right]\end{split}
                         
? 
! Extra alignment tab has been changed to \cr.
<template> \endtemplate 
                        
l.5575 \right]\end{split}
                         
? 
! Extra alignment tab has been changed to \cr.
<template> \endtemplate 
                        
l.5575 \right]\end{split}
                         
? 
! Extra alignment tab has been changed to \cr.
<template> \endtemplate 
                        
l.5575 \right]\end{split}
                         
? 
! Extra alignment tab has been changed to \cr.
<template> \endtemplate 
                        
l.5575 \right]\end{split}
                         
? 

! Package array Error: Empty preamble: `l' used.

See the array package documentation for explanation.
Type  H <return>  for immediate help.
 ...                                              
                                                  
l.5575 \right]\end{split}
                         
? 
! Extra alignment tab has been changed to \cr.
<template> \endtemplate 
                        
l.5575 \right]\end{split}
                         
? 
! Extra alignment tab has been changed to \cr.
<template> \endtemplate 
                        
l.5575 \right]\end{split}
                         
? 
! Extra alignment tab has been changed to \cr.
<template> \endtemplate 
                        
l.5575 \right]\end{split}
                         
? 
! Extra alignment tab has been changed to \cr.
<template> \endtemplate 
                        
l.5575 \right]\end{split}
                         
? 

! Package array Error: Empty preamble: `l' used.

See the array package documentation for explanation.
Type  H <return>  for immediate help.
 ...                                              
                                                  
l.5582 \right]\end{split}
                         
? 
! Extra alignment tab has been changed to \cr.
<template> \endtemplate 
                        
l.5582 \right]\end{split}
                         
? 
! Extra alignment tab has been changed to \cr.
<template> \endtemplate 
                        
l.5582 \right]\end{split}
                         
? 
! Extra alignment tab has been changed to \cr.
<template> \endtemplate 
                        
l.5582 \right]\end{split}
                         
? 
! Extra alignment tab has been changed to \cr.
<template> \endtemplate 
                        
l.5582 \right]\end{split}
                         
? 

! Package array Error: Empty preamble: `l' used.

See the array package documentation for explanation.
Type  H <return>  for immediate help.
 ...                                              
                                                  
l.5582 \right]\end{split}
                         
? 
! Extra alignment tab has been changed to \cr.
<template> \endtemplate 
                        
l.5582 \right]\end{split}
                         
? 
! Extra alignment tab has been changed to \cr.
<template> \endtemplate 
                        
l.5582 \right]\end{split}
                         
? 
! Extra alignment tab has been changed to \cr.
<template> \endtemplate 
                        
l.5582 \right]\end{split}
                         
? 
! Extra alignment tab has been changed to \cr.
<template> \endtemplate 
                        
l.5582 \right]\end{split}
                         
? 

! Package array Error: Empty preamble: `l' used.

See the array package documentation for explanation.
Type  H <return>  for immediate help.
 ...                                              
                                                  
l.5591 \right]\end{split}
                         
? 
! Extra alignment tab has been changed to \cr.
<template> \endtemplate 
                        
l.5591 \right]\end{split}
                         
? 
! Extra alignment tab has been changed to \cr.
<template> \endtemplate 
                        
l.5591 \right]\end{split}
                         
? 
! Extra alignment tab has been changed to \cr.
<template> \endtemplate 
                        
l.5591 \right]\end{split}
                         
? 
! Extra alignment tab has been changed to \cr.
<template> \endtemplate 
                        
l.5591 \right]\end{split}
                         
? 
! Extra alignment tab has been changed to \cr.
<template> \endtemplate 
                        
l.5591 \right]\end{split}
                         
? 
! Extra alignment tab has been changed to \cr.
<template> \endtemplate 
                        
l.5591 \right]\end{split}
                         
? 
! Extra alignment tab has been changed to \cr.
<template> \endtemplate 
                        
l.5591 \right]\end{split}
                         
? 
! Extra alignment tab has been changed to \cr.
<template> \endtemplate 
                        
l.5591 \right]\end{split}
                         
? 

! Package array Error: Empty preamble: `l' used.

See the array package documentation for explanation.
Type  H <return>  for immediate help.
 ...                                              
                                                  
l.5591 \right]\end{split}
                         
? 
! Extra alignment tab has been changed to \cr.
<template> \endtemplate 
                        
l.5591 \right]\end{split}
                         
? 
! Extra alignment tab has been changed to \cr.
<template> \endtemplate 
                        
l.5591 \right]\end{split}
                         
? 
! Extra alignment tab has been changed to \cr.
<template> \endtemplate 
                        
l.5591 \right]\end{split}
                         
? 
! Extra alignment tab has been changed to \cr.
<template> \endtemplate 
                        
l.5591 \right]\end{split}
                         
? 
! Extra alignment tab has been changed to \cr.
<template> \endtemplate 
                        
l.5591 \right]\end{split}
                         
? 
! Extra alignment tab has been changed to \cr.
<template> \endtemplate 
                        
l.5591 \right]\end{split}
                         
? 
! Extra alignment tab has been changed to \cr.
<template> \endtemplate 
                        
l.5591 \right]\end{split}
                         
? 
! Extra alignment tab has been changed to \cr.
<template> \endtemplate 
                        
l.5591 \right]\end{split}
                         
? 

! Package array Error: Empty preamble: `l' used.

See the array package documentation for explanation.
Type  H <return>  for immediate help.
 ...                                              
                                                  
l.5598 \right]\end{split}
                         
? 
! Extra alignment tab has been changed to \cr.
<template> \endtemplate 
                        
l.5598 \right]\end{split}
                         
? 
! Extra alignment tab has been changed to \cr.
<template> \endtemplate 
                        
l.5598 \right]\end{split}
                         
? 
! Extra alignment tab has been changed to \cr.
<template> \endtemplate 
                        
l.5598 \right]\end{split}
                         
? 
! Extra alignment tab has been changed to \cr.
<template> \endtemplate 
                        
l.5598 \right]\end{split}
                         
? 
! Extra alignment tab has been changed to \cr.
<template> \endtemplate 
                        
l.5598 \right]\end{split}
                         
? 
! Extra alignment tab has been changed to \cr.
<template> \endtemplate 
                        
l.5598 \right]\end{split}
                         
? 
! Extra alignment tab has been changed to \cr.
<template> \endtemplate 
                        
l.5598 \right]\end{split}
                         
? 
! Extra alignment tab has been changed to \cr.
<template> \endtemplate 
                        
l.5598 \right]\end{split}
                         
? 
! Extra alignment tab has been changed to \cr.
<template> \endtemplate 
                        
l.5598 \right]\end{split}
                         
? 
! Extra alignment tab has been changed to \cr.
<template> \endtemplate 
                        
l.5598 \right]\end{split}
                         
? 

! Package array Error: Empty preamble: `l' used.

See the array package documentation for explanation.
Type  H <return>  for immediate help.
 ...                                              
                                                  
l.5598 \right]\end{split}
                         
? 
! Extra alignment tab has been changed to \cr.
<template> \endtemplate 
                        
l.5598 \right]\end{split}
                         
? 
! Extra alignment tab has been changed to \cr.
<template> \endtemplate 
                        
l.5598 \right]\end{split}
                         
? 
! Extra alignment tab has been changed to \cr.
<template> \endtemplate 
                        
l.5598 \right]\end{split}
                         
? 
! Extra alignment tab has been changed to \cr.
<template> \endtemplate 
                        
l.5598 \right]\end{split}
                         
? 
! Extra alignment tab has been changed to \cr.
<template> \endtemplate 
                        
l.5598 \right]\end{split}
                         
? 
! Extra alignment tab has been changed to \cr.
<template> \endtemplate 
                        
l.5598 \right]\end{split}
                         
? 
! Extra alignment tab has been changed to \cr.
<template> \endtemplate 
                        
l.5598 \right]\end{split}
                         
? 
! Extra alignment tab has been changed to \cr.
<template> \endtemplate 
                        
l.5598 \right]\end{split}
                         
? 
! Extra alignment tab has been changed to \cr.
<template> \endtemplate 
                        
l.5598 \right]\end{split}
                         
? 
! Extra alignment tab has been changed to \cr.
<template> \endtemplate 
                        
l.5598 \right]\end{split}
                         
? 
[92] [93]

! Package array Error: Empty preamble: `l' used.

See the array package documentation for explanation.
Type  H <return>  for immediate help.
 ...                                              
                                                  
l.5785 \right]\end{split}
                         
? 
! Extra alignment tab has been changed to \cr.
<template> \endtemplate 
                        
l.5785 \right]\end{split}
                         
? 
! Extra alignment tab has been changed to \cr.
<template> \endtemplate 
                        
l.5785 \right]\end{split}
                         
? 
! Extra alignment tab has been changed to \cr.
<template> \endtemplate 
                        
l.5785 \right]\end{split}
                         
? 
! Extra alignment tab has been changed to \cr.
<template> \endtemplate 
                        
l.5785 \right]\end{split}
                         
? 
! Extra alignment tab has been changed to \cr.
<template> \endtemplate 
                        
l.5785 \right]\end{split}
                         
? 
! Extra alignment tab has been changed to \cr.
<template> \endtemplate 
                        
l.5785 \right]\end{split}
                         
? 
! Extra alignment tab has been changed to \cr.
<template> \endtemplate 
                        
l.5785 \right]\end{split}
                         
? 
! Extra alignment tab has been changed to \cr.
<template> \endtemplate 
                        
l.5785 \right]\end{split}
                         
? 

! Package array Error: Empty preamble: `l' used.

See the array package documentation for explanation.
Type  H <return>  for immediate help.
 ...                                              
                                                  
l.5785 \right]\end{split}
                         
? 
! Extra alignment tab has been changed to \cr.
<template> \endtemplate 
                        
l.5785 \right]\end{split}
                         
? 
! Extra alignment tab has been changed to \cr.
<template> \endtemplate 
                        
l.5785 \right]\end{split}
                         
? 
! Extra alignment tab has been changed to \cr.
<template> \endtemplate 
                        
l.5785 \right]\end{split}
                         
? 
! Extra alignment tab has been changed to \cr.
<template> \endtemplate 
                        
l.5785 \right]\end{split}
                         
? 
! Extra alignment tab has been changed to \cr.
<template> \endtemplate 
                        
l.5785 \right]\end{split}
                         
? 
! Extra alignment tab has been changed to \cr.
<template> \endtemplate 
                        
l.5785 \right]\end{split}
                         
? 
! Extra alignment tab has been changed to \cr.
<template> \endtemplate 
                        
l.5785 \right]\end{split}
                         
? 
! Extra alignment tab has been changed to \cr.
<template> \endtemplate 
                        
l.5785 \right]\end{split}
                         
? 
[94]

! Package array Error: Empty preamble: `l' used.

See the array package documentation for explanation.
Type  H <return>  for immediate help.
 ...                                              
                                                  
l.5791 \right]\end{split}
                         
? 
! Extra alignment tab has been changed to \cr.
<template> \endtemplate 
                        
l.5791 \right]\end{split}
                         
? 
! Extra alignment tab has been changed to \cr.
<template> \endtemplate 
                        
l.5791 \right]\end{split}
                         
? 

! Package array Error: Empty preamble: `l' used.

See the array package documentation for explanation.
Type  H <return>  for immediate help.
 ...                                              
                                                  
l.5791 \right]\end{split}
                         
? 
! Extra alignment tab has been changed to \cr.
<template> \endtemplate 
                        
l.5791 \right]\end{split}
                         
? 
! Extra alignment tab has been changed to \cr.
<template> \endtemplate 
                        
l.5791 \right]\end{split}
                         
? 

! Package array Error: Empty preamble: `l' used.

See the array package documentation for explanation.
Type  H <return>  for immediate help.
 ...                                              
                                                  
l.5800 \right]\end{split}
                         
? 
! Extra alignment tab has been changed to \cr.
<template> \endtemplate 
                        
l.5800 \right]\end{split}
                         
? 
! Extra alignment tab has been changed to \cr.
<template> \endtemplate 
                        
l.5800 \right]\end{split}
                         
? 
! Extra alignment tab has been changed to \cr.
<template> \endtemplate 
                        
l.5800 \right]\end{split}
                         
? 
! Extra alignment tab has been changed to \cr.
<template> \endtemplate 
                        
l.5800 \right]\end{split}
                         
? 
! Extra alignment tab has been changed to \cr.
<template> \endtemplate 
                        
l.5800 \right]\end{split}
                         
? 
! Extra alignment tab has been changed to \cr.
<template> \endtemplate 
                        
l.5800 \right]\end{split}
                         
? 
! Extra alignment tab has been changed to \cr.
<template> \endtemplate 
                        
l.5800 \right]\end{split}
                         
? 
! Extra alignment tab has been changed to \cr.
<template> \endtemplate 
                        
l.5800 \right]\end{split}
                         
? 

! Package array Error: Empty preamble: `l' used.

See the array package documentation for explanation.
Type  H <return>  for immediate help.
 ...                                              
                                                  
l.5800 \right]\end{split}
                         
? 
! Extra alignment tab has been changed to \cr.
<template> \endtemplate 
                        
l.5800 \right]\end{split}
                         
? 
! Extra alignment tab has been changed to \cr.
<template> \endtemplate 
                        
l.5800 \right]\end{split}
                         
? 
! Extra alignment tab has been changed to \cr.
<template> \endtemplate 
                        
l.5800 \right]\end{split}
                         
? 
! Extra alignment tab has been changed to \cr.
<template> \endtemplate 
                        
l.5800 \right]\end{split}
                         
? 
! Extra alignment tab has been changed to \cr.
<template> \endtemplate 
                        
l.5800 \right]\end{split}
                         
? 
! Extra alignment tab has been changed to \cr.
<template> \endtemplate 
                        
l.5800 \right]\end{split}
                         
? 
! Extra alignment tab has been changed to \cr.
<template> \endtemplate 
                        
l.5800 \right]\end{split}
                         
? 
! Extra alignment tab has been changed to \cr.
<template> \endtemplate 
                        
l.5800 \right]\end{split}
                         
? 
[95] [96]

! Package array Error: Empty preamble: `l' used.

See the array package documentation for explanation.
Type  H <return>  for immediate help.
 ...                                              
                                                  
l.6021 \right]\end{split}
                         
? 
! Extra alignment tab has been changed to \cr.
<template> \endtemplate 
                        
l.6021 \right]\end{split}
                         
? 
! Extra alignment tab has been changed to \cr.
<template> \endtemplate 
                        
l.6021 \right]\end{split}
                         
? 
! Extra alignment tab has been changed to \cr.
<template> \endtemplate 
                        
l.6021 \right]\end{split}
                         
? 
! Extra alignment tab has been changed to \cr.
<template> \endtemplate 
                        
l.6021 \right]\end{split}
                         
? 

! Package array Error: Empty preamble: `l' used.

See the array package documentation for explanation.
Type  H <return>  for immediate help.
 ...                                              
                                                  
l.6021 \right]\end{split}
                         
? 
! Extra alignment tab has been changed to \cr.
<template> \endtemplate 
                        
l.6021 \right]\end{split}
                         
? 
! Extra alignment tab has been changed to \cr.
<template> \endtemplate 
                        
l.6021 \right]\end{split}
                         
? 
! Extra alignment tab has been changed to \cr.
<template> \endtemplate 
                        
l.6021 \right]\end{split}
                         
? 
! Extra alignment tab has been changed to \cr.
<template> \endtemplate 
                        
l.6021 \right]\end{split}
                         
? 
[97]

! Package array Error: Empty preamble: `l' used.

See the array package documentation for explanation.
Type  H <return>  for immediate help.
 ...                                              
                                                  
l.6031 \right]\end{split}
                         
? 
! Extra alignment tab has been changed to \cr.
<template> \endtemplate 
                        
l.6031 \right]\end{split}
                         
? 
! Extra alignment tab has been changed to \cr.
<template> \endtemplate 
                        
l.6031 \right]\end{split}
                         
? 
! Extra alignment tab has been changed to \cr.
<template> \endtemplate 
                        
l.6031 \right]\end{split}
                         
? 
! Extra alignment tab has been changed to \cr.
<template> \endtemplate 
                        
l.6031 \right]\end{split}
                         
? 

! Package array Error: Empty preamble: `l' used.

See the array package documentation for explanation.
Type  H <return>  for immediate help.
 ...                                              
                                                  
l.6031 \right]\end{split}
                         
? 
! Extra alignment tab has been changed to \cr.
<template> \endtemplate 
                        
l.6031 \right]\end{split}
                         
? 
! Extra alignment tab has been changed to \cr.
<template> \endtemplate 
                        
l.6031 \right]\end{split}
                         
? 
! Extra alignment tab has been changed to \cr.
<template> \endtemplate 
                        
l.6031 \right]\end{split}
                         
? 
! Extra alignment tab has been changed to \cr.
<template> \endtemplate 
                        
l.6031 \right]\end{split}
                         
? 

! Package array Error: Empty preamble: `l' used.

See the array package documentation for explanation.
Type  H <return>  for immediate help.
 ...                                              
                                                  
l.6037 \right]\end{split}
                         
? 
! Extra alignment tab has been changed to \cr.
<template> \endtemplate 
                        
l.6037 \right]\end{split}
                         
? 
! Extra alignment tab has been changed to \cr.
<template> \endtemplate 
                        
l.6037 \right]\end{split}
                         
? 
! Extra alignment tab has been changed to \cr.
<template> \endtemplate 
                        
l.6037 \right]\end{split}
                         
? 
! Extra alignment tab has been changed to \cr.
<template> \endtemplate 
                        
l.6037 \right]\end{split}
                         
? 

! Package array Error: Empty preamble: `l' used.

See the array package documentation for explanation.
Type  H <return>  for immediate help.
 ...                                              
                                                  
l.6037 \right]\end{split}
                         
? 
! Extra alignment tab has been changed to \cr.
<template> \endtemplate 
                        
l.6037 \right]\end{split}
                         
? 
! Extra alignment tab has been changed to \cr.
<template> \endtemplate 
                        
l.6037 \right]\end{split}
                         
? 
! Extra alignment tab has been changed to \cr.
<template> \endtemplate 
                        
l.6037 \right]\end{split}
                         
? 
! Extra alignment tab has been changed to \cr.
<template> \endtemplate 
                        
l.6037 \right]\end{split}
                         
? 

! Package array Error: Empty preamble: `l' used.

See the array package documentation for explanation.
Type  H <return>  for immediate help.
 ...                                              
                                                  
l.6047 \right]\end{split}
                         
? 
! Extra alignment tab has been changed to \cr.
<template> \endtemplate 
                        
l.6047 \right]\end{split}
                         
? 
! Extra alignment tab has been changed to \cr.
<template> \endtemplate 
                        
l.6047 \right]\end{split}
                         
? 
! Extra alignment tab has been changed to \cr.
<template> \endtemplate 
                        
l.6047 \right]\end{split}
                         
? 
! Extra alignment tab has been changed to \cr.
<template> \endtemplate 
                        
l.6047 \right]\end{split}
                         
? 

! Package array Error: Empty preamble: `l' used.

See the array package documentation for explanation.
Type  H <return>  for immediate help.
 ...                                              
                                                  
l.6047 \right]\end{split}
                         
? 
! Extra alignment tab has been changed to \cr.
<template> \endtemplate 
                        
l.6047 \right]\end{split}
                         
? 
! Extra alignment tab has been changed to \cr.
<template> \endtemplate 
                        
l.6047 \right]\end{split}
                         
? 
! Extra alignment tab has been changed to \cr.
<template> \endtemplate 
                        
l.6047 \right]\end{split}
                         
? 
! Extra alignment tab has been changed to \cr.
<template> \endtemplate 
                        
l.6047 \right]\end{split}
                         
? 

! Package array Error: Empty preamble: `l' used.

See the array package documentation for explanation.
Type  H <return>  for immediate help.
 ...                                              
                                                  
l.6099 \right]\end{split}
                         
? 
! Extra alignment tab has been changed to \cr.
<template> \endtemplate 
                        
l.6099 \right]\end{split}
                         
? 
! Extra alignment tab has been changed to \cr.
<template> \endtemplate 
                        
l.6099 \right]\end{split}
                         
? 

! Package array Error: Empty preamble: `l' used.

See the array package documentation for explanation.
Type  H <return>  for immediate help.
 ...                                              
                                                  
l.6099 \right]\end{split}
                         
? 
! Extra alignment tab has been changed to \cr.
<template> \endtemplate 
                        
l.6099 \right]\end{split}
                         
? 
! Extra alignment tab has been changed to \cr.
<template> \endtemplate 
                        
l.6099 \right]\end{split}
                         
? 

! Package array Error: Empty preamble: `l' used.

See the array package documentation for explanation.
Type  H <return>  for immediate help.
 ...                                              
                                                  
l.6105 \right]\end{split}
                         
? 
! Extra alignment tab has been changed to \cr.
<template> \endtemplate 
                        
l.6105 \right]\end{split}
                         
? 
! Extra alignment tab has been changed to \cr.
<template> \endtemplate 
                        
l.6105 \right]\end{split}
                         
? 

! Package array Error: Empty preamble: `l' used.

See the array package documentation for explanation.
Type  H <return>  for immediate help.
 ...                                              
                                                  
l.6105 \right]\end{split}
                         
? 
! Extra alignment tab has been changed to \cr.
<template> \endtemplate 
                        
l.6105 \right]\end{split}
                         
? 
! Extra alignment tab has been changed to \cr.
<template> \endtemplate 
                        
l.6105 \right]\end{split}
                         
? 
[98]

! Package array Error: Empty preamble: `l' used.

See the array package documentation for explanation.
Type  H <return>  for immediate help.
 ...                                              
                                                  
l.6111 \right]\end{split}
                         
? 
! Extra alignment tab has been changed to \cr.
<template> \endtemplate 
                        
l.6111 \right]\end{split}
                         
? 
! Extra alignment tab has been changed to \cr.
<template> \endtemplate 
                        
l.6111 \right]\end{split}
                         
? 

! Package array Error: Empty preamble: `l' used.

See the array package documentation for explanation.
Type  H <return>  for immediate help.
 ...                                              
                                                  
l.6111 \right]\end{split}
                         
? 
! Extra alignment tab has been changed to \cr.
<template> \endtemplate 
                        
l.6111 \right]\end{split}
                         
? 
! Extra alignment tab has been changed to \cr.
<template> \endtemplate 
                        
l.6111 \right]\end{split}
                         
? 

! Package array Error: Empty preamble: `l' used.

See the array package documentation for explanation.
Type  H <return>  for immediate help.
 ...                                              
                                                  
l.6117 \right]\end{split}
                         
? 
! Extra alignment tab has been changed to \cr.
<template> \endtemplate 
                        
l.6117 \right]\end{split}
                         
? 
! Extra alignment tab has been changed to \cr.
<template> \endtemplate 
                        
l.6117 \right]\end{split}
                         
? 

! Package array Error: Empty preamble: `l' used.

See the array package documentation for explanation.
Type  H <return>  for immediate help.
 ...                                              
                                                  
l.6117 \right]\end{split}
                         
? 
! Extra alignment tab has been changed to \cr.
<template> \endtemplate 
                        
l.6117 \right]\end{split}
                         
? 
! Extra alignment tab has been changed to \cr.
<template> \endtemplate 
                        
l.6117 \right]\end{split}
                         
? 

! Package array Error: Empty preamble: `l' used.

See the array package documentation for explanation.
Type  H <return>  for immediate help.
 ...                                              
                                                  
l.6123 \right]\end{split}
                         
? 
! Extra alignment tab has been changed to \cr.
<template> \endtemplate 
                        
l.6123 \right]\end{split}
                         
? 
! Extra alignment tab has been changed to \cr.
<template> \endtemplate 
                        
l.6123 \right]\end{split}
                         
? 

! Package array Error: Empty preamble: `l' used.

See the array package documentation for explanation.
Type  H <return>  for immediate help.
 ...                                              
                                                  
l.6123 \right]\end{split}
                         
? 
! Extra alignment tab has been changed to \cr.
<template> \endtemplate 
                        
l.6123 \right]\end{split}
                         
? 
! Extra alignment tab has been changed to \cr.
<template> \endtemplate 
                        
l.6123 \right]\end{split}
                         
? 

! Package array Error: Empty preamble: `l' used.

See the array package documentation for explanation.
Type  H <return>  for immediate help.
 ...                                              
                                                  
l.6129 \right]\end{split}
                         
? 
! Extra alignment tab has been changed to \cr.
<template> \endtemplate 
                        
l.6129 \right]\end{split}
                         
? 
! Extra alignment tab has been changed to \cr.
<template> \endtemplate 
                        
l.6129 \right]\end{split}
                         
? 

! Package array Error: Empty preamble: `l' used.

See the array package documentation for explanation.
Type  H <return>  for immediate help.
 ...                                              
                                                  
l.6129 \right]\end{split}
                         
? 
! Extra alignment tab has been changed to \cr.
<template> \endtemplate 
                        
l.6129 \right]\end{split}
                         
? 
! Extra alignment tab has been changed to \cr.
<template> \endtemplate 
                        
l.6129 \right]\end{split}
                         
? 
[99] [100] [101] [102] [103]
Underfull \hbox (badness 10000) in paragraph at lines 6575--6577
[]\TU/FreeSerif(0)/b/n/10 30 columns \TU/FreeSerif(0)/m/n/10 of keypoint coordi
nates: \TU/FreeMono(0)/m/n/10 left_eye_center_x\TU/FreeSerif(0)/m/n/10 , \TU/Fr
eeMono(0)/m/n/10 left_eye_center_y\TU/FreeSerif(0)/m/n/10 ,
 []

[104] [105] [106] [107]
File: 4db5c26022f0cc6fd9047647a3e6d2c1fba2cbb555a021c9d72e10108c03dcd3.png Grap
hic file (type bmp)
<4db5c26022f0cc6fd9047647a3e6d2c1fba2cbb555a021c9d72e10108c03dcd3.png>
 [108] [109] [110] [111] [112] [113]
Overfull \vbox (0.55798pt too high) detected at line 7350
 []

[114] [115]
Underfull \vbox (badness 8056) detected at line 7518
 []

[116] [117]
File: 896322e73b9fb09d1fb112805f4be3e6ffd416b6eb46cc915c21b1f8d2d892ca.png Grap
hic file (type bmp)
<896322e73b9fb09d1fb112805f4be3e6ffd416b6eb46cc915c21b1f8d2d892ca.png>
 [118]
Chapter 6.
[119

]
File: 2b28417cb3777dd44b57925fa60db1cc5b7e324df3b526e7642cc8a76a94c065.png Grap
hic file (type bmp)
<2b28417cb3777dd44b57925fa60db1cc5b7e324df3b526e7642cc8a76a94c065.png>
 [120] [121] [122]
File: 46179c5858e03263e6978f21dcad1199965f6554b3d0abfb06e31966e92726d6.png Grap
hic file (type bmp)
<46179c5858e03263e6978f21dcad1199965f6554b3d0abfb06e31966e92726d6.png>
 [123] [124]
File: 5ae216c4470e2ab3bb3e30f81f0d9b747e4e67dea7bb641e67c5c56baa838322.png Grap
hic file (type bmp)
<5ae216c4470e2ab3bb3e30f81f0d9b747e4e67dea7bb641e67c5c56baa838322.png>
 [125] [126]
File: 611fc69240f893f9a286157acc9f3d6b94c5024bc334e216f09d7a631a418c21.png Grap
hic file (type bmp)
<611fc69240f893f9a286157acc9f3d6b94c5024bc334e216f09d7a631a418c21.png>
 [127] [128]

! Package array Error: Empty preamble: `l' used.

See the array package documentation for explanation.
Type  H <return>  for immediate help.
 ...                                              
                                                  
l.8344 \right]\end{split}
                         
? 
! Extra alignment tab has been changed to \cr.
<template> \endtemplate 
                        
l.8344 \right]\end{split}
                         
? 
! Extra alignment tab has been changed to \cr.
<template> \endtemplate 
                        
l.8344 \right]\end{split}
                         
? 
! Extra alignment tab has been changed to \cr.
<template> \endtemplate 
                        
l.8344 \right]\end{split}
                         
? 
! Extra alignment tab has been changed to \cr.
<template> \endtemplate 
                        
l.8344 \right]\end{split}
                         
? 
! Extra alignment tab has been changed to \cr.
<template> \endtemplate 
                        
l.8344 \right]\end{split}
                         
? 
! Extra alignment tab has been changed to \cr.
<template> \endtemplate 
                        
l.8344 \right]\end{split}
                         
? 
! Extra alignment tab has been changed to \cr.
<template> \endtemplate 
                        
l.8344 \right]\end{split}
                         
? 
! Extra alignment tab has been changed to \cr.
<template> \endtemplate 
                        
l.8344 \right]\end{split}
                         
? 
! Extra alignment tab has been changed to \cr.
<template> \endtemplate 
                        
l.8344 \right]\end{split}
                         
? 
! Extra alignment tab has been changed to \cr.
<template> \endtemplate 
                        
l.8344 \right]\end{split}
                         
? 
! Extra alignment tab has been changed to \cr.
<template> \endtemplate 
                        
l.8344 \right]\end{split}
                         
? 
! Extra alignment tab has been changed to \cr.
<template> \endtemplate 
                        
l.8344 \right]\end{split}
                         
? 
! Extra alignment tab has been changed to \cr.
<template> \endtemplate 
                        
l.8344 \right]\end{split}
                         
? 
! Extra alignment tab has been changed to \cr.
<template> \endtemplate 
                        
l.8344 \right]\end{split}
                         
? 

! Package array Error: Empty preamble: `l' used.

See the array package documentation for explanation.
Type  H <return>  for immediate help.
 ...                                              
                                                  
l.8344 \right]\end{split}
                         
? 
! Extra alignment tab has been changed to \cr.
<template> \endtemplate 
                        
l.8344 \right]\end{split}
                         
? 
! Extra alignment tab has been changed to \cr.
<template> \endtemplate 
                        
l.8344 \right]\end{split}
                         
? 
! Extra alignment tab has been changed to \cr.
<template> \endtemplate 
                        
l.8344 \right]\end{split}
                         
? 
! Extra alignment tab has been changed to \cr.
<template> \endtemplate 
                        
l.8344 \right]\end{split}
                         
? 
! Extra alignment tab has been changed to \cr.
<template> \endtemplate 
                        
l.8344 \right]\end{split}
                         
? 
! Extra alignment tab has been changed to \cr.
<template> \endtemplate 
                        
l.8344 \right]\end{split}
                         
? 
! Extra alignment tab has been changed to \cr.
<template> \endtemplate 
                        
l.8344 \right]\end{split}
                         
? 
! Extra alignment tab has been changed to \cr.
<template> \endtemplate 
                        
l.8344 \right]\end{split}
                         
? 
! Extra alignment tab has been changed to \cr.
<template> \endtemplate 
                        
l.8344 \right]\end{split}
                         
? 
! Extra alignment tab has been changed to \cr.
<template> \endtemplate 
                        
l.8344 \right]\end{split}
                         
? 
! Extra alignment tab has been changed to \cr.
<template> \endtemplate 
                        
l.8344 \right]\end{split}
                         
? 
! Extra alignment tab has been changed to \cr.
<template> \endtemplate 
                        
l.8344 \right]\end{split}
                         
? 
! Extra alignment tab has been changed to \cr.
<template> \endtemplate 
                        
l.8344 \right]\end{split}
                         
? 
! Extra alignment tab has been changed to \cr.
<template> \endtemplate 
                        
l.8344 \right]\end{split}
                         
? 
File: 0522b1508ca0426b2a6aceddaa1031cfef55ed9c166bafc83d59f14d59cabe73.png Grap
hic file (type bmp)
<0522b1508ca0426b2a6aceddaa1031cfef55ed9c166bafc83d59f14d59cabe73.png>
[129] [130] [131]
File: 98907362051b4018520e5dc605409838417a79e58d0703ecc2231fc318feb3de.png Grap
hic file (type bmp)
<98907362051b4018520e5dc605409838417a79e58d0703ecc2231fc318feb3de.png>
 [132]
Overfull \vbox (1.12798pt too high) detected at line 8587
 []

[133]
File: c1d7660fbfad5f63b7764a8b817a8e5b1642a10abe23c746a118c6ce87ea6634.png Grap
hic file (type bmp)
<c1d7660fbfad5f63b7764a8b817a8e5b1642a10abe23c746a118c6ce87ea6634.png>
 [134]
File: 57fc8e3f0df4194548ff60dbb595bbf4789c833bce50aa00d4e97baedba4e676.png Grap
hic file (type bmp)
<57fc8e3f0df4194548ff60dbb595bbf4789c833bce50aa00d4e97baedba4e676.png>
 [135]
File: 46b748cb00647c127ad0cf03914aa08d42f2b82e77666ef497a310bd8a194ba2.png Grap
hic file (type bmp)
<46b748cb00647c127ad0cf03914aa08d42f2b82e77666ef497a310bd8a194ba2.png>
 [136] [137]
File: 5313b7bc7684e9c217e543fd1cbebf5ae4375e0d0953141054c967b428dbde01.png Grap
hic file (type bmp)
<5313b7bc7684e9c217e543fd1cbebf5ae4375e0d0953141054c967b428dbde01.png>
 [138] [139]
Underfull \vbox (badness 10000) detected at line 8939
 []


Underfull \vbox (badness 10000) detected at line 8939
 []

[140]
File: 13c7352b34a516f5e6fd05558c1d7b6097aec09642dc6dc9fc1bf0208461ab6f.png Grap
hic file (type bmp)
<13c7352b34a516f5e6fd05558c1d7b6097aec09642dc6dc9fc1bf0208461ab6f.png>
 [141]
File: a909b253dc3ffbb594ba1979da16e6c99c8c1ded0752ab6f8fa0fc22f3b17ab2.png Grap
hic file (type bmp)
<a909b253dc3ffbb594ba1979da16e6c99c8c1ded0752ab6f8fa0fc22f3b17ab2.png>
 [142] [143] [144

]
Chapter 7.
[145]
File: c5bbed2461626dcc1598b77b3bc805eced1f5f8e33f76f6bf69a0cb9f8576da1.png Grap
hic file (type bmp)
<c5bbed2461626dcc1598b77b3bc805eced1f5f8e33f76f6bf69a0cb9f8576da1.png>
 [146] [147]
File: 45860421de2b1a645864ad49e6e8807dac6bf25662ea66e2ee2407783f6d68e5.png Grap
hic file (type bmp)
<45860421de2b1a645864ad49e6e8807dac6bf25662ea66e2ee2407783f6d68e5.png>
 [148] [149] [150]
File: d43836de913a852e5180d8a560edd8d9a882d5a60848a61e18b5d8a29750e4e9.png Grap
hic file (type bmp)
<d43836de913a852e5180d8a560edd8d9a882d5a60848a61e18b5d8a29750e4e9.png>
 [151] [152]
File: b16bdff47a5296219fa9b4839d2d0742710ff8ecea2431f639f291385b81267d.png Grap
hic file (type bmp)
<b16bdff47a5296219fa9b4839d2d0742710ff8ecea2431f639f291385b81267d.png>
 [153]
File: ea495c0e6279aece620705135e54cb43c4f5d409fe048930c71ae23c8701f840.png Grap
hic file (type bmp)
<ea495c0e6279aece620705135e54cb43c4f5d409fe048930c71ae23c8701f840.png>
 [154]
File: 507eb4a84b1ecec2aa3211541ec86c62d403d8ac8ddf4bdc4a87d57b3f712e73.png Grap
hic file (type bmp)
<507eb4a84b1ecec2aa3211541ec86c62d403d8ac8ddf4bdc4a87d57b3f712e73.png>
File: e02f4188168cdfd22d35377f61d97c8d6b17278b5fe6384874f2b3db9de5223d.png Grap
hic file (type bmp)
<e02f4188168cdfd22d35377f61d97c8d6b17278b5fe6384874f2b3db9de5223d.png>
 [155]
File: 212710ea9992795086741ad1ec8e94693a454c738386e207b28dbd9d0ea7c486.png Grap
hic file (type bmp)
<212710ea9992795086741ad1ec8e94693a454c738386e207b28dbd9d0ea7c486.png>
File: 784fbea7027fc434e8d91c77f7e8c7169fd39a98f37f9eb04abe20f396a42b8b.png Grap
hic file (type bmp)
<784fbea7027fc434e8d91c77f7e8c7169fd39a98f37f9eb04abe20f396a42b8b.png>
 [156]
File: 5aa3f43d3e2ef9a313629d100891fca716c527fd98a55d95462dffbfa74a92be.png Grap
hic file (type bmp)
<5aa3f43d3e2ef9a313629d100891fca716c527fd98a55d95462dffbfa74a92be.png>

[157]
File: 8411f71039d80fd8d4446f4a9905f546c7a8c0715aae4764fcd2e126c8201aa4.png Grap
hic file (type bmp)
<8411f71039d80fd8d4446f4a9905f546c7a8c0715aae4764fcd2e126c8201aa4.png>
 [158]
File: 7e511747db9de6f772846e3d313aadd777db47996ec4dfd12b775ce0389bc5ba.png Grap
hic file (type bmp)
<7e511747db9de6f772846e3d313aadd777db47996ec4dfd12b775ce0389bc5ba.png>
File: aac973f6abfbf98b2348092959fc9b1fa474a13a3056789bac5689fb39d3d1ad.png Grap
hic file (type bmp)
<aac973f6abfbf98b2348092959fc9b1fa474a13a3056789bac5689fb39d3d1ad.png>
 [159]
File: 8906d62e6059a2959aabdc64a4c7b9bcc6d73b93b1965612379ac961138acfcb.png Grap
hic file (type bmp)
<8906d62e6059a2959aabdc64a4c7b9bcc6d73b93b1965612379ac961138acfcb.png>
 [160]
File: f1e29db2576a39d7b38af4106a84734638799a754689d78405ec5861de3b8720.png Grap
hic file (type bmp)
<f1e29db2576a39d7b38af4106a84734638799a754689d78405ec5861de3b8720.png>
File: 990348dfda53dd87756fd5c1051405bead9b6690f5e07307cc7c68055fbf551a.png Grap
hic file (type bmp)
<990348dfda53dd87756fd5c1051405bead9b6690f5e07307cc7c68055fbf551a.png>
 [161] [162]
Underfull \vbox (badness 10000) detected at line 10181
 []

[163]
File: 1b1179e048990209509a1fa302a3d6e4ace994433a6dec6c8ee5866652f79b4d.png Grap
hic file (type bmp)
<1b1179e048990209509a1fa302a3d6e4ace994433a6dec6c8ee5866652f79b4d.png>
 [164] [165] [166]
Chapter 8.
[167

] [168] [169] [170

]
Chapter 9.
[171] [172

] (./sfml_practical_handbook.ind) [173

]
(./sfml_practical_handbook.aux)
 ***********
LaTeX2e <2023-11-01> patch level 1
L3 programming layer <2024-02-20>
 ***********
Package rerunfilecheck Info: File `sfml_practical_handbook.out' has not changed
.
(rerunfilecheck)             Checksum: 7A46FC6FD609657D50D37CCD96974773;20259.
 ) 
Here is how much of TeX's memory you used:
 46906 strings out of 474773
 1093474 string characters out of 5757724
 2305839 words of memory out of 5000000
 68159 multiletter control sequences out of 15000+600000
 565086 words of font info for 135 fonts, out of 8000000 for 9000
 1349 hyphenation exceptions out of 8191
 99i,27n,114p,1225b,2311s stack positions out of 10000i,1000n,20000p,200000b,200000s

Output written on sfml_practical_handbook.pdf (179 pages).
